farm_id,region,crop_type,soil_moisture,soil_pH,temperature,rainfall,humidity,sunlight_hours,irrigation_amount,fertilizer_type,pesticide_usage_ml,sowing_date,harvest_date,total_days,yield_kg_per_hectare,sensor_id,timestamp,latitude,longitude,NDVI_index,crop_disease_status,day_of_week,month,season,soil_moisture_lag_1,soil_moisture_lag_3,soil_moisture_lag_7,soil_moisture_roll_mean_7,soil_moisture_roll_std_7,soil_moisture_roll_mean_14,soil_moisture_roll_std_14,temperature_lag_1,temperature_lag_3,temperature_lag_7,temperature_roll_mean_7,temperature_roll_std_7,temperature_roll_mean_14,temperature_roll_std_14,humidity_lag_1,humidity_lag_3,humidity_lag_7,humidity_roll_mean_7,humidity_roll_std_7,humidity_roll_mean_14,humidity_roll_std_14,rainfall_lag_1,rainfall_lag_3,rainfall_lag_7,rainfall_roll_mean_7,rainfall_roll_std_7,rainfall_roll_mean_14,rainfall_roll_std_14,crop_type_encoded
FARM0273,North India,Cotton,0.13009764503159105,0.8442211055276383,0.472782258064516,0.6520358535310906,0.18022905364677522,0.38564273789649417,0.0,Organic,0.16306527066161727,2024-01-02,2024-04-27,0.43333333333333335,0.7634732422076468,SENS0273,2024-01-03,0.9261067094233771,0.9505334500307439,0.21666666666666662,Mild,0.3333333333333333,0.0,0.0,0.13009764503159105,0.13009764503159105,0.13009764503159105,0.06315699023286458,0.0,0.07137539248373426,0.0,0.472782258064516,0.472782258064516,0.472782258064516,0.5244412573204253,0.0,0.466567361800728,0.0,0.18022905364677522,0.18022905364677522,0.18022905364677522,0.0,0.0,0.0,0.0,0.6520358535310906,0.6520358535310906,0.6520358535310906,0.7003957302298605,0.0,0.8258399344441412,0.0,0.0
FARM0439,South India,Rice,0.039632395175186685,0.512562814070352,0.8220766129032255,0.3235660597290888,0.6250753465943341,0.6243739565943238,0.0,Inorganic,0.12007128536422365,2024-01-04,2024-04-25,0.3666666666666667,0.319495915445829,SENS0439,2024-01-05,0.4023352735493142,0.31568300029841945,0.38333333333333336,Severe,0.6666666666666666,0.0,0.0,0.13009764503159105,0.13009764503159105,0.13009764503159105,0.0,0.12173009668033544,0.0,0.12173009668033544,0.472782258064516,0.472782258064516,0.472782258064516,0.8143301063702642,0.626178541313615,0.8680072823568352,0.6702568951674848,0.18022905364677522,0.18022905364677522,0.18022905364677522,0.3905155470442978,0.7155316641929197,0.4370435125912975,0.7989716545468306,0.6520358535310906,0.6520358535310906,0.6520358535310906,0.43281473650728297,0.5234253290934086,0.379404534280251,0.5839040026410823,0.5
FARM0398,Central USA,Maize,0.9916714531878231,0.30150753768844263,0.4899193548387095,0.7943647252703085,0.1382358850713281,0.5893155258764609,0.0,Inorganic,0.8901759857429272,2024-01-06,2024-05-27,0.8666666666666667,0.7384350635137481,SENS0398,2024-01-06,0.12226927919476294,0.3481373811579078,0.8666666666666665,Severe,0.8333333333333333,0.0,0.0,0.039632395175186685,0.13009764503159105,0.13009764503159105,0.42204909346088837,1.0,0.476968892629398,1.0,0.8220766129032255,0.472782258064516,0.472782258064516,0.7271821839767338,0.49920348177586804,0.7473242855566586,0.534343727349662,0.6250753465943341,0.18022905364677522,0.18022905364677522,0.23576744107913794,0.6136660586817593,0.2638579472284106,0.6852272384021343,0.3235660597290888,0.6520358535310906,0.6520358535310906,0.5993052112276371,0.5441384022281706,0.6571792770645548,0.607010347783632,0.25
FARM0341,South USA,Cotton,0.33744974152785767,0.9095477386934676,0.10332661290322587,0.15462840146308138,0.21760096443640753,0.1869782971619366,0.0,Inorganic,0.46045889953218977,2024-01-04,2024-05-25,0.8666666666666667,0.12613938556832782,SENS0341,2024-01-08,0.4797843945267397,0.3110096796095312,0.36666666666666664,Severe,0.0,0.0,0.0,0.9916714531878231,0.13009764503159105,0.13009764503159105,0.4047059834445622,0.8178639607542721,0.4573689832648171,0.8178639607542721,0.4899193548387095,0.472782258064516,0.472782258064516,0.5231863272379584,0.744627844412759,0.4648295266468052,0.797044156135315,0.1382358850713281,0.18022905364677522,0.18022905364677522,0.19322935040064526,0.5130371291644794,0.21625165674966862,0.5728637102242669,0.7943647252703085,0.6520358535310906,0.6520358535310906,0.42197659297789336,0.6618470173217779,0.3613220431576072,0.7383194909952141,0.0
FARM0246,Central USA,Cotton,0.5379092475588744,0.8040201005025129,0.44556451612903225,0.3668957755536798,0.2563793449869399,0.3021702838063439,0.0,Mixed,0.8162174203608822,2024-01-12,2024-04-29,0.30000000000000004,0.46625305366653835,SENS0246,2024-01-13,0.6882254790832377,0.4916218202793128,0.75,Moderate,0.8333333333333333,0.0,0.0,0.33744974152785767,0.039632395175186685,0.13009764503159105,0.4502792656030705,0.721779239857043,0.5088725601268895,0.721779239857043,0.10332661290322587,0.8220766129032255,0.472782258064516,0.5144018166606905,0.6455641770962043,0.4526646805693475,0.6910071368209725,0.21760096443640753,0.6250753465943341,0.18022905364677522,0.1813233886005139,0.445640052477093,0.20292715941456807,0.4976072868299524,0.15462840146308138,0.3235660597290888,0.6520358535310906,0.384747078799899,0.5846282536223274,0.29920786670308663,0.6521785599072981,0.0
FARM0099,East Africa,Soybean,0.22400919012062037,0.045226130653266416,0.484375,0.5261063547570242,0.7199115933293149,0.7746243739565943,0.0,Organic,0.8224548897304522,2024-01-02,2024-05-07,0.6000000000000001,0.9483059226664451,SENS0099,2024-01-16,0.1907879270159355,0.4406570638317473,0.4166666666666667,Severe,0.16666666666666666,0.0,0.0,0.5379092475588744,0.9916714531878231,0.13009764503159105,0.4076132099790909,0.6611053026348129,0.46065451720454464,0.6611053026348129,0.44556451612903225,0.4899193548387095,0.472782258064516,0.5192821003147285,0.5776987704497101,0.45942292839015764,0.6183645057708353,0.2563793449869399,0.1382358850713281,0.18022905364677522,0.30902585294562335,0.5684402690802551,0.34584473083105394,0.6347275529872926,0.3668957755536798,0.7943647252703085,0.6520358535310906,0.4031599167999802,0.5266156623844339,0.32992807065464813,0.5874629599074709,0.75
FARM0013,South USA,Maize,0.9267662263067203,0.78391959798995,0.287298387096774,0.6993046344306445,0.7293550331525015,0.7829716193656093,0.0,Organic,0.18935174871909113,2024-01-02,2024-05-08,0.6166666666666667,0.7344876255745673,SENS0013,2024-01-17,0.7484858244017526,0.056243278048936585,0.5833333333333333,Mild,0.3333333333333333,0.0,0.0,0.22400919012062037,0.33744974152785767,0.13009764503159105,0.5173144673903706,0.7215896527763583,0.5846308225164276,0.7215896527763583,0.484375,0.10332661290322587,0.472782258064516,0.4760368112824189,0.555566310135679,0.3995365772922872,0.5946740833852647,0.7199115933293149,0.21760096443640753,0.18022905364677522,0.40261049236506596,0.6100659315241029,0.4505795098840979,0.6812072911437888,0.5261063547570242,0.15462840146308138,0.6520358535310906,0.4566240375709838,0.5190232515153171,0.41912826315994867,0.5789932912656199,0.25
FARM0049,East Africa,Wheat,0.616025272831706,0.23115577889447225,0.6900201612903225,0.28807427951284226,0.22382961623467945,0.08848080133555924,0.0,Mixed,0.7046112719982179,2024-01-15,2024-04-24,0.16666666666666674,0.6924847725505884,SENS0049,2024-01-18,0.04586290553241812,0.7962619442936769,0.3,Moderate,0.5,0.0,0.0,0.9267662263067203,0.5379092475588744,0.13009764503159105,0.6142411136252971,0.6723527674109524,0.6163208493833554,0.6767506535725449,0.287298387096774,0.44556451612903225,0.472782258064516,0.527548703238915,0.6046152462453037,0.47033267130089396,0.5991709663043934,0.7293550331525015,0.2563793449869399,0.18022905364677522,0.4135463387592606,0.5969427165924063,0.4049660190067961,0.6523536173613231,0.6993046344306445,0.3668957755536798,0.6520358535310906,0.37191157347204173,0.5227859850679321,0.3462988254575252,0.5688911711530654,1.0
FARM0149,South India,Soybean,0.6053991958644458,0.18592964824120584,0.3951612903225805,0.6486193174966841,0.7828008840667068,0.7929883138564273,0.0,Inorganic,0.3856092670973491,2024-01-16,2024-05-25,0.6666666666666665,0.5917785610594933,SENS0149,2024-01-19,0.9876100239545625,0.9342368870632112,0.13333333333333336,Severe,0.6666666666666666,0.0,0.0,0.616025272831706,0.22400919012062037,0.039632395175186685,0.727093059891731,0.5350945653212433,0.6391055866665227,0.6383867738092663,0.6900201612903225,0.484375,0.8220766129032255,0.4263176765865899,0.4638260098156517,0.4500901099709438,0.5650401524379804,0.22382961623467945,0.7199115933293149,0.6250753465943341,0.45310688907927266,0.6570173872254712,0.4915259016948199,0.6964573205564039,0.28807427951284226,0.5261063547570242,0.3235660597290888,0.4475680833746529,0.5293001559945986,0.39854927311906296,0.5515423038817248,0.75
FARM0497,North India,Soybean,0.6909821941412981,0.6231155778894473,0.123991935483871,0.8282487238233052,0.0986538075145671,0.2954924874791319,0.0,Organic,0.0,2024-01-01,2024-04-14,0.2333333333333334,0.4239231344015819,SENS0497,2024-01-19,0.3534613125332102,0.2862476141454886,0.9166666666666665,Severe,0.6666666666666666,0.0,0.0,0.6053991958644458,0.9267662263067203,0.9916714531878231,0.6671154011399764,0.4392866046199531,0.6708380539280743,0.6139220459620693,0.3951612903225805,0.287298387096774,0.4899193548387095,0.3395482251703117,0.5275453033836096,0.37156570671962896,0.6080632500666019,0.7828008840667068,0.7293550331525015,0.1382358850713281,0.44317895479514235,0.6732876250540246,0.42634443473111316,0.7086280263249536,0.6486193174966841,0.6993046344306445,0.7943647252703085,0.45545462199811015,0.5459461863195363,0.4891778202676864,0.5836541497625676,0.75
FARM0319,South USA,Rice,0.15594485927627805,0.9246231155778895,0.05443548387096764,0.36528799389042976,0.20594735784609208,0.25041736227045075,0.0,Organic,0.10358654488750277,2024-01-18,2024-04-28,0.18333333333333335,0.15312235044896128,SENS0319,2024-01-21,0.48533259495586556,0.11522605783731965,0.8999999999999999,Severe,1.0,0.0,0.0,0.6909821941412981,0.616025272831706,0.33744974152785767,0.6309111219316587,0.5092692261756806,0.6200492609387827,0.6168279558586969,0.123991935483871,0.6900201612903225,0.10332661290322587,0.32795506155133247,0.5545548063860178,0.29278384640847355,0.6541615267843872,0.0986538075145671,0.22382961623467945,0.21760096443640753,0.44025600967595646,0.6765642284990087,0.3921798852003864,0.6880357985975614,0.8282487238233052,0.28807427951284226,0.15462840146308138,0.5044858781375423,0.45440259137188593,0.44892354299620063,0.5673031172973783,0.5
FARM0324,South USA,Cotton,0.23721998851234938,0.5577889447236184,0.012600806451612878,0.7346758310221473,0.9497689371107093,0.13188647746243742,0.0,Organic,0.6480285141456895,2024-01-01,2024-04-30,0.5,0.6673610534552034,SENS0324,2024-01-21,0.7037741247168229,0.8581275773737871,0.75,,1.0,0.0,0.0,0.15594485927627805,0.6053991958644458,0.5379092475588744,0.5709334631799045,0.5528985686454924,0.5884126932746359,0.6027896471022269,0.05443548387096764,0.3951612903225805,0.44556451612903225,0.22528982909047457,0.6285675955338964,0.2191189451616462,0.6926679477280933,0.20594735784609208,0.7828008840667068,0.2563793449869399,0.6141712442675,0.7773821254516808,0.48550520289895926,0.7778209944694547,0.36528799389042976,0.6486193174966841,0.3668957755536798,0.5900870980718678,0.44939081139581144,0.4990530820358736,0.5642414765451443,0.0
FARM0491,East Africa,Soybean,0.25560022975301555,0.8492462311557789,0.298891129032258,0.2691426504280719,0.11512959614225438,0.22203672787979967,0.0,Inorganic,0.03809311650701716,2024-01-09,2024-06-06,0.9833333333333334,0.12789044790463755,SENS0491,2024-01-22,0.642827395832566,0.2483561888014547,0.8166666666666667,,0.0,0.0,0.0,0.23721998851234938,0.6909821941412981,0.22400919012062037,0.5772348408902127,0.543991236333472,0.5638743155656372,0.5869071335532158,0.012600806451612878,0.123991935483871,0.484375,0.18130751762877972,0.5919952456705527,0.2074071244875615,0.665050314452934,0.9497689371107093,0.0986538075145671,0.7199115933293149,0.4624804717028679,0.8225768724771083,0.4383190200285041,0.776502534446278,0.7346758310221473,0.8282487238233052,0.5261063547570242,0.5302785080128356,0.5245825671598371,0.4441283382009962,0.5704224390189696,0.75
FARM0170,South USA,Rice,0.8845491097070651,0.4924623115577891,0.38155241935483875,0.5480123799188071,0.0972473377536669,0.4791318864774625,0.0,Organic,0.45132546224103365,2024-01-10,2024-04-10,0.016666666666666607,0.31481635230569116,SENS0170,2024-01-23,0.07409799654790383,0.16934224519674634,0.38333333333333336,,0.16666666666666666,0.0,0.0,0.25560022975301555,0.15594485927627805,0.9267662263067203,0.568813908859164,0.5244164914707695,0.6137312659825849,0.6071033393049022,0.298891129032258,0.05443548387096764,0.287298387096774,0.20365722481176052,0.6024160695271782,0.210940086064217,0.6391502418733073,0.11512959614225438,0.20594735784609208,0.7293550331525015,0.3039358967898005,0.8127020393348182,0.39536392092721595,0.7744293697294663,0.2691426504280719,0.36528799389042976,0.6993046344306445,0.4950650662824747,0.5029359477324914,0.4511960042143053,0.5485896012610485,0.5
FARM0128,South USA,Wheat,0.2886272257323378,0.3869346733668344,0.08518145161290325,0.9048193255355923,0.904761904761905,0.9782971619365608,0.0,Mixed,0.3804856315437737,2024-01-09,2024-04-27,0.31666666666666665,0.2641864982023936,SENS0128,2024-01-27,0.06315481488622782,0.434285805843015,0.4166666666666667,Severe,0.8333333333333333,0.0,0.0,0.8845491097070651,0.23721998851234938,0.616025272831706,0.5035087216796036,0.5306099336465946,0.6315993914479008,0.587127685933057,0.38155241935483875,0.012600806451612878,0.6900201612903225,0.06023664395840789,0.4084895071884401,0.1473022178086727,0.662345959466217,0.0972473377536669,0.9497689371107093,0.22382961623467945,0.4747266038401452,0.9225649391517368,0.4970531005893797,0.8348379248620771,0.5480123799188071,0.7346758310221473,0.28807427951284226,0.638613166683818,0.5296153396962154,0.5002770515471966,0.603052410032821,1.0
FARM0120,South USA,Rice,0.732050545663412,0.3467336683417086,0.1411290322580645,0.5485349089593634,0.18022905364677522,0.8898163606010017,0.0,Mixed,0.032746714190242804,2024-01-27,2024-06-07,0.7000000000000002,0.042895995451263325,SENS0120,2024-01-28,0.4125973564463844,0.8427285263079889,0.23333333333333334,Mild,1.0,0.0,0.0,0.2886272257323378,0.25560022975301555,0.6053991958644458,0.5287715177727493,0.5606196357418943,0.7096429611886186,0.5448657934982895,0.08518145161290325,0.298891129032258,0.3951612903225805,0.0,0.3408112384020751,0.03550148957298882,0.5531523298208656,0.904761904761905,0.11512959614225438,0.7828008840667068,0.32359018293604813,0.8799304217807447,0.4346183130763377,0.8387039341517366,0.9048193255355923,0.2691426504280719,0.6486193174966841,0.6153184084721819,0.530955551117251,0.5439575447769933,0.5838390516764638,0.5
FARM0162,North India,Cotton,0.04623779437105113,0.9246231155778895,0.436491935483871,0.7272800353711968,0.4938718103275067,0.3823038397328882,0.0,Organic,0.35375361995990195,2024-01-09,2024-04-25,0.2833333333333332,0.4429206512140448,SENS0162,2024-01-28,0.03451107261925318,0.6190458785051782,0.25000000000000006,Moderate,1.0,0.0,0.0,0.732050545663412,0.8845491097070651,0.6909821941412981,0.40016612723054457,0.593595143902808,0.6030816042469165,0.536029053545777,0.1411290322580645,0.38155241935483875,0.123991935483871,0.07410063344089868,0.42876378632846784,0.026729559748427167,0.5432217582184469,0.18022905364677522,0.0972473377536669,0.0986538075145671,0.4227183389608429,0.8417210395780347,0.4845323030935398,0.8178068089645936,0.5485349089593634,0.5480123799188071,0.8282487238233052,0.5918178331197199,0.500264803884145,0.5309322199242985,0.5717095543756935,0.0
FARM0104,South USA,Cotton,0.6493394600804138,0.7537688442211055,0.28931451612903225,0.2861047469753608,0.05485232067510559,0.7679465776293821,0.0,Mixed,0.7393628870572512,2024-01-06,2024-05-01,0.43333333333333335,0.8819265711130063,SENS0104,2024-01-28,0.9346019471769714,0.03538855631017235,0.8333333333333333,Severe,1.0,0.0,0.0,0.04623779437105113,0.2886272257323378,0.15594485927627805,0.49858219001518067,0.591554012946188,0.6382351989123749,0.5384871475919137,0.436491935483871,0.08518145161290325,0.05443548387096764,0.1297956256722841,0.4006284298757926,0.05726580602449527,0.5251248856189743,0.4938718103275067,0.904761904761905,0.20594735784609208,0.3848208436224365,0.8839764074284394,0.4616903076619385,0.8454650918832747,0.7272800353711968,0.9048193255355923,0.36528799389042976,0.5733878436912367,0.5332153260322686,0.5564599836110353,0.533795284803743,0.0
FARM0039,East Africa,Cotton,0.30241240666283753,0.6180904522613067,0.614415322580645,0.7429961011294668,0.9473578460920232,0.20701168614357268,0.0,Inorganic,0.6609489864112275,2024-01-08,2024-04-18,0.18333333333333335,0.5495744365026053,SENS0039,2024-01-28,0.002508278721052526,0.45013554057004157,0.5999999999999999,Moderate,1.0,0.0,0.0,0.6493394600804138,0.732050545663412,0.23721998851234938,0.511585942199181,0.5796759477369062,0.6116919690544784,0.545839094595642,0.28931451612903225,0.1411290322580645,0.012600806451612878,0.27249910362137,0.4541742951512807,0.08498841443230676,0.5653415612687237,0.05485232067510559,0.18022905364677522,0.9497689371107093,0.3842160963563981,0.8826832896668234,0.5586700882659823,0.9087982669403858,0.2861047469753608,0.5485349089593634,0.7346758310221473,0.575324395879915,0.5353791396221672,0.6294845280368364,0.5298682339995806,0.0
FARM0328,East Africa,Soybean,0.8291211947156808,0.46733668341708556,0.536290322580645,0.8286908637806987,0.8989351014667469,0.4507512520868113,0.0,Mixed,0.9465359768322568,2024-01-07,2024-06-02,0.9500000000000002,0.8836726016609934,SENS0328,2024-01-29,0.08007342510523963,0.8982076799980772,0.28333333333333327,,0.0,0.0,0.0,0.30241240666283753,0.04623779437105113,0.25560022975301555,0.6259845902672355,0.6088781657271375,0.6798951218722686,0.5557672990840611,0.614415322580645,0.436491935483871,0.298891129032258,0.32879168160631056,0.49676960013886384,0.09351208209202211,0.5757385522729082,0.9473578460920232,0.4938718103275067,0.11512959614225438,0.5808093534243819,0.9216321818663751,0.5837962832407437,0.9413072948192774,0.7429961011294668,0.7272800353711968,0.2691426504280719,0.7055598693996687,0.4730837431887237,0.6882350645803259,0.5534393829851199,0.75
FARM0110,North India,Cotton,0.1280873061458932,0.4120603015075379,0.5685483870967742,0.5608344386832269,0.6712879244524815,0.3071786310517529,0.0,Inorganic,0.25395411004678103,2024-01-24,2024-05-06,0.21666666666666656,0.5760617702334497,SENS0110,2024-01-29,0.42391279629718004,0.700368568206899,0.5333333333333332,,0.0,0.0,0.0,0.8291211947156808,0.6493394600804138,0.8845491097070651,0.4750952367313036,0.588160000624411,0.5898747289029875,0.5394277604661079,0.536290322580645,0.28931451612903225,0.38155241935483875,0.3731325445201388,0.5381091903438842,0.1396888447533926,0.6047279048372054,0.8989351014667469,0.05485232067510559,0.0972473377536669,0.7247895983470245,0.8266143161290842,0.575646484870703,0.934391877831732,0.8286908637806987,0.2861047469753608,0.5480123799188071,0.7085442179416415,0.4707448840050812,0.6613493580988805,0.5493370367982926,0.0
FARM0078,East Africa,Wheat,0.7105112004595061,0.512562814070352,0.1255040322580644,0.08360464648900678,0.15651999196303001,0.44908180300500833,0.0,Inorganic,0.09088883938516376,2024-01-27,2024-05-24,0.46666666666666656,0.884326734142948,SENS0078,2024-01-30,0.41510431396715297,0.39600968962361094,0.36666666666666664,Severe,0.16666666666666666,0.0,0.0,0.1280873061458932,0.30241240666283753,0.2886272257323378,0.5592472717898777,0.6070395086230392,0.6005243906386559,0.5491574613645879,0.5685483870967742,0.614415322580645,0.08518145161290325,0.3826939165770289,0.5152128965044034,0.047004303210857135,0.5508474629230382,0.6712879244524815,0.9473578460920232,0.904761904761905,0.5371163634531075,0.833576084191579,0.5661994867601026,0.9443705178753542,0.5608344386832269,0.7429961011294668,0.9048193255355923,0.517405581386646,0.6053230517078823,0.6216490420259879,0.6172302454690641,1.0
FARM0349,South USA,Soybean,0.27570361860999437,0.7688442211055277,0.1088709677419355,0.251215884882833,0.4948764315852924,0.6277128547579298,0.0,Organic,0.09868567609712633,2024-01-27,2024-04-30,0.06666666666666665,0.4953745285843315,SENS0349,2024-01-30,0.9727865971677953,0.38216928000769057,0.6833333333333331,Mild,0.16666666666666666,0.0,0.0,0.7105112004595061,0.8291211947156808,0.732050545663412,0.46822100650187615,0.5834037205864495,0.5633638688376008,0.5513452987526718,0.1255040322580644,0.536290322580645,0.1411290322580645,0.37504481893151653,0.5323713969415359,0.0,0.559033173274447,0.15651999196303001,0.8989351014667469,0.18022905364677522,0.6160358816711182,0.7758902326966581,0.5257888948422211,0.9166152320935435,0.08360464648900678,0.8286908637806987,0.5485349089593634,0.44820424544629556,0.6527746588472423,0.5444882350645803,0.6515844375330212,0.75
FARM0262,East Africa,Maize,0.03302699597932229,0.8090452261306535,0.38457661290322576,0.7832308372523014,0.9214386176411494,0.333889816360601,0.0,Inorganic,0.9313878369347295,2024-01-28,2024-06-15,0.8166666666666664,0.22223144716748056,SENS0262,2024-01-30,0.6342936430888734,0.6320812562462828,0.04999999999999999,,0.16666666666666666,0.0,0.0,0.27570361860999437,0.1280873061458932,0.04623779437105113,0.4655858849139288,0.5885691728702487,0.48920467419803826,0.569779749585652,0.1088709677419355,0.5685483870967742,0.436491935483871,0.36273455240827057,0.5290740733756363,0.0427838464084731,0.5524394493614245,0.4948764315852924,0.6712879244524815,0.4938718103275067,0.7232777301819284,0.8424301180147129,0.6412678717464257,0.9311316167180919,0.251215884882833,0.5608344386832269,0.7272800353711968,0.4612268572658129,0.6709503354839809,0.5357474538572602,0.6428323844136604,0.25
FARM0116,North India,Soybean,0.4101091326823666,0.4120603015075379,0.534274193548387,0.389605691547088,0.251557162949568,0.3288814691151921,0.0,Inorganic,0.8480730674983292,2024-01-18,2024-06-02,0.7666666666666666,0.8287531480125695,SENS0116,2024-01-31,0.26853583943941395,0.6736179568473273,0.5999999999999999,,0.3333333333333333,0.0,0.0,0.03302699597932229,0.7105112004595061,0.6493394600804138,0.4178672700713201,0.5561537337954587,0.5178519405690609,0.5545485466964968,0.38457661290322576,0.1255040322580644,0.28931451612903225,0.42081988765387823,0.5383847550186397,0.12156570671962896,0.5469025166535082,0.9214386176411494,0.15651999196303001,0.05485232067510559,0.7726150279695616,0.7456436222617328,0.647669270466146,0.924313009308719,0.7832308372523014,0.08360464648900678,0.2861047469753608,0.4853168180670031,0.647727344951372,0.5404690365629998,0.6397216088827062,0.75
FARM0461,South USA,Wheat,0.5364732912119472,0.4572864321608039,0.14566532258064513,0.9467824269464209,0.8364476592324693,0.4991652754590985,0.0,Organic,0.6019157941635108,2024-01-24,2024-06-04,0.7000000000000002,0.848598521157412,SENS0461,2024-02-01,0.5992550111925683,0.30832390340819193,0.9833333333333332,,0.5,0.14285714285714285,0.0,0.4101091326823666,0.27570361860999437,0.30241240666283753,0.46455475037951466,0.560854675820057,0.5515812643640952,0.5489761918748634,0.534274193548387,0.1088709677419355,0.614415322580645,0.3096689374925303,0.5354216282177982,0.1434127772260836,0.5115350778523744,0.251557162949568,0.4948764315852924,0.9473578460920232,0.7447966537317952,0.7088776071403449,0.6317644736471055,0.9004389655900947,0.389605691547088,0.251215884882833,0.7429961011294668,0.532748313702744,0.7256739727314325,0.5816521637335621,0.6842862889139742,1.0
FARM0401,East Africa,Soybean,0.5752441125789778,0.050251256281407475,0.5745967741935483,0.18963784718035293,0.473377536668676,0.8964941569282139,0.0,Mixed,0.9374025395411005,2024-01-01,2024-04-17,0.2833333333333332,0.7858319936196924,SENS0401,2024-02-01,0.8302751283486022,0.8390961692139149,0.5833333333333333,,0.5,0.14285714285714285,0.0,0.5364732912119472,0.03302699597932229,0.8291211947156808,0.41391458768939937,0.4709374059841721,0.5876088434273135,0.5440213005861482,0.14566532258064513,0.38457661290322576,0.536290322580645,0.31875224094657595,0.5512307800358892,0.18867924528301883,0.5396761321356303,0.8364476592324693,0.9214386176411494,0.8989351014667469,0.6380587612760171,0.6482382699580412,0.6820450635909876,0.855837533822971,0.9467824269464209,0.7832308372523014,0.8286908637806987,0.3840080081578432,0.7214327640356817,0.5662153197799198,0.7026777754980286,0.75
FARM0179,South India,Cotton,0.7400919012062034,0.7587939698492461,0.873991935483871,0.8243096587483421,0.5129596142254372,0.1569282136894825,0.0,Mixed,0.5070171530407663,2024-01-25,2024-06-17,0.8999999999999999,0.5216907815122035,SENS0179,2024-02-01,0.173725466111453,0.8754103269196496,0.2,,0.5,0.14285714285714285,0.0,0.5752441125789778,0.4101091326823666,0.1280873061458932,0.5359894595136482,0.47799611795496133,0.5713268377949698,0.5166893024805584,0.5745967741935483,0.534274193548387,0.5685483870967742,0.3911796342775189,0.7302649141904362,0.2695299569678915,0.659817600477047,0.473377536668676,0.251557162949568,0.6712879244524815,0.5983470241394955,0.635519486034664,0.7403908519218301,0.7966379748161891,0.18963784718035293,0.389605691547088,0.5608344386832269,0.44533216079931903,0.7853453291649972,0.6198618644398486,0.7252114727554382,0.0
FARM0012,South USA,Rice,0.8744974152785757,0.07035175879396993,0.814516129032258,0.8594396880903576,0.09383162547719515,0.651085141903172,0.0,Organic,0.9276008019603474,2024-01-06,2024-05-01,0.43333333333333335,0.4828000895658321,SENS0012,2024-02-02,0.8652667575438936,0.9027110116824253,0.16666666666666669,,0.6666666666666666,0.14285714285714285,0.0,0.7400919012062034,0.5364732912119472,0.7105112004595061,0.5686993383553406,0.5387488647811742,0.6373612145146148,0.5514362122366059,0.873991935483871,0.14566532258064513,0.1255040322580644,0.5545595792996298,0.7583273839374355,0.3892750744786495,0.6824354779189107,0.5129596142254372,0.8364476592324693,0.15651999196303001,0.5826235952224967,0.6679841324724233,0.6265756746848652,0.8110445699741832,0.8243096587483421,0.9467824269464209,0.08360464648900678,0.6259086359001227,0.7158991984131313,0.6110508448121121,0.7157961774514047,0.5
FARM0257,South USA,Wheat,0.4658242389431362,0.6381909547738696,0.3639112903225805,0.7464126371638733,0.8898935101466746,0.8213689482470785,0.0,Mixed,0.2653152149699265,2024-01-24,2024-04-27,0.06666666666666665,0.8338352542185256,SENS0257,2024-02-02,0.9452925393661636,0.9609367771086146,0.10000000000000003,Mild,0.6666666666666666,0.14285714285714285,0.0,0.8744974152785757,0.5752441125789778,0.27570361860999437,0.6066221751210151,0.5091888992349242,0.6073544168581879,0.535100886212525,0.814516129032258,0.5745967741935483,0.1088709677419355,0.6150352575594598,0.6527028618421344,0.42585236676597127,0.645447299449491,0.09383162547719515,0.473377536668676,0.4948764315852924,0.6817013556417881,0.7415079381072555,0.7261780547643886,0.815637170336564,0.8594396880903576,0.18963784718035293,0.251215884882833,0.7411662347625152,0.6266885340754599,0.6494712607796467,0.7247962157123521,1.0
FARM0067,East Africa,Wheat,0.00315910396323954,0.29648241206030157,0.21270161290322576,0.13722416495839868,0.25215993570423956,0.3272120200333889,0.0,Inorganic,0.7478280240588104,2024-01-05,2024-04-28,0.3999999999999999,0.5300410342337719,SENS0067,2024-02-03,0.5005473772813126,0.833525086271298,0.7999999999999998,,0.8333333333333333,0.14285714285714285,0.0,0.4658242389431362,0.7400919012062034,0.03302699597932229,0.6006645089221782,0.526561933989503,0.6024989479817433,0.544956499050443,0.3639112903225805,0.873991935483871,0.38457661290322576,0.5742799091669655,0.7111439579351163,0.38910956636875227,0.6690713969779718,0.8898935101466746,0.5129596142254372,0.9214386176411494,0.5138335937106289,0.688130779483517,0.6922534615493077,0.8400036900095313,0.7464126371638733,0.8243096587483421,0.7832308372523014,0.5908074580647575,0.7611875649372755,0.5349045928122684,0.7759571624984066,1.0
FARM0357,North India,Soybean,0.8624353819643883,0.5728643216080402,0.21471774193548387,0.9661160014470036,0.7410086397428169,0.4657762938230383,0.0,Mixed,0.727333481844509,2024-01-17,2024-04-28,0.19999999999999996,0.36066349160823497,SENS0357,2024-02-04,0.24042265917740957,0.746482003697198,0.7666666666666666,Severe,1.0,0.14285714285714285,0.0,0.00315910396323954,0.8744974152785757,0.4101091326823666,0.6908887806834131,0.5707979412261857,0.6265173340238888,0.5748113545193528,0.21270161290322576,0.814516129032258,0.534274193548387,0.49850603561611084,0.760228511971277,0.37686196623634594,0.680618472765,0.25215993570423956,0.09383162547719515,0.251557162949568,0.6365972887164244,0.6809981252225097,0.7885564422887117,0.7728150706658696,0.13722416495839868,0.8594396880903576,0.389605691547088,0.7249908785585317,0.7937677811140003,0.6669372146564172,0.7997979654269672,0.75
FARM0015,South India,Maize,0.39316484778862737,0.6683417085427137,0.30241935483870974,0.31701434945134455,0.7506530038175608,0.07178631051752926,0.0,Mixed,0.9997772332368011,2024-01-03,2024-05-06,0.5666666666666664,0.20858272134207856,SENS0015,2024-02-05,0.13240712922876174,0.34849778788977304,0.06666666666666671,Mild,0.0,0.14285714285714285,0.0,0.8624353819643883,0.4658242389431362,0.5364732912119472,0.6623034399793774,0.5864367904932393,0.6367461884569319,0.5687382472763907,0.21471774193548387,0.3639112903225805,0.14566532258064513,0.5356758694872714,0.7041989835623511,0.32563720622310477,0.6712565814007537,0.7410086397428169,0.8898935101466746,0.8364476592324693,0.6150783651665577,0.6524928334994726,0.7609486478102703,0.7373277189924505,0.9661160014470036,0.7464126371638733,0.9467824269464209,0.5784116529923007,0.7871928128909795,0.584227572482148,0.8122234442788072,0.25
FARM0358,South USA,Maize,0.8601378518093051,0.9095477386934676,0.6391129032258063,0.8493910526950443,0.26361261804299796,0.2854757929883138,0.0,Inorganic,0.6874582312319002,2024-01-13,2024-04-27,0.25,0.1083520138474815,SENS0358,2024-02-06,0.027559477233877416,0.7971645133057081,0.3166666666666666,Severe,0.16666666666666666,0.14285714285714285,0.0,0.39316484778862737,0.00315910396323954,0.5752441125789778,0.7191304098759773,0.6256302565421337,0.640242126047972,0.5741079056721952,0.30241935483870974,0.21270161290322576,0.5745967741935483,0.5509740647782957,0.7161396414472709,0.3425190334326387,0.686066716078958,0.7506530038175608,0.25215993570423956,0.473377536668676,0.5624653530212169,0.6920697345838254,0.6717802656439469,0.7215647007912022,0.31701434945134455,0.13722416495839868,0.18963784718035293,0.7319699506974395,0.7089781583597684,0.588246770983728,0.8156254799965812,0.25
FARM0045,South India,Cotton,0.9327972429638142,0.28643216080402034,0.711189516129032,0.4168173961975965,0.48000803697006245,0.47078464106844753,0.0,Mixed,0.14390732902650924,2024-01-20,2024-05-21,0.5333333333333332,0.7451097307238478,SENS0045,2024-02-06,0.8646427106097349,0.2756338912510987,0.7833333333333332,Severe,0.16666666666666666,0.14285714285714285,0.0,0.8601378518093051,0.8624353819643883,0.7400919012062034,0.7575688139088593,0.6657585650956899,0.7309422846599554,0.5784248410933657,0.6391129032258063,0.21471774193548387,0.873991935483871,0.5123700250986016,0.6346846890917911,0.36593843098311796,0.7110472648675318,0.26361261804299796,0.7410086397428169,0.5129596142254372,0.5542004737186919,0.6921416272277727,0.644933871013226,0.7135791126483689,0.8493910526950443,0.9661160014470036,0.8243096587483421,0.6371256700751236,0.7194794732881574,0.560284075389238,0.821668763228878,0.0
FARM0485,South USA,Wheat,0.6151636990235497,0.08542713567839177,0.05141129032258063,0.40857751517343954,0.303194695599759,0.6327212020033388,0.0,Organic,0.33593227890398747,2024-02-02,2024-06-03,0.5333333333333332,0.4238602370475478,SENS0485,2024-02-08,0.3043968184215997,0.26862273356339017,0.28333333333333327,Moderate,0.5,0.14285714285714285,0.0,0.9327972429638142,0.39316484778862737,0.8744974152785757,0.7058402314324176,0.6329967948349948,0.7201955135467579,0.5729735625488378,0.711189516129032,0.30241935483870974,0.814516129032258,0.3314210589219553,0.60573815632384,0.35377358490566024,0.7307208740454848,0.48000803697006245,0.7506530038175608,0.09383162547719515,0.6067126946530264,0.6052069530790809,0.6655198668960267,0.6840126717569288,0.4168173961975965,0.31701434945134455,0.8594396880903576,0.5321869942277648,0.6907892386925875,0.6233815897295825,0.7576751806907444,1.0
FARM0040,North India,Rice,0.28489373923032746,0.2814070351758797,0.866431451612903,0.07082278226616828,0.22985734378139455,0.26377295492487474,0.0,Inorganic,0.11383381599465361,2024-01-21,2024-04-29,0.1499999999999999,0.9082604353000076,SENS0040,2024-02-08,0.07130489907471144,0.1651539564627864,0.3,Moderate,0.5,0.14285714285714285,0.0,0.6151636990235497,0.8601378518093051,0.4658242389431362,0.6697505227279238,0.666951076500591,0.7212313469070661,0.5718048890216275,0.05141129032258063,0.6391129032258063,0.3639112903225805,0.4505796581809487,0.7789593937551581,0.47815292949354493,0.7520707586302632,0.303194695599759,0.26361261804299796,0.8898935101466746,0.4411631305750141,0.5232572865643823,0.6283240743351848,0.7117354366271775,0.40857751517343954,0.8493910526950443,0.7464126371638733,0.3749426986369291,0.7630971947644939,0.5883560307488203,0.8037424347902542,0.5
FARM0161,North India,Rice,0.12693854106835156,0.8241206030150754,0.375,0.6326620844889265,0.6429576049829216,0.5809682804674459,0.0,Organic,0.02071730897750057,2024-01-07,2024-06-02,0.9500000000000002,0.6441670251815846,SENS0161,2024-02-08,0.09189240240974123,0.847465937107573,0.8166666666666667,,0.5,0.14285714285714285,0.0,0.28489373923032746,0.9327972429638142,0.00315910396323954,0.6944404663019504,0.6073488554468605,0.7318162690577152,0.5501056820756001,0.866431451612903,0.711189516129032,0.21270161290322576,0.48906418070993185,0.7456547752228261,0.4765806024495203,0.7527751209552983,0.22985734378139455,0.48000803697006245,0.25215993570423956,0.5391825832787387,0.5155652475590283,0.5892388821522236,0.652545485619393,0.07082278226616828,0.4168173961975965,0.13722416495839868,0.4902564294468199,0.7043857319180787,0.5591212393179068,0.7900878856679966,0.5
FARM0314,East Africa,Rice,0.7403790924755888,0.23115577889447225,0.07258064516129037,0.7383335343060414,0.4864376130198914,0.016694490818030094,0.0,Organic,0.7019380708398308,2024-01-01,2024-04-11,0.18333333333333335,0.6307573093015121,SENS0314,2024-02-09,0.8213156688588451,0.09642677604712269,0.6166666666666667,,0.6666666666666666,0.14285714285714285,0.0,0.12693854106835156,0.6151636990235497,0.8624353819643883,0.6700942342393948,0.579046065928295,0.7690415304437896,0.5525771095509577,0.375,0.05141129032258063,0.21471774193548387,0.4553603442093941,0.8041451673588796,0.4007778881165174,0.8055497722310863,0.6429576049829216,0.303194695599759,0.7410086397428169,0.47533135110618363,0.4498042852648254,0.6222046755590651,0.6308376368159154,0.6326620844889265,0.40857751517343954,0.9661160014470036,0.4372398050350359,0.6024576802599301,0.6268310765989,0.7895726845046692,0.5
FARM0109,East Africa,Cotton,0.5264215967834578,0.35678391959798983,0.9243951612903225,0.11206238192853413,0.8280088406670686,0.9031719532554257,0.0,Mixed,0.536867899309423,2024-01-11,2024-06-03,0.8999999999999999,0.5177232164197315,SENS0109,2024-02-09,0.6807439622748476,0.7169248964043446,0.4833333333333332,Severe,0.6666666666666666,0.14285714285714285,0.0,0.7403790924755888,0.28489373923032746,0.39316484778862737,0.6966745911265143,0.5629169220500432,0.7679085877059526,0.5527818975764677,0.07258064516129037,0.866431451612903,0.30241935483870974,0.6028445081869251,0.9112092547724508,0.5286329030122472,0.8393716857216103,0.4864376130198914,0.22985734378139455,0.7506530038175608,0.49473365922491586,0.49672329581923025,0.6210202757959444,0.6286053942127193,0.7383335343060414,0.07082278226616828,0.31701434945134455,0.3895370049863882,0.6735202280836861,0.464759823623522,0.7995779973415994,0.0
FARM0362,North India,Maize,0.543940264215968,0.4723618090452262,0.2484879032258065,0.2783873949917602,0.7832027325698211,0.1435726210350584,0.0,Mixed,0.36756515927823574,2024-02-01,2024-06-11,0.6833333333333331,0.9670241752269965,SENS0362,2024-02-09,0.8420682421566347,0.6621533876630541,0.9333333333333331,Mild,0.6666666666666666,0.14285714285714285,0.0,0.5264215967834578,0.12693854106835156,0.8601378518093051,0.6336035287715177,0.5129646005629032,0.7643802803224029,0.5529522457898237,0.9243951612903225,0.375,0.6391129032258063,0.5102187163858014,0.9331334266840151,0.4750910294604429,0.8560632651195372,0.8280088406670686,0.6429576049829216,0.26361261804299796,0.6250566950561913,0.5181666691884154,0.6645046670990666,0.6575234442845759,0.11206238192853413,0.6326620844889265,0.8493910526950443,0.2566352639604831,0.5612281171263154,0.4819916494322394,0.7838633144488438,0.25
FARM0253,North India,Maize,0.64330844342332,0.6984924623115578,0.7978830645161288,0.12576872060774147,0.22905364677516593,0.981636060100167,0.0,Inorganic,0.7337937179772779,2024-01-23,2024-05-16,0.3999999999999999,0.3545171621720218,SENS0253,2024-02-09,0.2507543252894391,0.03854168961559967,0.7,Moderate,0.6666666666666666,0.14285714285714285,0.0,0.543940264215968,0.7403790924755888,0.9327972429638142,0.5758599948443271,0.410797842391597,0.7534716602466576,0.5467802301372592,0.2484879032258065,0.07258064516129037,0.711189516129032,0.5307756663081151,0.9609956993755397,0.46259516716319116,0.8376248058401785,0.7832027325698211,0.4864376130198914,0.48000803697006245,0.5621125837826944,0.5825721890087429,0.6246580750683854,0.6863077545894615,0.2783873949917602,0.7383335343060414,0.4168173961975965,0.1888933586550786,0.5984401585467082,0.346361259609006,0.794857137551851,0.25
FARM0372,East Africa,Maize,0.5149339460080414,0.4321608040201008,0.16633064516129037,0.7397805378029665,0.4888487040385775,0.9499165275459098,0.0,Organic,0.18823791490309646,2024-01-08,2024-04-18,0.18333333333333335,0.030163055100598024,SENS0372,2024-02-10,0.1635338071931589,0.4667881040743289,0.11666666666666664,Severe,0.8333333333333333,0.14285714285714285,0.0,0.64330844342332,0.5264215967834578,0.6151636990235497,0.555867441927076,0.39961361064638384,0.7129446800246007,0.5195026474150923,0.7978830645161288,0.9243951612903225,0.05141129032258063,0.5580255766702522,0.9115654122524469,0.356173452499172,0.8187739669775731,0.22905364677516593,0.8280088406670686,0.303194695599759,0.6086781232676508,0.5492938155328069,0.6800992639801473,0.6200056524434919,0.12576872060774147,0.11206238192853413,0.40857751517343954,0.26598123321888667,0.6908254908648772,0.3231279509891911,0.7704598220224096,0.25
FARM0415,North India,Maize,0.6094198736358416,0.4271356783919602,0.10282258064516125,0.055388078298967025,0.04781997187060483,0.8497495826377295,0.0,Organic,0.617732234350635,2024-02-08,2024-07-02,0.9166666666666665,0.5974594500758542,SENS0415,2024-02-10,0.45365365527274215,0.46386023749391647,0.4333333333333334,,0.8333333333333333,0.14285714285714285,0.0,0.5149339460080414,0.543940264215968,0.28489373923032746,0.6205997765875174,0.369567069162477,0.7291295762794159,0.5191803323639496,0.16633064516129037,0.2484879032258065,0.866431451612903,0.3769570933428945,0.8691606992487404,0.3133068520357494,0.8510264287162469,0.4888487040385775,0.7832027325698211,0.22985734378139455,0.563019704681752,0.6476796865266011,0.5619130876173823,0.6382195312934856,0.7397805378029665,0.2783873949917602,0.07082278226616828,0.2623887885790197,0.6968733078069428,0.18895695945682278,0.788355365500707,0.25
FARM0435,North India,Rice,0.9089603676048251,0.4070351758793973,0.7681451612903223,0.12114634832589738,0.3658830620855936,0.7545909849749581,0.0,Inorganic,0.4508799287146358,2024-02-07,2024-06-08,0.5333333333333332,0.03899132771282576,SENS0435,2024-02-10,0.07309216276803149,0.6944610622535285,0.75,Severe,0.8333333333333333,0.14285714285714285,0.0,0.6094198736358416,0.64330844342332,0.12693854106835156,0.7765875175436084,0.27037648359463856,0.8312239018547889,0.45537196998168483,0.10282258064516125,0.7978830645161288,0.375,0.47018047089757387,0.943314411953789,0.4045018205892088,0.8745416888481192,0.04781997187060483,0.22905364677516593,0.6429576049829216,0.493524164692839,0.6390229281830743,0.577874284425143,0.6237977024691587,0.055388078298967025,0.12576872060774147,0.6326620844889265,0.14333292793593488,0.6778225583676697,0.18583525188277972,0.7912054714730964,0.5
FARM0297,Central USA,Wheat,0.5812751292360713,0.608040201005025,0.514616935483871,0.851079223441457,0.8519188266023708,0.06010016694490816,0.0,Organic,0.7039429717086211,2024-02-04,2024-06-28,0.9166666666666665,0.2780767498672866,SENS0297,2024-02-11,0.23528519189112929,0.7022081546654593,0.4000000000000001,Moderate,1.0,0.14285714285714285,0.0,0.9089603676048251,0.5149339460080414,0.7403790924755888,0.7448514879844185,0.25908096950396226,0.7995338749878613,0.43419567396754405,0.7681451612903223,0.16633064516129037,0.07258064516129037,0.5749970120712322,0.8492353263597722,0.45374048328368044,0.8565183655203188,0.3658830620855936,0.4888487040385775,0.4864376130198914,0.5851937711031601,0.7231351814220576,0.5934406813118636,0.6512683069770525,0.12114634832589738,0.7397805378029665,0.7383335343060414,0.16957461339121183,0.7418870423450881,0.16349943419050206,0.7553240241687096,1.0
FARM0312,North India,Cotton,0.7599080987937966,0.28643216080402034,0.2046370967741935,0.5564934281924516,0.9674502712477396,0.659432387312187,0.0,Mixed,0.3898418355981288,2024-01-21,2024-06-03,0.7333333333333334,0.35561660792053795,SENS0312,2024-02-11,0.8858492162960206,0.4375979627356066,0.1833333333333333,,1.0,0.14285714285714285,0.0,0.5812751292360713,0.6094198736358416,0.5264215967834578,0.7914243977887893,0.2634843736355945,0.8408701000226586,0.4275296865062492,0.514616935483871,0.10282258064516125,0.9243951612903225,0.40432652085574294,0.7398833030118106,0.43768619662363406,0.8700048301619857,0.8519188266023708,0.04781997187060483,0.8280088406670686,0.620168321322381,0.782900384735881,0.6238684752263048,0.7096247140176478,0.851079223441457,0.055388078298967025,0.11206238192853413,0.27301643730529235,0.7297719129913606,0.20999726850587308,0.7583740436157056,0.0
FARM0126,Central USA,Cotton,0.48851234922458375,0.3517587939698492,0.9485887096774193,0.4332569637043291,0.678119349005425,0.659432387312187,0.0,Mixed,0.2949431944753843,2024-01-23,2024-04-26,0.06666666666666665,0.0766316202609989,SENS0126,2024-02-11,0.38017566198540054,0.7839915421082044,0.14999999999999997,Severe,1.0,0.14285714285714285,0.0,0.7599080987937966,0.9089603676048251,0.543940264215968,0.7803683441697934,0.27968151534343705,0.7989835885151972,0.41026830678395493,0.2046370967741935,0.7681451612903223,0.2484879032258065,0.5703358431934982,0.8772645347520197,0.48849718636213124,0.9327449919640581,0.9674502712477396,0.3658830620855936,0.7832027325698211,0.5938114196442073,0.7588336739462402,0.6820450635909876,0.6974403464065329,0.5564934281924516,0.12114634832589738,0.2783873949917602,0.309062502923539,0.7216505224809521,0.12919967222070494,0.6941065009387769,0.0
FARM0239,South USA,Rice,0.41671453187823104,0.7487437185929648,0.36794354838709675,0.4018650267293703,0.4482620052240306,0.5709515859766277,0.0,Organic,0.7215415460013366,2024-01-18,2024-05-14,0.44999999999999996,0.8558241691888505,SENS0239,2024-02-12,0.1458064622548293,0.9594959012371391,0.14999999999999997,,0.0,0.14285714285714285,0.0,0.48851234922458375,0.5812751292360713,0.64330844342332,0.7351702804113079,0.32389379556546677,0.7408150713753923,0.3728239820441672,0.9485887096774193,0.514616935483871,0.7978830645161288,0.46838771363690723,0.8156759131443893,0.4321416749420721,0.9181420039520066,0.678119349005425,0.8519188266023708,0.22905364677516593,0.6487930252481988,0.7084719383793869,0.6775894644821072,0.6988411148231469,0.4332569637043291,0.851079223441457,0.12576872060774147,0.3733242274840727,0.6651118039270825,0.12629648417684458,0.6939586117531388,0.5
FARM0304,South India,Soybean,0.8618609994256176,0.341708542713568,0.08518145161290325,0.1451022951083243,0.9336949969861362,0.1519198664440734,0.0,Inorganic,0.7712185341946982,2024-01-22,2024-05-19,0.46666666666666656,0.7246882178160529,SENS0304,2024-02-12,0.21087861900779625,0.7343926060040418,0.35000000000000003,Moderate,0.0,0.14285714285714285,0.0,0.41671453187823104,0.7599080987937966,0.5149339460080414,0.8043708647208777,0.35606011633261125,0.7686207231411646,0.4038556138407392,0.36794354838709675,0.2046370967741935,0.16633064516129037,0.44914545237241543,0.8478106716905982,0.43768619662363406,0.9099647448245636,0.4482620052240306,0.9674502712477396,0.4888487040385775,0.7603688958322838,0.7755512425340668,0.7660810467837909,0.7298771044218406,0.4018650267293703,0.5564934281924516,0.7397805378029665,0.23491220027878879,0.6391528051411539,0.07513950130721514,0.7136934424633076,0.75
FARM0492,North India,Maize,0.6312464101091328,0.9698492462311559,0.3271169354838708,0.9503597411471525,0.8834639340968456,0.26210350584307185,0.0,Inorganic,0.8995321897972823,2024-02-11,2024-05-14,0.050000000000000044,0.6240071652665714,SENS0492,2024-02-12,0.8245111318730841,0.21858588174974036,0.9666666666666666,Mild,0.0,0.14285714285714285,0.0,0.8618609994256176,0.48851234922458375,0.6094198736358416,0.8087245438661818,0.3544962714036563,0.8076586929077783,0.37247269213737655,0.08518145161290325,0.9485887096774193,0.10282258064516125,0.5023305844388672,0.7803787158796871,0.34913935782853356,0.8560533464956703,0.9336949969861362,0.678119349005425,0.04781997187060483,0.9699642191200935,0.5501012988170784,0.8578156284368745,0.7133391385600266,0.1451022951083243,0.4332569637043291,0.055388078298967025,0.4432178574435641,0.7200924001562012,0.24591251414523763,0.7731166043557304,0.25
FARM0248,Central USA,Soybean,0.8084434233199312,0.4120603015075379,0.860383064516129,0.1826038024036336,0.2863170584689573,0.636060100166945,0.0,Inorganic,0.7010470037870351,2024-02-07,2024-05-27,0.33333333333333326,0.013590860259690585,SENS0248,2024-02-13,0.9704280945153055,0.02115960039815956,0.9666666666666666,Moderate,0.16666666666666666,0.14285714285714285,0.0,0.6312464101091328,0.41671453187823104,0.9089603676048251,0.7886747056970184,0.31808945110325865,0.8844722105331302,0.2837463482043459,0.3271169354838708,0.36794354838709675,0.7681451612903223,0.5242022230190031,0.8232892115457908,0.42883151274412423,0.9116343002556045,0.8834639340968456,0.4482620052240306,0.3658830620855936,0.9500075593408257,0.5980219795683608,0.8077606384478719,0.7471317701405081,0.9503597411471525,0.4018650267293703,0.12114634832589738,0.45752214873095043,0.6945949718669834,0.15852811487883867,0.7773460559669937,0.75
FARM0077,Central USA,Cotton,0.904078116025273,0.19095477386934645,0.6839717741935483,0.5724908557417904,0.43801486839461534,0.7696160267111851,0.0,Mixed,0.5277344620182669,2024-01-27,2024-05-08,0.19999999999999996,0.8004266956497673,SENS0077,2024-02-13,0.8736258716318602,0.0512508086369432,0.4833333333333332,Moderate,0.16666666666666666,0.14285714285714285,0.0,0.8084434233199312,0.8618609994256176,0.5812751292360713,0.8530633288459887,0.358359871439152,0.9029229922636193,0.31001188879597336,0.860383064516129,0.08518145161290325,0.514616935483871,0.564359985657942,0.8481581555484277,0.5292121813968884,0.8728465258003248,0.2863170584689573,0.9336949969861362,0.8519188266023708,0.8461926120042336,0.6253254709899152,0.8009644398071116,0.7512172592729177,0.1826038024036336,0.1451022951083243,0.851079223441457,0.39268039404627153,0.6120412265608046,0.1263277012525854,0.7504541650488075,0.0
FARM0176,East Africa,Cotton,0.5502584721424469,0.8542713567839195,0.5236895161290323,0.9209373367096751,0.007836045810729386,0.699499165275459,0.0,Organic,0.4143461795500112,2024-01-19,2024-05-25,0.6166666666666667,0.580454521439192,SENS0176,2024-02-13,0.9255993284779359,0.5624735377941383,0.10000000000000003,Moderate,0.16666666666666666,0.14285714285714285,0.0,0.904078116025273,0.6312464101091328,0.7599080987937966,0.8112450949503051,0.36734466684328493,0.9056096850419189,0.3074398958185267,0.6839717741935483,0.3271169354838708,0.2046370967741935,0.6400143420580853,0.7830106115214946,0.4634227077126778,0.8084977359254897,0.43801486839461534,0.8834639340968456,0.9674502712477396,0.6055032001209499,0.7526508703079636,0.685852062829587,0.8239081599543885,0.5724908557417904,0.9503597411471525,0.5564934281924516,0.47750512204020934,0.7270050609887606,0.2833808093026886,0.7976563913021111,0.0
FARM0473,Central USA,Maize,0.7774267662263067,0.14070351758793986,0.8044354838709677,0.2742875517504723,0.09383162547719515,0.979966611018364,0.0,Inorganic,0.9529962129650256,2024-01-06,2024-05-08,0.5499999999999998,0.7270305152802833,SENS0473,2024-02-14,0.5891925896838761,0.8069316458941276,0.10000000000000003,Moderate,0.3333333333333333,0.14285714285714285,0.0,0.5502584721424469,0.8084434233199312,0.48851234922458375,0.8688740583736717,0.3409838229261246,0.9319263263522477,0.3060763634763697,0.5236895161290323,0.860383064516129,0.9485887096774193,0.605832436954703,0.7118557397020696,0.5547004303210858,0.8220918940561054,0.007836045810729386,0.2863170584689573,0.678119349005425,0.45895277931764356,0.8152506303296747,0.5890978821804231,0.8509293054974321,0.9209373367096751,0.1826038024036336,0.4332569637043291,0.440504813314498,0.7542756656400613,0.2825847738713072,0.7980960370119692,0.25
FARM0412,North India,Maize,0.4302125215393453,0.9949748743718594,0.27620967741935476,0.6827846778407494,0.4641350210970464,0.360601001669449,0.0,Mixed,0.22388059701492538,2024-02-14,2024-06-17,0.5666666666666664,0.44578877055800004,SENS0412,2024-02-14,0.3920453253371624,0.33417459948687833,0.8833333333333331,,0.3333333333333333,0.14285714285714285,0.0,0.7774267662263067,0.904078116025273,0.41671453187823104,0.8715664652135308,0.334113913219373,0.9079079403101025,0.3305220718347842,0.8044354838709677,0.6839717741935483,0.36794354838709675,0.5840803155252776,0.7380432911754236,0.46904998344918836,0.805917298892912,0.09383162547719515,0.43801486839461534,0.4482620052240306,0.46293403215239626,0.8154761606415224,0.6220918755816247,0.8312551015870222,0.2742875517504723,0.5724908557417904,0.4018650267293703,0.5058891768249902,0.7635929686474748,0.3907363327740272,0.7747497862699686,0.25
FARM0193,Central USA,Cotton,0.2923607122343481,0.03517587939698519,0.5005040322580645,0.20800675268298568,0.9328912999799076,0.3288814691151921,0.0,Organic,0.672087324571174,2024-01-27,2024-06-01,0.6000000000000001,0.6673484739843963,SENS0193,2024-02-15,0.950139462699073,0.7796212975443475,0.08333333333333331,,0.5,0.14285714285714285,0.0,0.4302125215393453,0.5502584721424469,0.8618609994256176,0.7579698106722424,0.4175950800566519,0.8828213511151393,0.37426688608665215,0.27620967741935476,0.5236895161290323,0.08518145161290325,0.6825624477112466,0.5711590139042455,0.5239159218801719,0.7692923655924842,0.4641350210970464,0.007836045810729386,0.9336949969861362,0.46273244973038374,0.8150600411568749,0.6844138631172276,0.8822315861908996,0.6827846778407494,0.9209373367096751,0.1451022951083243,0.5205302597973638,0.7380209313525196,0.28748585476255517,0.7744441115368633,0.0
FARM0470,East Africa,Cotton,0.13584147041929934,0.48743718592964846,0.31552419354838723,0.9145464045982556,0.9967852119750854,0.6060100166944908,0.0,Mixed,0.09824014257072847,2024-01-08,2024-04-09,0.033333333333333215,0.18334075522110937,SENS0470,2024-02-15,0.8566937291190301,0.2145135059894212,0.13333333333333336,Mild,0.5,0.14285714285714285,0.0,0.2923607122343481,0.7774267662263067,0.6312464101091328,0.6591527511242231,0.547029229751456,0.8294435632667594,0.455301568665426,0.5005040322580645,0.8044354838709677,0.3271169354838708,0.679813553244891,0.5764807526261279,0.5588381330685204,0.7214169102860507,0.9328912999799076,0.09383162547719515,0.8834639340968456,0.4911555712341886,0.8716395105597267,0.8176024364795125,0.8605401465756578,0.20800675268298568,0.2742875517504723,0.9503597411471525,0.5121946655939229,0.7216824573262983,0.4543021032504784,0.774604360879803,0.0
FARM0386,South USA,Rice,0.6203331418724872,0.27638190954773867,0.7555443548387095,0.6696008682020983,0.12497488446855542,0.19866444073455758,0.0,Organic,0.794386277567387,2024-02-10,2024-05-25,0.25,0.204836554935807,SENS0386,2024-02-16,1.0,0.358289454973693,0.26666666666666666,Mild,0.6666666666666666,0.14285714285714285,0.0,0.13584147041929934,0.4302125215393453,0.8084434233199312,0.6216309111219317,0.5103332981454545,0.796911921794581,0.4252720323137827,0.31552419354838723,0.27620967741935476,0.860383064516129,0.6549539858969764,0.5257241982289611,0.5567692816948027,0.7189452609506605,0.9967852119750854,0.4641350210970464,0.2863170584689573,0.45068790001511894,0.9095737886341739,0.7837906432418715,0.9068507221152422,0.9145464045982556,0.6827846778407494,0.1826038024036336,0.6255437782413862,0.6333353793654449,0.5607913528700201,0.7249716727551776,0.5
FARM0427,South India,Soybean,0.998564043653073,1.0,0.7585685483870968,0.7427549338799793,0.9119951778179628,0.006677796327211993,0.0,Inorganic,0.8231231900200491,2024-02-13,2024-07-04,0.8666666666666667,0.5777147126974661,SENS0427,2024-02-16,0.47226332178257313,0.5123662869995216,0.7666666666666666,Mild,0.6666666666666666,0.14285714285714285,0.0,0.6203331418724872,0.2923607122343481,0.904078116025273,0.6404777590009453,0.5547207418085812,0.8439452303110735,0.4731747167458396,0.7555443548387095,0.5005040322580645,0.6839717741935483,0.6726425242022231,0.5501653035699694,0.59682224428997,0.7408801378228949,0.12497488446855542,0.9328912999799076,0.43801486839461534,0.5695711333971685,0.9971388357194749,0.7922224415555119,0.9166833260786509,0.6696008682020983,0.20800675268298568,0.5724908557417904,0.6651729331749165,0.6422312216693042,0.5397588480899052,0.7068569965217507,0.75
FARM0481,North India,Cotton,0.6550832854681219,0.437185929648241,0.1411290322580645,0.7500301459061861,0.0012055455093430423,0.8831385642737897,0.0,Organic,0.18890621519269327,2024-01-05,2024-04-29,0.41666666666666674,0.41780447980114366,SENS0481,2024-02-16,0.9016472084559383,0.15953575727472824,0.2,Severe,0.6666666666666666,0.14285714285714285,0.0,0.998564043653073,0.13584147041929934,0.5502584721424469,0.661386875948787,0.5605763024309195,0.8321302560450587,0.4674914373731434,0.7585685483870968,0.31552419354838723,0.5236895161290323,0.5819290068124778,0.6844864001382767,0.5863952333664351,0.7578891738038772,0.9119951778179628,0.9967852119750854,0.007836045810729386,0.5679080784155628,1.0,0.6566086686782664,0.9498633198175601,0.7427549338799793,0.9145464045982556,0.9209373367096751,0.6253940930480584,0.5912679257375817,0.5773364030124479,0.7199871499833715,0.0
FARM0214,East Africa,Wheat,0.699885123492246,0.07035175879396993,0.935483870967742,0.10595281160818365,0.7858147478400644,0.3005008347245408,0.0,Inorganic,0.7660948986411228,2024-02-13,2024-06-07,0.41666666666666674,0.8214218324263535,SENS0214,2024-02-16,0.4742488055548706,0.5332164022615795,0.13333333333333336,Severe,0.6666666666666666,0.14285714285714285,0.0,0.6550832854681219,0.6203331418724872,0.7774267662263067,0.6459198579325752,0.5448569243163293,0.8559544233321461,0.4642610192367796,0.1411290322580645,0.7555443548387095,0.8044354838709677,0.6130034659973704,0.7534489925872894,0.5842436279377692,0.7537877028392472,0.0012055455093430423,0.12497488446855542,0.09383162547719515,0.7414705437685833,0.9299350597905928,0.6717238656552271,0.961814183755359,0.7500301459061861,0.6696008682020983,0.2742875517504723,0.5862139936945114,0.6816784836981559,0.5137862410738678,0.7792778786074854,1.0
FARM0456,South India,Soybean,0.48248133256749004,0.7386934673366836,0.8004032258064515,0.34933076088267223,0.9387181032750654,0.9415692821368948,0.0,Mixed,0.8580975718422812,2024-01-24,2024-05-17,0.3999999999999999,0.28980333255340607,SENS0456,2024-02-17,0.712419458829958,0.8700809838633119,0.8833333333333331,,0.8333333333333333,0.14285714285714285,0.0,0.699885123492246,0.998564043653073,0.4302125215393453,0.6563457737805402,0.5393369405622256,0.8633671058168517,0.4571005803524122,0.935483870967742,0.7585685483870968,0.27620967741935476,0.737301302736943,0.7343710897694103,0.6552466070837473,0.7681940437458417,0.7858147478400644,0.9119951778179628,0.4641350210970464,0.8605049639671425,0.9581096254289455,0.7405600518879893,1.0,0.10595281160818365,0.7427549338799793,0.6827846778407494,0.5086022209540559,0.6988837605976466,0.503586061575682,0.7844964802379994,0.75
FARM0217,Central USA,Wheat,0.24727168294083868,0.19095477386934645,0.585181451612903,0.9554644479279715,0.3542294554952784,0.671118530884808,0.0,Organic,0.28469592336823346,2024-01-07,2024-04-26,0.33333333333333326,0.48302148825203217,SENS0217,2024-02-18,0.6167330096045657,0.30510342541613555,0.5833333333333333,Moderate,1.0,0.14285714285714285,0.0,0.48248133256749004,0.6550832854681219,0.2923607122343481,0.6473519892303726,0.5533779479449813,0.7940957498462433,0.4774311900141306,0.8004032258064515,0.1411290322580645,0.5005040322580645,0.7573801840564123,0.7263941871178472,0.7373386295928501,0.6749504779753059,0.9387181032750654,0.0012055455093430423,0.9328912999799076,0.7153656201179259,0.9504994152250174,0.6592312681537464,0.9685808930024221,0.34933076088267223,0.7500301459061861,0.20800675268298568,0.6825738368992713,0.6934566220082417,0.6609279275763844,0.7783744881053616,1.0
FARM0142,East Africa,Soybean,0.1645605973578404,0.9798994974874371,0.294858870967742,0.5748221391535031,0.9521800281293954,0.5141903171953255,0.0,Organic,0.9639117843617733,2024-02-02,2024-05-19,0.2833333333333332,0.866632450506072,SENS0142,2024-02-18,0.7018944570763649,0.13187521655447565,0.14999999999999997,Moderate,1.0,0.14285714285714285,0.0,0.24727168294083868,0.699885123492246,0.13584147041929934,0.6530805144215622,0.5406926404868919,0.7414948370180947,0.5225511950907684,0.585181451612903,0.935483870967742,0.31552419354838723,0.7524799808772555,0.7356744081495808,0.7320423700761336,0.6824473776302836,0.3542294554952784,0.7858147478400644,0.9967852119750854,0.7041777956962159,0.9345824777505402,0.6688756662248667,0.9825509577988049,0.9554644479279715,0.10595281160818365,0.9145464045982556,0.6035026335238702,0.6382413243601196,0.5880126429156747,0.7337906923715407,0.75
FARM0017,Central USA,Maize,0.603388856978748,0.7185929648241207,0.205141129032258,0.6366413441054707,0.2605987542696405,0.4874791318864775,0.0,Organic,0.6346625083537536,2024-02-02,2024-05-02,0.0,0.32975070004755036,SENS0017,2024-02-18,0.6375228167285417,0.2613216181951823,0.7333333333333332,Severe,1.0,0.14285714285714285,0.0,0.1645605973578404,0.48248133256749004,0.6203331418724872,0.6497006845587604,0.5395476162896268,0.7183828051662187,0.5049320273418345,0.294858870967742,0.8004032258064515,0.7555443548387095,0.6219672523007054,0.8049532804955604,0.6244620986428338,0.6996962122299846,0.9521800281293954,0.9387181032750654,0.12497488446855542,0.7381948294108762,0.8833422022952561,0.6652660669467867,0.9857447577571057,0.5748221391535031,0.34933076088267223,0.6696008682020983,0.5958312673658213,0.6354854904565146,0.6761696648066493,0.6803654294310105,0.25
FARM0382,South India,Wheat,0.2056289488799541,0.6482412060301508,0.6547379032258063,0.4372362233208731,0.6242716495881052,0.7896494156928213,0.0,Organic,0.3005123635553575,2024-02-05,2024-06-04,0.5,0.4186347248743939,SENS0382,2024-02-19,0.16608664639651838,0.15163439796353684,0.7,Severe,0.0,0.14285714285714285,0.0,0.603388856978748,0.24727168294083868,0.998564043653073,0.4915361040300176,0.43267234224387296,0.6396594697827984,0.48940639677614695,0.205141129032258,0.585181451612903,0.7585685483870968,0.597346719254213,0.7793229101563329,0.6196623634558094,0.6966381409315788,0.2605987542696405,0.3542294554952784,0.9119951778179628,0.6660283223302936,0.8288486229852513,0.6914074617185078,0.986278224153602,0.6366413441054707,0.9554644479279715,0.7427549338799793,0.5247214452105418,0.6256585601425448,0.6499082998400125,0.688749226694371,1.0
FARM0308,East Africa,Rice,0.950890292935095,0.6381909547738696,0.7137096774193548,0.11986012299529725,0.8557363873819569,0.12854757929883143,0.0,Organic,0.6961461349966584,2024-02-10,2024-06-08,0.4833333333333334,0.6587491477408528,SENS0308,2024-02-19,0.6391914926872767,0.9229920768600652,0.28333333333333327,Severe,0.0,0.14285714285714285,0.0,0.2056289488799541,0.1645605973578404,0.6550832854681219,0.5505399134992696,0.5571160898023129,0.6848153303337323,0.5426165166044672,0.6547379032258063,0.294858870967742,0.1411290322580645,0.7331182024620535,0.6690587611532453,0.6508606421714664,0.707756080346325,0.6242716495881052,0.9521800281293954,0.0012055455093430423,0.8803608325354035,0.6354442320816672,0.8104114379177125,0.9288872422270619,0.4372362233208731,0.5748221391535031,0.7500301459061861,0.3780486663984808,0.6782292848988398,0.49436921996332006,0.7100786323493814,0.5
FARM0332,Central USA,Rice,0.20160827110855833,0.7035175879396984,0.6708669354838708,0.9821134289963425,0.14406268836648584,0.44741235392320533,0.0,Mixed,0.30118066384495434,2024-01-13,2024-06-10,0.9833333333333334,0.4966651822891114,SENS0332,2024-02-19,0.9484809960152601,0.9281151799429996,0.14999999999999997,Moderate,0.0,0.14285714285714285,0.0,0.950890292935095,0.603388856978748,0.699885123492246,0.45115000143213135,0.5532268392340333,0.6199138963519242,0.5452026874066597,0.7137096774193548,0.205141129032258,0.935483870967742,0.6703716983387116,0.5664677186195233,0.6289308176100628,0.6872027930002013,0.8557363873819569,0.2605987542696405,0.7858147478400644,0.719397268558182,0.7700192399399207,0.8174614365077129,0.9160367904825428,0.11986012299529725,0.6366413441054707,0.10595281160818365,0.5819760316584186,0.7074129413024146,0.6318023959105636,0.7445356967640498,0.5
FARM0397,South USA,Cotton,0.1255025847214245,0.7035175879396984,0.8704637096774193,0.11793078499939713,0.20896122161944952,0.4724540901502503,0.0,Mixed,0.3691245266206282,2024-01-20,2024-06-12,0.8999999999999999,0.4052904222425171,SENS0397,2024-02-19,0.36975215243544457,0.2889958782047555,0.5166666666666666,,0.0,0.14285714285714285,0.0,0.20160827110855833,0.2056289488799541,0.48248133256749004,0.37994443330564565,0.5829920939992105,0.585569546499207,0.5738707102914355,0.6708669354838708,0.6547379032258063,0.8004032258064515,0.6869845822875584,0.601143395384518,0.7264978483945717,0.6914488041167323,0.14406268836648584,0.6242716495881052,0.9387181032750654,0.536360429370559,0.7400159068966378,0.781647443670511,0.9500491919652764,0.9821134289963425,0.4372362233208731,0.34933076088267223,0.5281174280341658,0.7933404634591439,0.5221290045654972,0.8014208434917838,0.0
FARM0186,Central USA,Wheat,0.21883974727168298,0.22110552763819102,0.8785282258064515,0.42184171389525316,0.8862768736186458,0.3706176961602672,0.0,Inorganic,0.85208286923591,2024-02-02,2024-06-26,0.9166666666666665,0.6325033398494991,SENS0186,2024-02-20,0.4724791979017099,0.19381525424747226,0.11666666666666664,Severe,0.16666666666666666,0.14285714285714285,0.0,0.1255025847214245,0.950890292935095,0.24727168294083868,0.3742731933663679,0.5865689419775076,0.5772828796167415,0.5808843828875508,0.8704637096774193,0.7137096774193548,0.585181451612903,0.7565435640014346,0.6704358730288993,0.7885633896060908,0.7188264695167493,0.20896122161944952,0.8557363873819569,0.3542294554952784,0.6698079927430334,0.7976265429694478,0.7751050449789911,0.9419002847814525,0.11793078499939713,0.11986012299529725,0.9554644479279715,0.4039161388704382,0.6829028162589877,0.5636477153002695,0.7706017122911798,1.0
FARM0468,South USA,Wheat,0.39115450890292947,0.8140703517587937,0.7898185483870968,0.5319747578278872,0.05967450271247754,0.8363939899833055,0.0,Organic,0.9670305190465582,2024-01-06,2024-05-30,0.9166666666666665,0.5969839460793563,SENS0468,2024-02-21,0.005158966818175015,0.446860135350303,0.3166666666666666,,0.3333333333333333,0.14285714285714285,0.0,0.21883974727168298,0.20160827110855833,0.1645605973578404,0.41947125712485345,0.5648945389506641,0.6060596251578028,0.5563283558827988,0.8785282258064515,0.6708669354838708,0.294858870967742,0.8739094059997612,0.5809197099258226,0.8664349553128106,0.6893927669847295,0.8862768736186458,0.14406268836648584,0.9521800281293954,0.4459507130978182,0.7899166927022846,0.643580271283946,0.9482987427023538,0.42184171389525316,0.9821134289963425,0.5748221391535031,0.39394336286497444,0.6782989870821347,0.48936668357591584,0.7255140152443267,1.0
FARM0454,Central USA,Maize,0.6809304997128087,0.341708542713568,0.31754032258064524,0.24008199686482584,0.3582479405264217,0.39732888146911516,0.0,Inorganic,0.8741367787926042,2024-01-01,2024-04-29,0.4833333333333334,0.8701496705436594,SENS0454,2024-02-21,0.7257097728144065,0.8882183349789803,0.13333333333333336,,0.3333333333333333,0.14285714285714285,0.0,0.39115450890292947,0.1255025847214245,0.603388856978748,0.434938275141065,0.5853466142113904,0.6128896513773348,0.5617490699915257,0.7898185483870968,0.8704637096774193,0.205141129032258,0.9005617306083424,0.48364666508596355,0.7945216815623968,0.7226251652841951,0.05967450271247754,0.20896122161944952,0.2605987542696405,0.4704429773723733,0.7757404848908244,0.6763204647359067,0.91417545508004,0.5319747578278872,0.11793078499939713,0.6366413441054707,0.30164373052923077,0.6769393694830009,0.4059702657353572,0.7420399997593287,0.25
FARM0157,Central USA,Wheat,0.7581849511774844,0.3718592964824121,0.7439516129032258,0.30833232846979386,0.20152702431183445,0.98330550918197,0.0,Inorganic,0.9623524170193807,2024-01-23,2024-05-09,0.2833333333333332,0.08769149099435691,SENS0157,2024-02-21,0.8979335146393798,0.5194885509025693,0.7,Moderate,0.3333333333333333,0.14285714285714285,0.0,0.6809304997128087,0.21883974727168298,0.2056289488799541,0.5451550998195517,0.6110329042273915,0.5857961350467744,0.5100595908086469,0.31754032258064524,0.8785282258064515,0.6547379032258063,0.921716266284212,0.4823786764931397,0.7921218139688846,0.7210614137281147,0.3582479405264217,0.8862768736186458,0.6242716495881052,0.3644106233936404,0.7781245542640197,0.5766052846789429,0.8916398557438681,0.24008199686482584,0.42184171389525316,0.4372362233208731,0.27164120459159313,0.6810049721958435,0.3216217270847155,0.7295584428551171,1.0
FARM0018,East Africa,Wheat,0.10798391728891443,0.9447236180904519,0.6965725806451613,0.1490815547248684,0.03154510749447459,0.36894824707846396,0.0,Inorganic,0.12675428826019158,2024-02-12,2024-07-08,0.9500000000000002,0.9330923106726746,SENS0018,2024-02-22,0.8995721633189321,0.2093698740429044,0.25000000000000006,,0.5,0.14285714285714285,0.0,0.7581849511774844,0.39115450890292947,0.950890292935095,0.3770228854581389,0.5069721855822491,0.524131680315929,0.5262445242442392,0.7439516129032258,0.7898185483870968,0.7137096774193548,0.9176526831600338,0.48259785236700076,0.883316782522344,0.619982060292014,0.20152702431183445,0.05967450271247754,0.8557363873819569,0.15768784961951332,0.6651179920717663,0.580863483827303,0.8838652342814477,0.30833232846979386,0.5319747578278872,0.11986012299529725,0.2784425255634244,0.6716244880588481,0.20494010223592318,0.7277643865377936,1.0
FARM0459,Central USA,Cotton,0.910396323951752,0.7437185929648242,0.7308467741935483,0.6564170585634472,0.7840064295760499,0.96661101836394,0.0,Organic,0.22298952996212965,2024-01-10,2024-04-14,0.08333333333333326,0.1061631859270945,SENS0459,2024-02-22,0.7410847406651996,0.937527764036235,0.75,,0.5,0.14285714285714285,0.0,0.10798391728891443,0.6809304997128087,0.20160827110855833,0.5184028871766965,0.621107545706682,0.5478587382254878,0.5670715297747627,0.6965725806451613,0.31754032258064524,0.6708669354838708,0.9318752240946577,0.4808498952391678,0.8497186362131743,0.5840935736235622,0.03154510749447459,0.3582479405264217,0.14406268836648584,0.31819785314720517,0.7784953019070089,0.580609683878063,0.8835513024691598,0.1490815547248684,0.24008199686482584,0.9821134289963425,0.20263633046748575,0.4508350338317137,0.31181956530222,0.7045615384485843,0.0
FARM0404,East Africa,Soybean,0.23319931074095357,0.5075376884422109,0.5085685483870968,0.9532939426825837,0.26582278481012656,0.317195325542571,0.0,Organic,0.4842949431944754,2024-02-21,2024-06-04,0.2333333333333334,0.9136167739695525,SENS0404,2024-02-23,0.26923459424417895,0.9638287932833562,0.6833333333333331,Mild,0.6666666666666666,0.14285714285714285,0.0,0.910396323951752,0.7581849511774844,0.1255025847214245,0.539884856643657,0.5905859052779511,0.5197617583271292,0.5750140361316581,0.7308467741935483,0.7439516129032258,0.8704637096774193,0.8460619098840683,0.48316643967642864,0.8018040383978811,0.5768494720609435,0.7840064295760499,0.20152702431183445,0.20896122161944952,0.3324598095046112,0.7703818281366159,0.4861679027664194,0.8246743952423385,0.6564170585634472,0.30833232846979386,0.11793078499939713,0.3970680412756922,0.6215106663479018,0.42908651032114586,0.7709487740526274,0.75
FARM0145,South USA,Wheat,0.12033314187248711,0.8592964824120601,0.4450604838709675,0.0,0.957805907172996,0.20033388981636058,0.0,Mixed,0.3014034306081532,2024-02-03,2024-06-13,0.6833333333333331,0.35679907817637924,SENS0145,2024-02-24,0.3720120054667265,0.9040703228739608,0.16666666666666669,Severe,0.8333333333333333,0.14285714285714285,0.0,0.23319931074095357,0.10798391728891443,0.21883974727168298,0.520236015237877,0.6195626131368046,0.5054543100378726,0.5887427268218741,0.5085685483870968,0.6965725806451613,0.8785282258064515,0.7432771602724992,0.45728404268695444,0.7787984111221449,0.5902480423766884,0.26582278481012656,0.03154510749447459,0.8862768736186458,0.35040064506375024,0.8130296934783541,0.5708806858238629,0.8966519052860249,0.9532939426825837,0.1490815547248684,0.42184171389525316,0.29888390977724977,0.7394711223809249,0.24357123346470488,0.7674595688873658,1.0
FARM0194,Central USA,Rice,0.4546237794371052,0.9748743718592965,0.2661290322580645,0.049640258852847785,0.8123367490456098,0.8731218697829717,0.0,Inorganic,0.8024058810425485,2024-02-14,2024-06-30,0.7833333333333332,0.11070940667667983,SENS0194,2024-02-25,0.009511240772016594,0.13758684710703228,0.6499999999999999,Moderate,1.0,0.14285714285714285,0.0,0.12033314187248711,0.910396323951752,0.39115450890292947,0.5328960559104058,0.6171404395231458,0.538147800472599,0.5740173980716081,0.4450604838709675,0.7308467741935483,0.7898185483870968,0.6190988406836384,0.5031293043480072,0.7740814299900696,0.5991992821297626,0.957805907172996,0.7840064295760499,0.05967450271247754,0.5391825832787387,0.8149752513845275,0.551253489749302,0.8638140233160189,0.0,0.6564170585634472,0.5319747578278872,0.18662001478141288,0.7825701071657462,0.1416006555585907,0.8022174661197142,0.5
FARM0368,South USA,Cotton,0.11458931648477894,0.7135678391959797,0.19203629032258052,0.8654286747859643,0.7811934900542495,0.28714524207011694,0.0,Inorganic,0.12942748941857873,2024-01-20,2024-05-02,0.21666666666666656,0.9956072487942577,SENS0368,2024-02-25,0.7271990057527463,0.18862730999785704,0.1833333333333333,Mild,1.0,0.14285714285714285,0.0,0.4546237794371052,0.23319931074095357,0.6809304997128087,0.4199295391401483,0.6326254978266437,0.4830544136212087,0.5856317129568461,0.2661290322580645,0.5085685483870968,0.31754032258064524,0.5893390701565675,0.5698069797277313,0.7719298245614032,0.6042269507908338,0.8123367490456098,0.26582278481012656,0.3582479405264217,0.6452653328629745,0.8380051202354357,0.6243196751360647,0.8761464243136214,0.049640258852847785,0.9532939426825837,0.24008199686482584,0.3321701546435156,0.8909892307583761,0.18602255433722248,0.8483830355221601,0.0
FARM0270,East Africa,Maize,0.22228604250430783,0.33668341708542693,0.3961693548387095,0.1372643594999799,0.7285513361462729,0.5191986644407345,0.0,Inorganic,0.2399198039652484,2024-01-14,2024-05-02,0.31666666666666665,0.9095913433113695,SENS0270,2024-02-25,0.4494077579599516,0.1309552230435993,0.6499999999999999,Mild,1.0,0.14285714285714285,0.0,0.11458931648477894,0.12033314187248711,0.7581849511774844,0.3130352590725519,0.5547765307569503,0.48493186158676727,0.5842226598557259,0.19203629032258052,0.4450604838709675,0.7439516129032258,0.5068722361658895,0.5126584647468475,0.7294769943727246,0.6211865605432316,0.7811934900542495,0.957805907172996,0.20152702431183445,0.7774530060978682,0.7699660979156235,0.6389554722089055,0.8864070138136633,0.8654286747859643,0.0,0.30833232846979386,0.2923538932183253,0.9215085690767649,0.12777929527451515,0.8685468369510975,0.25
FARM0311,South USA,Cotton,0.40149339460080424,0.728643216080402,0.8190524193548385,0.0697375296434744,0.2222222222222222,0.38397328881469117,0.0,Organic,0.5676097126308756,2024-02-11,2024-06-23,0.7166666666666668,0.29882532901605896,SENS0311,2024-02-25,0.6326775749232664,0.959171445051743,0.08333333333333331,Moderate,1.0,0.14285714285714285,0.0,0.22228604250430783,0.4546237794371052,0.10798391728891443,0.3715807865265086,0.5301923807368675,0.42300844851584474,0.49837745092032,0.3961693548387095,0.2661290322580645,0.6965725806451613,0.5359149037886937,0.5814605543908237,0.7467725918570007,0.637819316449386,0.7285513361462729,0.8123367490456098,0.03154510749447459,0.8252784357204053,0.6520663578761657,0.5500408899918221,0.866246046868148,0.1372643594999799,0.049640258852847785,0.1490815547248684,0.27388648249150993,0.9421584108038303,0.1180473719124362,0.876885434353405,0.0
FARM0302,Central USA,Maize,0.28604250430786915,0.030150753768844574,0.9304435483870968,0.7524016238594801,0.7257383966244725,0.5626043405676127,0.0,Mixed,0.47315660503452883,2024-01-19,2024-04-21,0.050000000000000044,0.6545652157505036,SENS0302,2024-02-25,0.809461419510397,0.6241935661540121,0.28333333333333327,,1.0,0.14285714285714285,0.0,0.40149339460080424,0.11458931648477894,0.910396323951752,0.24704264887004845,0.2473199827910542,0.4325251675136763,0.4930573948625391,0.8190524193548385,0.19203629032258052,0.7308467741935483,0.5832436954703,0.6943191382170104,0.7893909301555775,0.6816602918996656,0.2222222222222222,0.7811934900542495,0.7840064295760499,0.8106637101244771,0.6436304388903774,0.6316798736640252,0.8507672324529858,0.0697375296434744,0.8654286747859643,0.6564170585634472,0.2962269975956816,0.9682952478163185,0.07344597494829697,0.8129378052765387,0.25
FARM0438,South USA,Maize,0.44170017231476166,0.5979899497487438,0.04889112903225812,0.3785521926122434,0.1981113120353627,0.24874791318864775,0.0,Organic,0.09044330585876587,2024-02-01,2024-05-01,0.0,0.33333333333333326,SENS0438,2024-02-25,0.6804079370026083,0.06225798472652544,0.9666666666666666,,1.0,0.14285714285714285,0.0,0.28604250430786915,0.22228604250430783,0.23319931074095357,0.2886317417580845,0.27651334275321154,0.46816430906677886,0.47732543021620727,0.9304435483870968,0.3961693548387095,0.5085685483870968,0.4742440540217523,0.8220381605174555,0.6545018205892092,0.7617578462916638,0.7257383966244725,0.7285513361462729,0.26582278481012656,0.7936803910698991,0.6793952302013354,0.6301570739685851,0.8526498670790029,0.7524016238594801,0.1372643594999799,0.9532939426825837,0.162455211383559,0.8017332352119699,0.12404885472353389,0.7914073905094952,0.25
FARM0088,South India,Wheat,0.44974152785755317,0.8994974874371859,0.44858870967741926,0.08754371156396967,0.6805304400241109,0.8447412353923205,0.0,Mixed,0.34707061706393405,2024-01-18,2024-05-21,0.5666666666666664,0.2862810807274959,SENS0088,2024-02-25,0.8519663143572674,0.7118088532476663,0.9333333333333331,Mild,1.0,0.14285714285714285,0.0,0.44170017231476166,0.40149339460080424,0.12033314187248711,0.3543379257010283,0.2539720136523853,0.49418962224452145,0.4697858658315206,0.04889112903225812,0.8190524193548385,0.4450604838709675,0.47508067407672994,0.822056700093051,0.5839126117179743,0.7208978200269424,0.1981113120353627,0.2222222222222222,0.957805907172996,0.7241344554754832,0.6022673538550455,0.6012802797439436,0.8172061386913037,0.3785521926122434,0.0697375296434744,0.0,0.18283110832530336,0.7750072967553431,0.059140749990244545,0.8171172456790192,1.0
FARM0494,South India,Cotton,0.22831705916140155,0.7236180904522613,0.3714717741935485,0.9058643836167051,0.08941129194293751,0.1803005008347245,0.0,Organic,0.18823791490309646,2024-02-24,2024-06-04,0.18333333333333335,0.6457545543974056,SENS0494,2024-02-26,0.31027239626656034,0.8854970087943648,0.8166666666666667,Mild,0.0,0.14285714285714285,0.0,0.44974152785755317,0.28604250430786915,0.4546237794371052,0.3091971471944549,0.24354193767664986,0.4758359498915612,0.477684805309818,0.44858870967741926,0.9304435483870968,0.2661290322580645,0.5000597585753557,0.8037645322446558,0.5152267461105593,0.6969110137266871,0.6805304400241109,0.7257383966244725,0.8123367490456098,0.5428110668749684,0.6893080792788131,0.6054538789092243,0.8097179042300425,0.08754371156396967,0.7524016238594801,0.049640258852847785,0.3821182325920798,0.8484236862407818,0.13173605962461465,0.8886387621794295,0.0
FARM0071,South USA,Cotton,0.6300976450315912,0.7939698492462313,0.5962701612903223,0.35298846416656626,0.06992163954189279,0.4607679465776293,0.0,Organic,0.36845622633103137,2024-02-03,2024-06-13,0.6833333333333331,0.8638171649395053,SENS0071,2024-02-26,0.6153977565538741,0.5067792816700281,0.4666666666666666,,0.0,0.14285714285714285,0.0,0.22831705916140155,0.44170017231476166,0.11458931648477894,0.4120241743763067,0.2783702578813132,0.4701064966173565,0.4695854484986254,0.3714717741935485,0.04889112903225812,0.19203629032258052,0.5959125134456791,0.7520995575092202,0.5609897384971858,0.6861796211697927,0.08941129194293751,0.1981113120353627,0.7811934900542495,0.36441062339363994,0.700808692924065,0.5649868870026227,0.8550960437516181,0.9058643836167051,0.3785521926122434,0.8654286747859643,0.26284719948358604,0.7454896731917628,0.15365825106333153,0.8821798187946234,0.0
FARM0042,East Africa,Wheat,0.7624928202182656,0.170854271356784,0.5231854838709675,0.4437075445154549,0.2748643761301989,0.996661101836394,0.0,Mixed,0.8151035865448876,2024-01-16,2024-05-07,0.3666666666666667,0.4050161897789283,SENS0042,2024-02-26,0.6705730021610034,0.8579383112656394,0.3333333333333333,Severe,0.0,0.14285714285714285,0.0,0.6300976450315912,0.44974152785755317,0.22228604250430783,0.519777733222582,0.35446523630111443,0.47059204350500106,0.4705488860875411,0.5962701612903223,0.44858870967741926,0.3961693548387095,0.6260308354248836,0.7402032446573077,0.524743462429659,0.662517254091139,0.06992163954189279,0.6805304400241109,0.7285513361462729,0.25061734616741416,0.6136974240903612,0.5752798849440226,0.8451554099111431,0.35298846416656626,0.08754371156396967,0.1372643594999799,0.33417219410427434,0.7043843521171946,0.17994302883677382,0.879671941306931,1.0
FARM0433,East Africa,Cotton,0.2722573233773694,0.0,0.14364919354838712,0.06358776478154265,0.39642354832228255,0.8080133555926543,0.0,Mixed,0.8803742481621742,2024-02-15,2024-06-20,0.6000000000000001,0.03340604267459679,SENS0433,2024-02-26,0.2880037256246555,0.8812320122091664,0.4499999999999999,Moderate,0.0,0.14285714285714285,0.0,0.7624928202182656,0.22831705916140155,0.40149339460080424,0.49399936986222903,0.37810676299349194,0.48910756482050965,0.4507976321719827,0.5231854838709675,0.3714717741935485,0.8190524193548385,0.4658778534719732,0.7444841950154077,0.4339622641509435,0.6894992236058455,0.2748643761301989,0.08941129194293751,0.2222222222222222,0.29431033613868895,0.6072766153589438,0.6264910747017849,0.7847036993567812,0.4437075445154549,0.9058643836167051,0.0697375296434744,0.3327408294430776,0.7070408954334017,0.16334334881179968,0.8939683606394343,0.0
FARM0263,Central USA,Soybean,0.5631820792647905,0.3216080402010051,0.7036290322580645,0.15326178704931875,0.6720916214587102,0.996661101836394,0.0,Mixed,0.5756293161060371,2024-01-08,2024-05-04,0.44999999999999996,0.28569739328205945,SENS0263,2024-02-27,0.1479771142487527,0.33563905851627407,0.4833333333333332,,0.16666666666666666,0.14285714285714285,0.0,0.2722573233773694,0.6300976450315912,0.28604250430786915,0.5492796379572079,0.36282445688269316,0.4499724856763667,0.3669747097175145,0.14364919354838712,0.5962701612903223,0.9304435483870968,0.412095135651966,0.6016208263592535,0.42949354518371363,0.6836692020361402,0.39642354832228255,0.06992163954189279,0.7257383966244725,0.28085470946933433,0.5796088144751088,0.6107836778432643,0.7680364205545974,0.06358776478154265,0.35298846416656626,0.7524016238594801,0.19329036120908216,0.655491319128743,0.0656495102821244,0.8899938520994894,0.75
FARM0388,North India,Cotton,0.7983917288914418,0.9648241206030148,0.7620967741935483,0.9786968929619362,0.780590717299578,0.6093489148580968,0.0,Mixed,0.040989084428603245,2024-01-06,2024-05-15,0.6666666666666665,0.1128831392320987,SENS0388,2024-02-27,0.9116442505687569,0.156251189171976,0.3,Severe,0.16666666666666666,0.14285714285714285,0.0,0.5631820792647905,0.7624928202182656,0.44170017231476166,0.6204279208317819,0.42628759050714915,0.5136762373353185,0.4173901670265744,0.7036290322580645,0.5231854838709675,0.04889112903225812,0.5812119039082111,0.5335813554620406,0.47111883482290606,0.7184193339156073,0.6720916214587102,0.2748643761301989,0.1981113120353627,0.42695156982311144,0.6663343254799752,0.6830320633935871,0.7725961772099742,0.15326178704931875,0.4437075445154549,0.3785521926122434,0.33297471255765254,0.8540209230852791,0.07058180824911231,0.8981808802837086,0.0
FARM0337,East Africa,Rice,0.19557725445146468,0.829145728643216,0.29183467741935476,0.4923027452871901,0.8219811131203537,0.3005008347245408,0.0,Inorganic,0.559590109155714,2024-02-08,2024-05-09,0.016666666666666607,0.790322864697728,SENS0337,2024-02-27,0.26274601950379883,0.9563702065103539,0.8333333333333333,Severe,0.16666666666666666,0.14285714285714285,0.0,0.7983917288914418,0.2722573233773694,0.44974152785755317,0.5697304728897544,0.4894093252579501,0.5221571229728417,0.4043755212777592,0.7620967741935483,0.14364919354838712,0.44858870967741926,0.5440420700370501,0.5717371092216533,0.44596160211850355,0.7305015537700402,0.780590717299578,0.39642354832228255,0.6805304400241109,0.46243007609736453,0.722166843229337,0.6639688672062265,0.7398925086643469,0.9786968929619362,0.06358776478154265,0.08754371156396967,0.42718283110832544,0.7848202517930394,0.16616849416630886,0.8585005978304341,0.5
FARM0330,South India,Soybean,0.64330844342332,0.4070351758793973,0.345766129032258,0.6484987338719403,0.32328712075547517,0.5926544240400666,0.0,Inorganic,0.30363109824014256,2024-01-26,2024-05-14,0.31666666666666665,0.16690190277075423,SENS0330,2024-02-28,0.2268182598527111,0.3714234714007896,0.28333333333333327,,0.3333333333333333,0.14285714285714285,0.0,0.19557725445146468,0.5631820792647905,0.22831705916140155,0.6525076619024431,0.44280315194376363,0.5434240766516687,0.42049099154600167,0.29183467741935476,0.7036290322580645,0.3714717741935485,0.537946695350783,0.5776850749237501,0.4590367428003974,0.7205080981876466,0.8219811131203537,0.6720916214587102,0.08941129194293751,0.5210905609030896,0.6473601094686242,0.5953300809339837,0.7175315211211576,0.4923027452871901,0.15326178704931875,0.9058643836167051,0.36728068780346357,0.6930707222235826,0.2824442970304759,0.8303409569549417,0.75
FARM0003,South USA,Wheat,0.5502584721424469,0.829145728643216,0.6234879032258065,0.8652277020780581,0.5754470564597148,0.7045075125208682,0.0,Mixed,0.22744486522610827,2024-02-03,2024-06-26,0.8999999999999999,0.2283425540854347,SENS0003,2024-02-28,0.3803020167762009,0.45304623300360314,0.8333333333333333,Mild,0.3333333333333333,0.14285714285714285,0.0,0.64330844342332,0.7983917288914418,0.6300976450315912,0.6365823618709364,0.4380224684448738,0.5925290518887771,0.38669728481483395,0.345766129032258,0.7620967741935483,0.5962701612903223,0.5444006214891841,0.5840606863002709,0.5298742138364783,0.6938429855153764,0.32328712075547517,0.780590717299578,0.06992163954189279,0.6478859043491407,0.5030061840573926,0.5664532867093426,0.6881175385525782,0.6484987338719403,0.9786968929619362,0.35298846416656626,0.48650494428904234,0.7672625660670904,0.2824052756858004,0.8302923345167434,1.0
FARM0114,North India,Rice,0.502010338885698,0.28643216080402034,0.8225806451612903,0.7343944692310785,0.3158529234478603,0.5976627712854758,0.0,Organic,0.3014034306081532,2024-01-22,2024-05-24,0.5499999999999998,0.2165203674211833,SENS0114,2024-02-29,0.2752342448067221,0.5564994882805219,0.5999999999999999,Mild,0.5,0.14285714285714285,0.0,0.5502584721424469,0.19557725445146468,0.7624928202182656,0.5846246383868473,0.39655105029689985,0.6240572297931568,0.36424085628428327,0.6234879032258065,0.29183467741935476,0.5231854838709675,0.6153938090115934,0.6693665539164446,0.5998841443230716,0.7257715254747789,0.5754470564597148,0.8219811131203537,0.2748643761301989,0.658166607871794,0.4846227353046394,0.5085304982939003,0.6674392261858514,0.8652277020780581,0.4923027452871901,0.4437075445154549,0.5541626516731999,0.7823571849068885,0.3983454949857572,0.8170354612965027,0.5
FARM0342,East Africa,Soybean,0.7630672027570363,0.33668341708542693,0.7157258064516128,0.028216568190039787,0.81374321880651,0.22036727879799667,0.0,Mixed,0.22610826464691466,2024-01-07,2024-04-14,0.1333333333333333,0.9814201216183237,SENS0342,2024-03-01,0.6912764107936779,0.7841311383805629,0.08333333333333331,Severe,0.6666666666666666,0.2857142857142857,0.5,0.502010338885698,0.64330844342332,0.2722573233773694,0.6825251339042763,0.3805679523332636,0.6648107985627811,0.388076547133476,0.8225806451612903,0.345766129032258,0.14364919354838712,0.7510457750687225,0.5272431321263686,0.5829195630585895,0.7061259208779277,0.3158529234478603,0.32328712075547517,0.39642354832228255,0.7628382805019405,0.49938344295105974,0.5915512816897435,0.6924048303143693,0.7343944692310785,0.6484987338719403,0.06358776478154265,0.545929966040172,0.8017804779420903,0.39028368517579115,0.8279398624211652,0.75
FARM0478,East Africa,Cotton,0.96496266513498,0.6733668341708543,0.8891129032258063,0.5253828530085616,0.2214185252159936,0.07345575959933226,0.0,Mixed,0.3530853196703052,2024-01-14,2024-05-14,0.5166666666666666,0.37557771219680336,SENS0478,2024-03-01,0.9704403056088396,0.33743197936298497,0.6833333333333331,,0.6666666666666666,0.2857142857142857,0.5,0.7630672027570363,0.5502584721424469,0.5631820792647905,0.762667201329018,0.4724921878691079,0.7413329880555464,0.4319337887879822,0.7157258064516128,0.6234879032258065,0.7036290322580645,0.7950280865304173,0.5891189024572858,0.5761337305527974,0.6931465712698196,0.81374321880651,0.5754470564597148,0.6720916214587102,0.6498009373582627,0.5957520827373662,0.520769295846141,0.6886699465861736,0.028216568190039787,0.8652277020780581,0.15326178704931875,0.63254156102946,0.6991680181193146,0.34620517423030406,0.806986428424363,0.0
FARM0029,Central USA,Cotton,0.7234348075818496,0.8391959798994972,0.926915322580645,0.9848064632822866,0.5320474181233673,0.9065108514190316,0.0,Organic,0.6431276453553131,2024-01-28,2024-05-26,0.4833333333333334,0.17695793173372787,SENS0029,2024-03-01,0.37927872713803035,0.21095585393062644,0.3333333333333333,Severe,0.6666666666666666,0.2857142857142857,0.5,0.96496266513498,0.502010338885698,0.7983917288914418,0.7477157505800133,0.4593662142179211,0.7730877545074935,0.4351625406940022,0.8891129032258063,0.8225806451612903,0.7620967741935483,0.8341101948129555,0.6454477833008861,0.7202912942734194,0.6456642424219619,0.2214185252159936,0.3158529234478603,0.780590717299578,0.5874615733508037,0.5494301909350854,0.5676376864724628,0.6661353408844988,0.5253828530085616,0.7343944692310785,0.9786968929619362,0.6339635703660738,0.7019062168697529,0.46391696257853066,0.8717507021574954,0.0
FARM0361,South India,Soybean,0.11832280298678921,0.8040201005025129,0.332157258064516,0.5864785562120666,0.38718103275065296,0.7479131886477464,0.0,Inorganic,0.2174203608821564,2024-01-06,2024-04-18,0.21666666666666656,0.9701614952462178,SENS0361,2024-03-02,0.40857702405481344,0.8631124360851357,0.04999999999999999,Moderate,0.8333333333333333,0.2857142857142857,0.5,0.7234348075818496,0.7630672027570363,0.19557725445146468,0.7323060178157136,0.5037048748185988,0.7357330139513802,0.4907820722356711,0.926915322580645,0.7157258064516128,0.29183467741935476,0.8436715668698458,0.6215673420789961,0.7011751075802715,0.6646544453052023,0.5320474181233673,0.81374321880651,0.8219811131203537,0.4784054830418787,0.45964020593512694,0.5264656947068613,0.649488516837048,0.9848064632822866,0.028216568190039787,0.4923027452871901,0.6558830958640112,0.6929225249147296,0.5607913528700201,0.8142913307185647,0.75
FARM0437,North India,Soybean,0.09649626651349802,0.29145728643216096,0.5388104838709677,0.3920575585835445,0.07333735181836454,0.7629382303839733,0.0,Organic,0.44063265760748493,2024-01-07,2024-05-21,0.75,0.028736543111104407,SENS0437,2024-03-02,0.44229025184799897,0.04682078001670309,0.6333333333333333,,0.8333333333333333,0.2857142857142857,0.5,0.11832280298678921,0.96496266513498,0.64330844342332,0.6232348981754646,0.6212716648888178,0.7208752791894601,0.5187180567269429,0.332157258064516,0.8891129032258063,0.345766129032258,0.8894466355922073,0.5371085313111152,0.7286494538232375,0.6464806681234754,0.38718103275065296,0.2214185252159936,0.32328712075547517,0.415713349795898,0.559686304495218,0.5242096951580613,0.6539709948623275,0.5864785562120666,0.5253828530085616,0.6484987338719403,0.596196125024558,0.7193944367416851,0.46102938307254093,0.77892650346618,0.75
FARM0499,Central USA,Soybean,0.8170591614014936,0.3467336683417086,0.10483870967741926,0.9200128622533061,0.6602370906168374,0.9332220367278798,0.0,Organic,0.8627756738694587,2024-01-25,2024-06-04,0.6833333333333331,0.1415945234015895,SENS0499,2024-03-02,0.3907848602298216,0.72135662741815,0.7833333333333332,Severe,0.8333333333333333,0.2857142857142857,0.5,0.09649626651349802,0.7234348075818496,0.5502584721424469,0.6764528972016154,0.6549304737367744,0.7419480141132293,0.5360195380818067,0.5388104838709677,0.926915322580645,0.6234879032258065,0.7664634875104577,0.7825437865494362,0.6479642502482621,0.734643807290858,0.07333735181836454,0.5320474181233673,0.5754470564597148,0.43698029531824845,0.5845812906649168,0.6070612785877438,0.6060674601850544,0.3920575585835445,0.9848064632822866,0.8652277020780581,0.6089474324311683,0.7385187483177617,0.5711242049401022,0.8130120533521891,0.75
FARM0387,South India,Soybean,0.027570361860999426,0.06030150753768826,0.43397177419354827,0.6198802202660879,0.11653606590315457,0.22203672787979967,0.0,Inorganic,0.7856983738026287,2024-01-25,2024-06-19,0.9333333333333331,0.5546364155552704,SENS0387,2024-03-03,0.854014294906637,0.8739233862811111,0.5999999999999999,,1.0,0.2857142857142857,0.5,0.8170591614014936,0.11832280298678921,0.502010338885698,0.5818176610431646,0.7641581129470759,0.6591137150810862,0.5848861405245857,0.10483870967741926,0.332157258064516,0.8225806451612903,0.6743157643121789,0.7623649799943396,0.6333167825223436,0.7394391217514796,0.6602370906168374,0.38718103275065296,0.3158529234478603,0.38698785465907437,0.6403443661273917,0.5848396830320639,0.6423003064632966,0.9200128622533061,0.5864785562120666,0.7343944692310785,0.5822941126942398,0.7266890632444076,0.6053303156826784,0.809546256294887,0.75
FARM0090,South USA,Soybean,0.06950028719126944,0.9698492462311559,0.6476814516129032,0.4514650910406368,0.6787221217600966,0.343906510851419,0.0,Organic,0.4326130541323234,2024-01-27,2024-05-03,0.1166666666666667,0.5154689752511491,SENS0090,2024-03-05,0.16463692935758278,0.3221125903019648,0.7166666666666666,Moderate,0.16666666666666666,0.2857142857142857,0.5,0.027570361860999426,0.09649626651349802,0.7630672027570363,0.4434737776759371,0.7834888721638987,0.6362606415692873,0.6154193868231516,0.43397177419354827,0.5388104838709677,0.7157258064516128,0.658180948966177,0.750464941116946,0.7160708374710363,0.6715849538785573,0.11653606590315457,0.07333735181836454,0.81374321880651,0.3531220077609236,0.572110966807711,0.6244606751078647,0.6530340874593279,0.6198802202660879,0.3920575585835445,0.028216568190039787,0.6808056805530869,0.5128465886785031,0.6806415109064663,0.7293485740048445,0.75
FARM0352,South USA,Soybean,0.8541068351522115,0.5025125628140703,0.394657258064516,0.49640258852847785,0.9706650592726543,0.6160267111853088,0.0,Inorganic,0.32011583871686344,2024-01-19,2024-04-20,0.033333333333333215,0.12308509005643153,SENS0352,2024-03-05,0.34902416147021254,0.742099491885591,0.03333333333333338,Moderate,0.16666666666666666,0.2857142857142857,0.5,0.06950028719126944,0.8170591614014936,0.96496266513498,0.4213616704379456,0.7382033970788848,0.6690512413815426,0.642499678223788,0.6476814516129032,0.10483870967741926,0.8891129032258063,0.5409346241185609,0.6572642964323371,0.6653426017874877,0.6770749320821956,0.6787221217600966,0.6602370906168374,0.2214185252159936,0.5410472206823564,0.7318433429404082,0.6663658667268271,0.720498299560484,0.4514650910406368,0.9200128622533061,0.5253828530085616,0.6740604915287536,0.5188879340568869,0.7472665548054789,0.6606915379903534,0.75
FARM0154,Central USA,Rice,0.2518667432510052,0.10050251256281406,0.5786290322580645,0.7255918646247841,0.22483423749246534,0.5075125208681135,0.0,Organic,0.24392960570282915,2024-02-12,2024-06-05,0.3999999999999999,0.920150551106616,SENS0154,2024-03-05,0.9318369152007216,0.8576900622274919,0.5499999999999998,Severe,0.16666666666666666,0.2857142857142857,0.5,0.8541068351522115,0.027570361860999426,0.7234348075818496,0.32729928679861364,0.6843051451907085,0.607451526235717,0.6339634717753062,0.394657258064516,0.43397177419354827,0.926915322580645,0.4583482729771722,0.4603448309518704,0.635220125786164,0.6587672657645915,0.9706650592726543,0.11653606590315457,0.5320474181233673,0.46399233986796395,0.763038413790489,0.5883646823270636,0.7192721035146706,0.49640258852847785,0.6198802202660879,0.9848064632822866,0.6137280032930745,0.4060474273454159,0.6981230733211066,0.6147589840755446,0.5
FARM0173,North India,Maize,0.7843193566915566,0.46733668341708556,0.9022177419354835,0.2656055307689216,0.6401446654611213,0.38731218697829717,0.0,Inorganic,0.3691245266206282,2024-02-02,2024-05-18,0.2666666666666666,0.43660827276318137,SENS0173,2024-03-06,0.22627812915477463,0.26793767036453264,0.06666666666666671,,0.3333333333333333,0.2857142857142857,0.5,0.2518667432510052,0.06950028719126944,0.11832280298678921,0.4601437859822989,0.732246490043928,0.6738096008804582,0.6337299347544975,0.5786290322580645,0.6476814516129032,0.332157258064516,0.593522170431457,0.6222447570838854,0.7354352863290301,0.6738536362328752,0.22483423749246534,0.6787221217600966,0.38718103275065296,0.5274404071964931,0.777508924755359,0.5628436874312621,0.6861534367895071,0.7255918646247841,0.4514650910406368,0.5864785562120666,0.5390444471470939,0.496275442577996,0.6541069965271007,0.6526720307229849,0.25
FARM0317,East Africa,Maize,0.4138426191843769,0.8040201005025129,0.7787298387096773,0.6950440130230316,0.20253164556962033,0.6393989983305508,0.0,Inorganic,0.23880597014925373,2024-01-20,2024-06-02,0.7333333333333334,0.03193172869603722,SENS0317,2024-03-06,0.717681038870193,0.611909094186426,0.08333333333333331,Moderate,0.3333333333333333,0.2857142857142857,0.5,0.7843193566915566,0.8541068351522115,0.09649626651349802,0.5234439893449431,0.6830075035637259,0.6479461366652639,0.6312141199325082,0.9022177419354835,0.394657258064516,0.5388104838709677,0.6504123341699537,0.6727477190438756,0.8065210195299568,0.658028239989192,0.6401446654611213,0.9706650592726543,0.07333735181836454,0.5598447815350507,0.7253247114378559,0.5458954908209019,0.7033580583789905,0.2656055307689216,0.49640258852847785,0.3920575585835445,0.6095648838536454,0.47993841353898187,0.6631443399539545,0.6554829642993959,0.25
FARM0152,North India,Rice,0.08213670304422749,0.4321608040201008,0.457157258064516,0.6111178102013748,0.30600763512155915,0.7412353923205341,0.0,Organic,0.011583871686344407,2024-01-23,2024-04-22,0.0,0.1589466454325199,SENS0152,2024-03-07,0.5233110576296354,0.7830870704210118,0.7166666666666666,Mild,0.5,0.2857142857142857,0.5,0.4138426191843769,0.2518667432510052,0.8170591614014936,0.37685102970240314,0.6549338832222977,0.595183374874567,0.6639501087640008,0.7787298387096773,0.5786290322580645,0.10483870967741926,0.7339548225170311,0.481184756425054,0.779212181396888,0.6685990967799424,0.20253164556962033,0.22483423749246534,0.6602370906168374,0.4709973290329088,0.7213849722976409,0.5080792983841405,0.7048203599084832,0.6950440130230316,0.7255918646247841,0.9200128622533061,0.5376692144333948,0.3609473265574439,0.6138057517462052,0.6255758583625187,0.5
FARM0283,East Africa,Soybean,0.4942561746122919,0.728643216080402,0.5015120967741935,0.8112464327344349,0.8830620855937313,0.23205342237061777,0.0,Organic,0.0004455335263978677,2024-01-15,2024-05-24,0.6666666666666665,0.7958704113235365,SENS0283,2024-03-08,0.8001215344115823,0.9993910938779931,0.4166666666666667,Moderate,0.6666666666666666,0.2857142857142857,0.5,0.08213670304422749,0.7843193566915566,0.027570361860999426,0.46993956405923276,0.5977382089303933,0.5943093904768071,0.6638318082346475,0.457157258064516,0.9022177419354835,0.43397177419354827,0.7499701207123217,0.4602672943821786,0.7264978483945717,0.6507567864668731,0.30600763512155915,0.6401446654611213,0.11653606590315457,0.6632565640276173,0.7182216376469497,0.5876878824624234,0.7588237902635921,0.6111178102013748,0.2656055307689216,0.6198802202660879,0.5822099147729933,0.4228375939897335,0.6287275139501307,0.6371768989980349,0.75
FARM0052,North India,Cotton,0.2713957495692131,0.5628140703517586,0.691532258064516,0.7476184734113108,0.04460518384569023,0.6060100166944908,0.0,Inorganic,0.7765649365114725,2024-01-20,2024-06-09,0.8500000000000001,0.3486324857285904,SENS0052,2024-03-08,0.621285865783347,0.677716269074319,0.7166666666666666,Mild,0.6666666666666666,0.2857142857142857,0.5,0.4942561746122919,0.4138426191843769,0.06950028719126944,0.5102110961532954,0.5409341698601067,0.5388923057003203,0.648533426659827,0.5015120967741935,0.7787298387096773,0.6476814516129032,0.7603681128241901,0.466131073593507,0.7225256537570344,0.6482536257242715,0.8830620855937313,0.20253164556962033,0.6787221217600966,0.5042080330595173,0.8252508035787178,0.4797383040523395,0.7701458713821857,0.8112464327344349,0.6950440130230316,0.4514650910406368,0.6511399463004368,0.42218008062032225,0.7684083193506852,0.5039816058831488,0.0
FARM0208,South India,Maize,0.4465824238943137,0.9849246231155777,0.07510080645161288,0.9664777523212351,0.7337753666867591,0.11853088480801333,0.0,Inorganic,0.2786812207618623,2024-02-05,2024-05-15,0.16666666666666674,0.5817703340855856,SENS0208,2024-03-08,0.005480378814545439,0.4659854755786639,0.9333333333333331,,0.6666666666666666,0.2857142857142857,0.5,0.2713957495692131,0.08213670304422749,0.8541068351522115,0.42892332369031594,0.42411337898884877,0.4804648302204382,0.5784109671292894,0.691532258064516,0.457157258064516,0.394657258064516,0.6845942392733355,0.679592426121787,0.5888778550148959,0.6982253431259751,0.04460518384569023,0.30600763512155915,0.9706650592726543,0.44479161417124424,0.7189524710040358,0.5516482896703421,0.7815894212286327,0.7476184734113108,0.6111178102013748,0.49640258852847785,0.7605504672984629,0.48863372836148605,0.8540523666445548,0.5445846522509267,0.25
FARM0393,North India,Wheat,0.535611717403791,0.3869346733668344,0.724798387096774,0.8834760239559472,0.5181836447659233,0.5392320534223707,0.0,Organic,0.5119180218311429,2024-02-17,2024-06-07,0.34999999999999987,0.7559331074060375,SENS0393,2024-03-08,0.023273183221493077,0.8905704420415108,0.5333333333333332,Moderate,0.6666666666666666,0.2857142857142857,0.5,0.4465824238943137,0.4942561746122919,0.2518667432510052,0.48552115257926853,0.4165411609443919,0.4592949859191402,0.5556307295286146,0.07510080645161288,0.5015120967741935,0.5786290322580645,0.7192542129795623,0.6959852387605232,0.5556934789804702,0.6459099270187386,0.7337753666867591,0.8830620855937313,0.22483423749246534,0.5183691982059166,0.6891235022839031,0.5497024900595022,0.7810202474755893,0.9664777523212351,0.8112464327344349,0.7255918646247841,0.7972981822604335,0.5163719063260592,0.8343778046591488,0.5190798501877415,1.0
FARM0234,South USA,Cotton,0.561458931648478,0.7688442211055277,0.7636088709677418,0.9652317215322161,0.456298975286317,0.4590984974958263,0.0,Inorganic,0.11539318333704612,2024-01-13,2024-05-22,0.6666666666666665,0.787741557288168,SENS0234,2024-03-09,0.6773586067470577,0.22925142750707472,0.3166666666666666,Moderate,0.8333333333333333,0.2857142857142857,0.5,0.535611717403791,0.2713957495692131,0.7843193566915566,0.4410677970956376,0.3233899749622608,0.5092415757614994,0.5439854154535931,0.724798387096774,0.691532258064516,0.9022177419354835,0.6863869965340026,0.6398138026500236,0.6265309500165506,0.6537770482982168,0.5181836447659233,0.04460518384569023,0.6401446654611213,0.4722572191704886,0.6690726250598663,0.5594032881193423,0.7792299729173714,0.8834760239559472,0.7476184734113108,0.2656055307689216,0.9601369619518951,0.30600690684422893,0.9079174308346671,0.5557917194064932,0.0
FARM0243,Central USA,Soybean,0.64330844342332,0.26633165829145744,0.44858870967741926,0.8663129547007518,0.36025718304199306,0.5859766277128546,0.0,Inorganic,0.16662953887280016,2024-01-05,2024-05-20,0.7666666666666666,0.23019173629403766,SENS0243,2024-03-09,0.9411225910515187,0.7006810575669387,0.08333333333333331,Mild,0.8333333333333333,0.2857142857142857,0.5,0.561458931648478,0.4465824238943137,0.4138426191843769,0.486838713373242,0.3680295868086372,0.5708736606998348,0.527722346178635,0.7636088709677418,0.07510080645161288,0.7787298387096773,0.6081032628182141,0.6017032797747446,0.6117179741807348,0.6573207246715195,0.456298975286317,0.7337753666867591,0.20253164556962033,0.5118177694905006,0.631616369539562,0.5996728800654241,0.7304914474330024,0.9652317215322161,0.9664777523212351,0.6950440130230316,1.0,0.2849014552105511,1.0000000000000002,0.5259594598619215,0.75
FARM0420,South USA,Rice,0.8256748994830557,0.0,0.010080645161290258,0.3589372563205917,0.5525416917821983,0.14023372287145242,0.0,Organic,0.6317665404321675,2024-02-02,2024-05-03,0.016666666666666607,0.19446100741434003,SENS0420,2024-03-09,0.1741350782358757,0.8856263907053319,0.7166666666666666,Moderate,0.8333333333333333,0.2857142857142857,0.5,0.64330844342332,0.535611717403791,0.08213670304422749,0.635150230573139,0.32567027860283065,0.5718447544751237,0.5294223922536572,0.44858870967741926,0.724798387096774,0.457157258064516,0.5020915501374446,0.7802715951679638,0.596160211850381,0.695035689401851,0.36025718304199306,0.5181836447659233,0.30600763512155915,0.573653177442927,0.6110589162502736,0.5845576830884633,0.7213012303030151,0.8663129547007518,0.8834760239559472,0.6111178102013748,0.9413046935663434,0.4725270556844709,0.8910602099348346,0.5545331911557141,0.5
FARM0434,South USA,Soybean,0.8230901780585872,0.8492462311557789,0.41834677419354827,0.17974998995136465,0.6160337552742617,0.43071786310517535,0.0,Mixed,0.18266874582312317,2024-03-04,2024-06-27,0.41666666666666674,0.6971593039024034,SENS0434,2024-03-09,0.2397433220131826,0.8707628425566347,0.26666666666666666,Moderate,0.8333333333333333,0.2857142857142857,0.5,0.8256748994830557,0.561458931648478,0.4942561746122919,0.7007418440122589,0.3793946809293386,0.6615090797267988,0.5079144958857473,0.010080645161290258,0.7636088709677418,0.5015120967741935,0.4823712202701085,0.7795230836372558,0.5935948361469716,0.6963390988628457,0.5525416917821983,0.456298975286317,0.8830620855937313,0.506677417729174,0.5028693843087257,0.6546628690674261,0.675411170148784,0.3589372563205917,0.9652317215322161,0.8112464327344349,0.7943231890430442,0.7074470078311551,0.8056034650954074,0.6472905980470702,0.75
FARM0441,Central USA,Rice,0.634118322802987,0.8844221105527637,0.32056451612903225,0.8550182885164197,0.4798071127185052,0.333889816360601,0.0,Inorganic,0.511249721541546,2024-03-08,2024-07-08,0.5333333333333332,0.5852749746523663,SENS0441,2024-03-09,0.2326475556513582,0.6162139968796123,0.8999999999999999,Moderate,0.8333333333333333,0.2857142857142857,0.5,0.8230901780585872,0.64330844342332,0.2713957495692131,0.7730931171769827,0.2719134049197097,0.7251480918007314,0.45137019827536884,0.41834677419354827,0.44858870967741926,0.691532258064516,0.39440659734671946,0.7348545498786963,0.5398874544852692,0.7048664306172236,0.6160337552742617,0.36025718304199306,0.04460518384569023,0.6158342992491057,0.2728610380838684,0.6267448746510254,0.6646611665776196,0.17974998995136465,0.8663129547007518,0.7476184734113108,0.8193206163287836,0.7181550084348024,0.8839583252038865,0.6455417435848512,0.5
FARM0016,Central USA,Maize,0.15393452039058014,0.8341708542713566,0.709173387096774,0.6139716226536437,0.9871408479003415,0.652754590984975,0.0,Mixed,0.8179995544664738,2024-02-22,2024-05-28,0.10000000000000009,0.9389719553277832,SENS0016,2024-03-10,0.2645365261432706,0.8899629378906737,0.75,Mild,1.0,0.2857142857142857,0.5,0.634118322802987,0.8256748994830557,0.4465824238943137,0.7147194454787614,0.4313410647213747,0.6462305376622535,0.4579700168373061,0.32056451612903225,0.010080645161290258,0.07510080645161288,0.5447591729413173,0.6894585890179558,0.5915259847732535,0.713908664751472,0.4798071127185052,0.5525416917821983,0.7337753666867591,0.6793831577886411,0.45883332651513153,0.6290572741885452,0.6705293690899873,0.8550182885164197,0.3589372563205917,0.9664777523212351,0.7372744197359928,0.6795700138850843,0.9067858118390759,0.634609176576518,0.25
FARM0106,North India,Maize,0.7903503733486502,0.5678391959798992,0.7636088709677418,0.17565014671007684,0.8555354631303999,0.8964941569282139,0.0,Mixed,0.3276899086656271,2024-02-22,2024-05-28,0.10000000000000009,0.1800273226105924,SENS0106,2024-03-10,0.47771835757348846,0.9361405636324673,0.0,Severe,1.0,0.2857142857142857,0.5,0.15393452039058014,0.8230901780585872,0.535611717403791,0.7655314639246126,0.4481383980190964,0.7069238986178097,0.4604125395348408,0.709173387096774,0.41834677419354827,0.724798387096774,0.553961993546074,0.7047509744071019,0.6218967229394239,0.7337944492436007,0.9871408479003415,0.6160337552742617,0.5181836447659233,0.7639973794285144,0.5158925201125351,0.7175770564845885,0.67855088498521,0.6139716226536437,0.17974998995136465,0.8834760239559472,0.5725271538296022,0.758360369590797,0.8000078042689351,0.718226891029498,0.25
FARM0205,North India,Maize,0.5605973578403217,0.5829145728643215,0.9501008064516128,0.7128903894851081,0.6726943942133815,0.8931552587646077,0.0,Inorganic,0.8090888839385164,2024-03-04,2024-06-03,0.016666666666666607,0.377363997051372,SENS0205,2024-03-10,0.6706937518596897,0.19918139904706011,0.75,Mild,1.0,0.2857142857142857,0.5,0.7903503733486502,0.634118322802987,0.561458931648478,0.7653596081688768,0.4482219869246726,0.6817078302528081,0.4399825383397088,0.7636088709677418,0.32056451612903225,0.7636088709677418,0.5981833393091907,0.7985645078304405,0.6297583581595494,0.7478576905657747,0.8555354631303999,0.4798071127185052,0.456298975286317,0.8182734465554604,0.49131083406390064,0.7221454555709088,0.6811606179440272,0.17565014671007684,0.8550182885164197,0.9652317215322161,0.5137944260976135,0.6737876379686165,0.8868537089788118,0.6650101116445061,0.25
FARM0238,South India,Cotton,0.9770246984491674,0.6984924623115578,0.46370967741935476,0.6918686442381127,0.007233273056057921,0.20868113522537557,0.0,Inorganic,0.3613276899086656,2024-02-06,2024-06-10,0.5833333333333335,0.2585936654816805,SENS0238,2024-03-11,0.47160408287721234,0.612944800389347,0.36666666666666664,Severe,0.0,0.2857142857142857,0.5,0.5605973578403217,0.15393452039058014,0.64330844342332,0.8319250708904994,0.5125075719121743,0.7451849933641925,0.49325038285645073,0.9501008064516128,0.709173387096774,0.44858870967741926,0.6017688538305248,0.7973030411041709,0.578037073816617,0.7263859106281159,0.6726943942133815,0.9871408479003415,0.36025718304199306,0.7297283676863382,0.7125145468971552,0.6947350610529877,0.7405914619610182,0.7128903894851081,0.6139716226536437,0.8663129547007518,0.4731923174074526,0.6156023121115526,0.8862371717329383,0.6649657996007022,0.0
FARM0471,East Africa,Maize,0.2742676622630673,0.728643216080402,0.4254032258064515,0.5518308613690263,0.25718304199316855,0.649415692821369,0.0,Inorganic,0.4560035642682112,2024-02-22,2024-06-18,0.44999999999999996,0.9402500295617563,SENS0471,2024-03-11,0.5362217467324717,0.06965493483838303,0.7333333333333332,Mild,0.0,0.2857142857142857,0.5,0.9770246984491674,0.7903503733486502,0.8256748994830557,0.72193738721966,0.5687276852884277,0.7668403845531349,0.44944758394595175,0.46370967741935476,0.7636088709677418,0.010080645161290258,0.7002509860164934,0.5838640171509436,0.5728235683548495,0.7283362422822871,0.007233273056057921,0.8555354631303999,0.5525416917821983,0.6556468275966341,0.7708627167963414,0.6878824624235071,0.7487411960089502,0.6918686442381127,0.17565014671007684,0.3589372563205917,0.5180885200812044,0.5964802104896711,0.8747258750536544,0.6688840426110578,0.25
FARM0292,East Africa,Rice,0.08874210224009194,0.7989949748743719,0.7041330645161288,0.09706981791872665,0.3072131806309023,0.64440734557596,0.0,Inorganic,0.2312319002004901,2024-01-05,2024-05-29,0.9166666666666665,0.8954671134894697,SENS0292,2024-03-11,0.913521796281486,0.39162647682641794,0.7,Moderate,0.0,0.2857142857142857,0.5,0.2742676622630673,0.5605973578403217,0.8230901780585872,0.575458998080944,0.6374712668718026,0.7211342375295371,0.5117015774640706,0.4254032258064515,0.9501008064516128,0.41834677419354827,0.7680172104697025,0.5636547957581739,0.6060906984442238,0.7403059147724683,0.25718304199316855,0.6726943942133815,0.6160337552742617,0.5781887819382152,0.794672633305946,0.6070612785877447,0.7154058811825014,0.5518308613690263,0.7128903894851081,0.17974998995136465,0.4988446174140013,0.6412420597957605,0.7360596246146642,0.7613082097437534,0.5
FARM0006,Central USA,Rice,0.9979896611143021,0.13567839195979925,0.4974798387096775,0.7587925559708992,0.8605585694193291,0.1519198664440734,0.0,Mixed,0.4221430162619737,2024-01-13,2024-05-06,0.3999999999999999,0.5937485061878417,SENS0006,2024-03-12,0.5294256125805172,0.9714431991379882,0.8666666666666665,,0.16666666666666666,0.2857142857142857,0.5,0.08874210224009194,0.9770246984491674,0.634118322802987,0.6480394122533152,0.7314975434904343,0.8030298125789013,0.5375028679828557,0.7041330645161288,0.46370967741935476,0.32056451612903225,0.809967730369308,0.48283166450651765,0.5742303872889769,0.7301457287934143,0.3072131806309023,0.007233273056057921,0.4798071127185052,0.6736884543667798,0.8480215045973277,0.7215814556837086,0.6771743433547183,0.09706981791872665,0.6918686442381127,0.8550182885164197,0.4764479703623319,0.6038971932275249,0.7382292113786242,0.762262347081932,0.5
FARM0134,South USA,Wheat,0.11200459506031024,0.9396984924623113,0.142641129032258,0.3127135335021505,0.45288326300984527,0.20534223706176968,0.0,Inorganic,0.4762753397193139,2024-02-24,2024-07-07,0.7333333333333334,0.44939656278539675,SENS0134,2024-03-12,0.3003672376280404,0.8103242158474822,0.11666666666666664,Moderate,0.16666666666666666,0.2857142857142857,0.5,0.9979896611143021,0.2742676622630673,0.15393452039058014,0.6396757654741788,0.7456494430892397,0.7653190043051823,0.5876223861358465,0.4974798387096775,0.4254032258064515,0.709173387096774,0.675630452970001,0.6705977616545743,0.5853194306521017,0.708164730411143,0.8605585694193291,0.25718304199316855,0.9871408479003415,0.53968653933377,0.7349495996680852,0.6821578635684271,0.6655673894305888,0.7587925559708992,0.5518308613690263,0.6139716226536437,0.40632981261284873,0.6163192210208084,0.6112927771491006,0.7440577732993763,1.0
FARM0417,North India,Rice,0.3087306145893165,0.4321608040201008,0.9672379032258063,0.7573455524739742,0.3080168776371309,0.8848080133555927,0.0,Organic,0.469592336823346,2024-03-11,2024-06-27,0.30000000000000004,0.365247450770241,SENS0417,2024-03-12,0.517981455792959,0.6576003360725182,0.14999999999999997,Mild,0.16666666666666666,0.2857142857142857,0.5,0.11200459506031024,0.08874210224009194,0.7903503733486502,0.5436083980179304,0.7295129446427996,0.7397468682225745,0.6024491234159431,0.142641129032258,0.7041330645161288,0.7636088709677418,0.7239153818572968,0.7582329407733402,0.6251241310824232,0.7664509228885682,0.45288326300984527,0.3072131806309023,0.8555354631303999,0.40235851433754966,0.6436564495848673,0.652660669467866,0.6820975537975498,0.3127135335021505,0.09706981791872665,0.17565014671007684,0.5417200699778282,0.5778956195928977,0.5868029812307329,0.7230079986275884,0.5
FARM0192,Central USA,Cotton,0.6605399195864445,0.6582914572864325,0.2721774193548385,0.6079022468748745,0.133212778782399,0.8297161936560935,0.0,Mixed,0.7193138783693475,2024-01-10,2024-04-16,0.1166666666666667,0.7838217941847622,SENS0192,2024-03-13,0.1986574363077369,0.1990281836261789,0.26666666666666666,Mild,0.3333333333333333,0.2857142857142857,0.5,0.3087306145893165,0.9979896611143021,0.5605973578403217,0.5635436656832696,0.7401217366008307,0.7509144466383968,0.6049087094455612,0.9672379032258063,0.4974798387096775,0.9501008064516128,0.5631648141508303,0.6915038109889683,0.5444389275074477,0.7687424413841194,0.3080168776371309,0.8605585694193291,0.6726943942133815,0.2670463135614576,0.6200265912067496,0.6073150785369847,0.7289356636412827,0.7573455524739742,0.7587925559708992,0.7128903894851081,0.5172839621670673,0.5602097205841148,0.5174230303976277,0.6640878778068171,0.0
FARM0160,Central USA,Rice,0.08701895462377945,0.24623115577889454,0.358366935483871,0.5152538285300858,0.675708257986739,0.25876460767946574,0.0,Organic,0.9532189797282247,2024-02-18,2024-07-04,0.7833333333333332,0.547690031775743,SENS0160,2024-03-13,0.46229350440288,0.8040261607820596,0.13333333333333336,,0.3333333333333333,0.2857142857142857,0.5,0.6605399195864445,0.11200459506031024,0.9770246984491674,0.3860166700083064,0.6577966576676185,0.6882141585472434,0.6483598929603288,0.2721774193548385,0.142641129032258,0.46370967741935476,0.5381857296522052,0.704045539153326,0.5296259516716315,0.775359719577729,0.133212778782399,0.45288326300984527,0.007233273056057921,0.4347124930706048,0.5830264402714656,0.6515890696821858,0.73266496814233,0.6079022468748745,0.3127135335021505,0.6918686442381127,0.4761766659494251,0.5394007974543105,0.4492605455183989,0.620304846759375,0.5
FARM0051,Central USA,Soybean,0.15422171165996557,0.437185929648241,0.3482862903225805,0.589734314080148,0.6373317259393209,0.42404006677796335,0.0,Inorganic,0.8462909333927379,2024-01-13,2024-06-05,0.8999999999999999,0.4803521245468245,SENS0051,2024-03-13,0.3815411825335081,0.3584620977093791,0.3,Moderate,0.3333333333333333,0.2857142857142857,0.5,0.08701895462377945,0.3087306145893165,0.2742676622630673,0.36207143470913405,0.6728797980858247,0.6125335836597285,0.6503983366506082,0.358366935483871,0.9672379032258063,0.4254032258064515,0.5198996055934026,0.7143787802543565,0.5851539225422044,0.6881444847467991,0.675708257986739,0.3080168776371309,0.25718304199316855,0.5300609786826593,0.5786683668128759,0.6634894673021066,0.7372492670895451,0.5152538285300858,0.7573455524739742,0.5518308613690263,0.48499873703118124,0.5425830429354229,0.49407265774378595,0.611669575813808,0.75
FARM0169,North India,Rice,0.3440551407237221,0.316582914572864,0.6411290322580643,0.9670806704449537,0.8207755676110106,0.669449081803005,0.0,Inorganic,0.010247271107150818,2024-01-08,2024-05-21,0.7333333333333334,0.062298571223705745,SENS0169,2024-03-13,0.7875657677486844,0.7204254682083007,0.04999999999999999,Severe,0.3333333333333333,0.2857142857142857,0.5,0.15422171165996557,0.6605399195864445,0.08874210224009194,0.4129980236588091,0.6385663132658113,0.5585407697536657,0.6236621517963664,0.3482862903225805,0.2721774193548385,0.7041330645161288,0.5049599617545115,0.6945382132061421,0.6217312148295266,0.687668930635254,0.6373317259393209,0.133212778782399,0.3072131806309023,0.6588721463488387,0.6122721887732244,0.692225261554948,0.7634118799683401,0.589734314080148,0.6079022468748745,0.09706981791872665,0.6874947376299223,0.47000450078133,0.6469426776446718,0.6211770992122497,0.5
FARM0288,South India,Maize,0.9238943136128662,0.728643216080402,0.5277217741935483,0.7786084649704572,0.1392405063291139,0.8714524207011687,0.0,Organic,0.7253285809757185,2024-02-13,2024-06-27,0.75,0.8643807252316508,SENS0288,2024-03-13,0.0039437428114694195,0.9326476025291561,0.6833333333333331,,0.3333333333333333,0.2857142857142857,0.5,0.3440551407237221,0.08701895462377945,0.9979896611143021,0.39821842866554014,0.5961479371674183,0.5912018903958822,0.6649827744958441,0.6411290322580643,0.358366935483871,0.4974798387096775,0.5121309907971794,0.696838443115603,0.6557431314134394,0.666253001724156,0.8207755676110106,0.675708257986739,0.8605585694193291,0.4779519225923503,0.6163994328001133,0.6444262711147459,0.8087440770884831,0.9670806704449537,0.5152538285300858,0.7587925559708992,0.6921069126493342,0.4743796110007608,0.6321067623990324,0.6070639196314889,0.25
FARM0483,East Africa,Wheat,0.7668006892590465,0.23115577889447225,0.6839717741935483,0.34314080147915915,0.9762909383162547,0.7362270450751252,0.0,Inorganic,0.28915125863221214,2024-02-03,2024-06-20,0.7999999999999998,0.42575218945689386,SENS0483,2024-03-13,0.7297417958266729,0.18612088596566778,0.28333333333333327,,0.3333333333333333,0.2857142857142857,0.5,0.9238943136128662,0.15422171165996557,0.11200459506031024,0.5288288030246614,0.6109237035904179,0.6602790276114328,0.6595572701873392,0.5277217741935483,0.3482862903225805,0.142641129032258,0.6404924106609298,0.6167330601375969,0.6516054286660049,0.6631949144218129,0.1392405063291139,0.6373317259393209,0.45288326300984527,0.6092324749281863,0.7634451864560221,0.6429034714193058,0.8055826099726304,0.7786084649704572,0.589734314080148,0.3127135335021505,0.6991888933586552,0.45660850875015424,0.5795215983142781,0.6268130385427145,1.0
FARM0249,Central USA,Rice,0.7142446869615166,0.7236180904522613,0.2348790322580645,0.15072953092969976,0.4912597950572636,0.340567612687813,0.0,Inorganic,0.9993316997104031,2024-02-23,2024-07-12,0.8333333333333335,0.02601182973434668,SENS0249,2024-03-14,0.8441434474391297,0.9519814859692732,0.04999999999999999,Severe,0.5,0.2857142857142857,0.5,0.7668006892590465,0.3440551407237221,0.3087306145893165,0.6097155787242575,0.6184544092336244,0.651701032596381,0.6514162724076715,0.6839717741935483,0.6411290322580643,0.9672379032258063,0.4668339906776622,0.45465102383478007,0.5647964250248263,0.6788867413875738,0.9762909383162547,0.8207755676110106,0.3080168776371309,0.6551932671471052,0.7337480296246421,0.5917768816446238,0.7643606485014465,0.34314080147915915,0.9670806704449537,0.7573455524739742,0.5579983347522244,0.6054457947987728,0.5746829515745111,0.6344465705630687,0.5
FARM0221,South USA,Maize,0.035898908673176355,0.7587939698492461,0.23336693548387089,0.2649624181036216,0.2304601165360659,0.667779632721202,0.0,Inorganic,0.469815103586545,2024-02-02,2024-05-04,0.033333333333333215,0.9808968156327599,SENS0221,2024-03-14,0.103148988793339,0.9688024862957314,0.6333333333333333,Moderate,0.5,0.2857142857142857,0.5,0.7142446869615166,0.9238943136128662,0.6605399195864445,0.4851201558158852,0.6924794292326442,0.5925614216812867,0.6908095270185289,0.2348790322580645,0.5277217741935483,0.2721774193548385,0.45763117007290544,0.47104709892760377,0.44712015888778556,0.6149881272672342,0.4912597950572636,0.1392405063291139,0.133212778782399,0.6795847402106536,0.6891271904108649,0.5297086940582614,0.7683782304961813,0.15072953092969976,0.7786084649704572,0.6079022468748745,0.47817870541018426,0.6532785568741171,0.48771217856167315,0.6529570846424292,0.25
FARM0399,South USA,Soybean,0.3067202757036187,0.44723618090452266,0.340725806451613,0.37847180352908094,0.8336347197106692,0.8330550918196995,0.0,Organic,0.5047894854087771,2024-02-25,2024-06-22,0.46666666666666656,0.6655345142940526,SENS0399,2024-03-15,0.866963458963199,0.3246717384642812,0.7999999999999998,Severe,0.6666666666666666,0.2857142857142857,0.5,0.035898908673176355,0.7668006892590465,0.08701895462377945,0.5289433735284851,0.6425951364440494,0.5170103259638108,0.6328540827921345,0.23336693548387089,0.6839717741935483,0.358366935483871,0.4534480697980159,0.4743145306983555,0.4269281694803042,0.6214915365364776,0.2304601165360659,0.9762909383162547,0.675708257986739,0.7191956861361695,0.7230934512455469,0.6456952708609456,0.7362731794342691,0.2649624181036216,0.34314080147915915,0.5152538285300858,0.44634253585428163,0.663654511340454,0.42686229367464024,0.648574787634831,0.75
FARM0189,Central USA,Soybean,0.18696151636990244,0.6733668341708543,0.6315524193548387,0.2493669359700953,0.6921840466144266,0.343906510851419,0.0,Organic,0.38338159946535977,2024-03-10,2024-06-18,0.16666666666666674,0.059775129379857295,SENS0189,2024-03-15,0.2983035227843792,0.2902348201571412,0.7333333333333332,Moderate,0.6666666666666666,0.2857142857142857,0.5,0.3067202757036187,0.7142446869615166,0.15422171165996557,0.5354738922464412,0.633445184951942,0.5071699090408828,0.6396874136891311,0.340725806451613,0.2348790322580645,0.3482862903225805,0.5206167084976694,0.4990518239180489,0.46077457795431975,0.6336940488727342,0.8336347197106692,0.4912597950572636,0.6373317259393209,0.7329536864385433,0.7277224561077489,0.706748258650348,0.72155556956919,0.37847180352908094,0.15072953092969976,0.589734314080148,0.36712164728555274,0.6859584214006151,0.36813516993795625,0.6695164271238169,0.75
FARM0038,Central USA,Cotton,0.10999425617461234,0.06030150753768826,0.49546370967741926,0.5791631496442784,0.6849507735583683,0.15025041736227052,0.0,Organic,0.9953218979728224,2024-01-18,2024-06-04,0.7999999999999998,0.4128934543981603,SENS0038,2024-03-15,0.7762289885114829,0.3799111550840486,0.9166666666666665,Moderate,0.6666666666666666,0.2857142857142857,0.5,0.18696151636990244,0.035898908673176355,0.3440551407237221,0.48878641193824646,0.6817013831388554,0.5095652736865954,0.636833765212481,0.6315524193548387,0.23336693548387089,0.6411290322580643,0.48607625194215354,0.46398013197283333,0.4265143992055611,0.607603462946047,0.6921840466144266,0.2304601165360659,0.8207755676110106,0.6988862571183796,0.7006814224523528,0.75976424804715,0.7065063147402076,0.2493669359700953,0.2649624181036216,0.9670806704449537,0.2768334097351508,0.4883584979113131,0.4617395715456354,0.6098856338750691,0.0
FARM0280,East Africa,Soybean,0.8196438828259623,0.20603015075376874,0.18649193548387089,0.05466457655050444,0.3459915611814347,0.1435726210350584,0.0,Mixed,0.5783025172644243,2024-03-10,2024-06-29,0.34999999999999987,0.9203090524387819,SENS0280,2024-03-16,0.10881677786635602,0.9941318994506276,0.16666666666666669,Moderate,0.8333333333333333,0.2857142857142857,0.5,0.10999425617461234,0.3067202757036187,0.9238943136128662,0.46799186549422844,0.639380897925658,0.48946363253811564,0.5959382778029692,0.49546370967741926,0.340725806451613,0.5277217741935483,0.4051631409107206,0.5149069613122416,0.37545514730221763,0.6365639492782855,0.6849507735583683,0.8336347197106692,0.1392405063291139,0.7507433351811723,0.6049658062751828,0.6875440624911873,0.6864280349275269,0.5791631496442784,0.37847180352908094,0.7786084649704572,0.10833465867098258,0.38079459287063455,0.32502438834042247,0.6564952822679291,0.75
FARM0486,South USA,Rice,0.3167719701321081,0.045226130653266416,0.04133064516129037,0.05169018047349172,0.7436206550130601,0.21035058430717857,0.0,Inorganic,0.9095566941412343,2024-01-14,2024-04-24,0.18333333333333335,0.24793885370830226,SENS0486,2024-03-16,0.36374197230700156,0.30378276857261355,0.10000000000000003,,0.8333333333333333,0.2857142857142857,0.5,0.8196438828259623,0.18696151636990244,0.7668006892590465,0.3782258757482887,0.5702708438577399,0.5125432945974817,0.5776660012642795,0.18649193548387089,0.6315524193548387,0.6839717741935483,0.2527787737540337,0.5045991416225912,0.35882158225753047,0.6663008605165545,0.3459915611814347,0.6921840466144266,0.9762909383162547,0.6923852240084669,0.5080644648712267,0.7283494543301092,0.6984575138237764,0.05466457655050444,0.2493669359700953,0.34314080147915915,0.04049920011974817,0.4239622042252886,0.2743434658758337,0.7078864090241899,0.5
FARM0490,South USA,Soybean,0.8701895462377945,0.9698492462311559,0.16683467741935476,0.7536878491900801,0.38135422945549535,0.7796327212020033,0.0,Mixed,0.27110715081309866,2024-01-01,2024-04-10,0.16666666666666674,0.5696059858153887,SENS0490,2024-03-16,0.6971854190094618,0.8793903728642474,0.7833333333333332,Severe,0.8333333333333333,0.2857142857142857,0.5,0.3167719701321081,0.10999425617461234,0.7142446869615166,0.40933176753644773,0.6366105963294498,0.5758262389538082,0.6194041216830978,0.04133064516129037,0.49546370967741926,0.2348790322580645,0.23664395840803154,0.5193210026595089,0.2274081429990069,0.5385672193544223,0.7436206550130601,0.6849507735583683,0.4912597950572636,0.6648188277982163,0.5318408075365528,0.7386424522715096,0.6874889367404194,0.05169018047349172,0.5791631496442784,0.15072953092969976,0.1808384241891272,0.5875710153779768,0.27363327740273924,0.7071160641870315,0.75
FARM0469,South India,Soybean,0.20275703618609997,0.15577889447236215,0.5670362903225805,0.8548977048916759,0.030540486236688813,0.979966611018364,0.0,Inorganic,0.9674760525729562,2024-01-14,2024-06-12,1.0,0.6564169138532682,SENS0469,2024-03-17,0.3007034230457687,0.9465443914143283,0.5166666666666666,Moderate,1.0,0.2857142857142857,0.5,0.8701895462377945,0.8196438828259623,0.035898908673176355,0.4426144988972588,0.5922561127003403,0.5242287896934583,0.6197714362574799,0.16683467741935476,0.18649193548387089,0.23336693548387089,0.3157643121787974,0.5698432775552221,0.27581926514399147,0.5509364797636895,0.38135422945549535,0.3459915611814347,0.2304601165360659,0.6146752003225322,0.6524181270013971,0.7242322551535492,0.7215257990789239,0.7536878491900801,0.05466457655050444,0.2649624181036216,0.3181465230936189,0.7277679706197402,0.3215905100089751,0.7521580977710576,0.75
FARM0198,South India,Soybean,0.8920160827110858,0.613065326633166,0.011592741935483875,0.9382209895896139,0.5033152501506933,0.46911519198664453,0.0,Organic,0.07395856538204498,2024-02-11,2024-05-26,0.25,0.32707127276569725,SENS0198,2024-03-17,0.050226629888721286,0.22201760675509785,0.6499999999999999,Severe,1.0,0.2857142857142857,0.5,0.20275703618609997,0.3167719701321081,0.3067202757036187,0.5593618422937013,0.6788000681032634,0.614961318097951,0.6353801811194887,0.5670362903225805,0.04133064516129037,0.340725806451613,0.23771961276443188,0.6547203261471305,0.21888447533929112,0.6157388439461421,0.030540486236688813,0.7436206550130601,0.8336347197106692,0.5318248248752708,0.577491585852693,0.700036659992668,0.7159479512133898,0.8548977048916759,0.05169018047349172,0.37847180352908094,0.4484287732362877,0.8485628375321148,0.403714832013111,0.8164196271044596,0.75
FARM0260,Central USA,Cotton,0.4451464675473866,0.391959798994975,0.7323588709677418,0.9870573576108368,0.5939320876029738,0.5175292153589317,0.0,Organic,0.30006683002895973,2024-01-07,2024-05-30,0.8999999999999999,0.31097961370961036,SENS0260,2024-03-17,0.9197779598809926,0.5109889003939538,0.5666666666666667,Mild,1.0,0.2857142857142857,0.5,0.8920160827110858,0.8701895462377945,0.18696151636990244,0.6108612837624955,0.6342089721806596,0.6477519179102063,0.6112906104024901,0.011592741935483875,0.16683467741935476,0.6315524193548387,0.26162304290665706,0.713854603817621,0.2819430652101951,0.6704055378340096,0.5033152501506933,0.38135422945549535,0.6921840466144266,0.5071813737842061,0.5524542088353016,0.6939454612109079,0.7135164899777802,0.9382209895896139,0.7536878491900801,0.2493669359700953,0.6201270453078369,0.8973004915043222,0.4808600304366488,0.8796199287364449,0.0
FARM0202,South India,Cotton,0.8242389431361289,0.18592964824120584,0.340725806451613,0.7601591703846619,0.04219409282700426,0.6327212020033388,0.0,Inorganic,0.4573401648474048,2024-03-17,2024-06-23,0.1333333333333333,0.9640554201165864,SENS0202,2024-03-17,0.5306767492131251,0.047637528364880666,0.9333333333333331,Severe,1.0,0.2857142857142857,0.5,0.4451464675473866,0.20275703618609997,0.10999425617461234,0.753329705267379,0.5573214356115587,0.7018742109863074,0.6267692326134274,0.7323588709677418,0.5670362903225805,0.49546370967741926,0.2249312776383412,0.6867031096318773,0.23262164846077438,0.6420899510716316,0.5939320876029738,0.030540486236688813,0.6849507735583683,0.3459658317794687,0.6093438597343509,0.5846704830659033,0.7525780887260076,0.9870573576108368,0.8548977048916759,0.5791631496442784,0.6622540719050247,0.9064673431738858,0.44068365395871556,0.8391312455404875,0.0
FARM0374,East Africa,Wheat,0.5241240666283746,0.5678391959798992,0.41985887096774177,0.0765304071707062,0.767128792445248,0.6761268781302172,0.0,Organic,0.2838048563154377,2024-03-04,2024-06-27,0.41666666666666674,0.3700050066293811,SENS0374,2024-03-17,0.8375683941347037,0.15298950324155758,0.08333333333333331,Severe,1.0,0.2857142857142857,0.5,0.8242389431361289,0.8920160827110858,0.8196438828259623,0.6943831810500386,0.5349177525245804,0.6568154598129026,0.5885362516919651,0.340725806451613,0.011592741935483875,0.18649193548387089,0.280267718417593,0.6845765352718463,0.21491228070175428,0.6318605314343113,0.04219409282700426,0.5033152501506933,0.3459915611814347,0.4515950209141766,0.692587785363689,0.672795465440907,0.7328490947215804,0.7601591703846619,0.9382209895896139,0.05466457655050444,0.6673433684781693,0.8948653561188156,0.3043664884691928,0.8622820100658887,1.0
FARM0001,North India,Wheat,0.7406662837449743,0.24120603015075393,0.140625,0.10229510832428962,0.7394012457303597,0.5442404006677795,0.0,Organic,0.028736912452662078,2024-01-08,2024-05-09,0.5333333333333332,0.5999174786715072,SENS0001,2024-03-19,0.19884856994882716,0.6497970146025307,0.5499999999999998,Mild,0.16666666666666666,0.2857142857142857,0.5,0.5241240666283746,0.4451464675473866,0.3167719701321081,0.778936212871996,0.49324491639898765,0.6538698086945263,0.5853914046537253,0.41985887096774177,0.7323588709677418,0.04133064516129037,0.30381259710768505,0.6459153393420773,0.12570340946706393,0.5976106783164726,0.767128792445248,0.5939320876029738,0.7436206550130601,0.45053671319860933,0.690986754757052,0.6395476720904654,0.6754703848547176,0.0765304071707062,0.9870573576108368,0.05169018047349172,0.6791217221281494,0.8677265146325077,0.25760330901002826,0.8928203889617736,1.0
FARM0102,East Africa,Soybean,0.37708213670304425,0.9798994974874371,0.8251008064516128,0.958559427629728,0.8036970062286518,0.28881469115191993,0.0,Mixed,0.0781911338828247,2024-02-21,2024-06-06,0.2666666666666666,0.7461613744832983,SENS0102,2024-03-19,0.20208186733483635,0.538333747248632,0.9333333333333331,Moderate,0.16666666666666666,0.2857142857142857,0.5,0.7406662837449743,0.8242389431361289,0.8701895462377945,0.6805774353392718,0.48341831054799,0.6158676722882206,0.5759350869776572,0.140625,0.340725806451613,0.16683467741935476,0.459901995936417,0.7556826295794541,0.22260840781198254,0.6931532152078407,0.7394012457303597,0.04219409282700426,0.38135422945549535,0.556468275966336,0.7542548718136842,0.6833986633202676,0.7048146330619388,0.10229510832428962,0.7601591703846619,0.7536878491900801,0.726805811527631,0.9072955233808241,0.41445350606781917,0.9285287312989541,0.75
FARM0407,East Africa,Maize,0.8782309017805862,0.20603015075376874,0.5090725806451613,0.805257446038828,0.8834639340968456,0.9449081803005008,0.0,Mixed,0.45266206282022725,2024-01-22,2024-05-11,0.33333333333333326,0.33787452229459614,SENS0407,2024-03-20,0.9596948235533019,0.3279172516558284,0.9166666666666665,Mild,0.3333333333333333,0.2857142857142857,0.5,0.37708213670304425,0.5241240666283746,0.20275703618609997,0.8153123478360497,0.4104001672560976,0.7108082737189656,0.55596134823493,0.8251008064516128,0.41985887096774177,0.5670362903225805,0.44615752360463734,0.7467311108920098,0.26787487586891734,0.6919637733712111,0.8036970062286518,0.767128792445248,0.030540486236688813,0.7703976213274208,0.6482103790741358,0.7750486449902709,0.7073901153354886,0.958559427629728,0.0765304071707062,0.8548977048916759,0.7152519856676429,0.899604149198543,0.5193584890935343,0.9327958764781563,0.25
FARM0453,North India,Soybean,0.23147616312464103,0.4824120603015074,0.766633064516129,0.008882993689456997,0.26260799678521185,0.954924874791319,0.0,Organic,0.21051459122298952,2024-01-13,2024-05-20,0.6333333333333333,0.5174540157444657,SENS0453,2024-03-21,0.9328061156999913,0.4728956412716281,0.3333333333333333,Severe,0.5,0.2857142857142857,0.5,0.8782309017805862,0.7406662837449743,0.8920160827110858,0.6835562684386903,0.4649255788390247,0.7023273880814422,0.565809670002866,0.5090725806451613,0.140625,0.011592741935483875,0.6251942153699059,0.6413330805436149,0.3378020523005625,0.7431158798494305,0.8834639340968456,0.7394012457303597,0.5033152501506933,0.7100236859345868,0.7148737377950726,0.6949042610191478,0.7098523719704705,0.805257446038828,0.10229510832428962,0.9382209895896139,0.49894752598441405,1.0,0.44759823623522044,0.9947675561827459,0.75
FARM0148,East Africa,Cotton,0.8598506605399198,0.08040201005025116,0.10131048387096786,0.755416214478074,0.5877034358047016,0.3823038397328882,0.0,Inorganic,0.7919358431721988,2024-01-09,2024-05-19,0.6833333333333331,0.07885567069964494,SENS0148,2024-03-21,0.7795080875073387,0.6904458168184466,0.8499999999999999,Moderate,0.5,0.2857142857142857,0.5,0.23147616312464103,0.37708213670304425,0.4451464675473866,0.7662761721994672,0.4903171102946447,0.7781698119315057,0.5555883279454632,0.766633064516129,0.8251008064516128,0.7323588709677418,0.47555874267957465,0.7127945131125419,0.250744786494538,0.7556990172449739,0.26260799678521185,0.8036970062286518,0.5939320876029738,0.7084614221639873,0.714823913329125,0.6802402639519469,0.7017867622531903,0.008882993689456997,0.958559427629728,0.9870573576108368,0.4450327904126634,0.9268591300242746,0.545853982128224,0.9876765756787691,0.0
FARM0487,East Africa,Rice,0.3282596209075245,0.7386934673366836,0.36441532258064524,0.78190441738012,0.526622463331324,0.3706176961602672,0.0,Organic,0.5845399866339942,2024-01-04,2024-04-11,0.1333333333333333,0.6276325687530976,SENS0487,2024-03-21,0.12029392462464294,0.586384857109095,0.9166666666666665,Mild,0.5,0.2857142857142857,0.5,0.8598506605399198,0.8782309017805862,0.8242389431361289,0.6673445421476242,0.5035638283555128,0.8027708542388241,0.5138967489681876,0.10131048387096786,0.5090725806451613,0.340725806451613,0.48117604876299724,0.7094952618871505,0.22922873220787787,0.7502042164374269,0.5877034358047016,0.8834639340968456,0.04219409282700426,0.8299652270322031,0.4816124806768956,0.6580186683962665,0.6922020719123123,0.755416214478074,0.805257446038828,0.7601591703846619,0.450094021012059,0.9322880224301653,0.5852187146369066,1.0,0.5
FARM0047,East Africa,Cotton,0.23004020677771408,0.7738693467336684,0.04385080645161288,0.7476586679528922,0.703837653204742,0.8113522537562603,0.0,Mixed,0.7932724437513923,2024-03-05,2024-07-04,0.5166666666666666,0.965031587051196,SENS0047,2024-03-21,0.5025780220815007,0.5900089525873375,0.8666666666666665,Severe,0.5,0.2857142857142857,0.5,0.3282596209075245,0.23147616312464103,0.5241240666283746,0.6086844441898432,0.5586158226796963,0.7363156702165536,0.5289233013661546,0.36441532258064524,0.766633064516129,0.41985887096774177,0.39201625433249654,0.8092215148893286,0.20580933465739815,0.776587990095598,0.526622463331324,0.26260799678521185,0.767128792445248,0.8140906112986952,0.4716426682710571,0.7082428583514284,0.6914376112797905,0.78190441738012,0.008882993689456997,0.0765304071707062,0.6062998755741831,0.8465424201345864,0.7197721153470951,0.9348406986803303,0.0
FARM0287,Central USA,Wheat,0.2682366456059736,0.08040201005025116,0.884072580645161,0.3727239840829616,0.82861161342174,0.3021702838063439,0.0,Organic,0.1113833815994654,2024-01-25,2024-05-06,0.19999999999999996,0.9132343580570251,SENS0287,2024-03-21,0.5062849097147778,0.7991478518797437,0.8999999999999999,Mild,0.5,0.2857142857142857,0.5,0.23004020677771408,0.8598506605399198,0.7406662837449743,0.5144502047947755,0.5496649062067037,0.7308451752824263,0.535458630927369,0.04385080645161288,0.10131048387096786,0.140625,0.5683040516314088,0.8719839307894406,0.34417411453161195,0.820391220401566,0.703837653204742,0.5877034358047016,0.7394012457303597,0.8364662601421162,0.4929747751879187,0.7201714559657089,0.7060703192846446,0.7476586679528922,0.755416214478074,0.10229510832428962,0.6692424993685158,0.7378744948950261,0.7821048113317988,0.8632710857868726,1.0
FARM0089,Central USA,Soybean,0.2208500861573809,0.9849246231155777,0.7983870967741935,0.2371879898709756,0.4916616435603779,0.360601001669449,0.0,Inorganic,0.8044107819113389,2024-03-05,2024-07-12,0.6499999999999999,0.8839418023362592,SENS0089,2024-03-21,0.3094020856067321,1.0000000000000004,0.7166666666666666,Severe,0.5,0.2857142857142857,0.5,0.2682366456059736,0.3282596209075245,0.37708213670304425,0.48328702775470445,0.5737023397691988,0.6576570744181527,0.5284239207724667,0.884072580645161,0.36441532258064524,0.8251008064516128,0.5619696426437191,0.8616025735287832,0.4478649453823236,0.8378754664323851,0.82861161342174,0.526622463331324,0.8036970062286518,0.7582018847956464,0.48565013403371105,0.7356532528693496,0.6971617814769768,0.3727239840829616,0.78190441738012,0.958559427629728,0.5013424890776588,0.7241040647568324,0.6818199555156672,0.8980740031537413,0.75
FARM0318,Central USA,Cotton,0.0,0.23115577889447225,0.11844758064516137,0.5320953414526309,0.09142053445850917,0.360601001669449,0.0,Inorganic,0.7709957674314992,2024-03-07,2024-06-22,0.2833333333333332,0.04747995461326937,SENS0318,2024-03-21,0.7971674506855989,0.6852060997762854,0.9666666666666666,Severe,0.5,0.2857142857142857,0.5,0.2208500861573809,0.23004020677771408,0.8782309017805862,0.3081087274081289,0.5040052911524818,0.634804000906354,0.5688827174277428,0.7983870967741935,0.04385080645161288,0.5090725806451613,0.469343850842596,0.9332834487222904,0.37421383647798745,0.8693955441774779,0.4916616435603779,0.703837653204742,0.8834639340968456,0.559542407902031,0.5734370222561159,0.7441978511604295,0.6753322250241123,0.2371879898709756,0.7476586679528922,0.805257446038828,0.437763703211683,0.6716483940976169,0.6191438716978188,0.8793611251086672,0.0
FARM0059,South India,Wheat,0.6599655370476739,0.0201005025125629,0.015120967741935498,0.7931588890228709,0.23447860156720923,0.32220367278798,0.0,Inorganic,0.051459122298953,2024-03-14,2024-07-15,0.5499999999999998,0.10844510193145196,SENS0059,2024-03-22,0.4765091390226194,0.7781100226919047,0.5166666666666666,,0.6666666666666666,0.2857142857142857,0.5,0.0,0.2682366456059736,0.23147616312464103,0.39357832326067654,0.5574057088673227,0.6086492085585731,0.5340560511786477,0.11844758064516137,0.884072580645161,0.766633064516129,0.29114377913230527,0.9289878433325177,0.37479311486262823,0.8684309017552684,0.09142053445850917,0.82861161342174,0.26260799678521185,0.5524870231315833,0.5838498074865177,0.7064662587067478,0.7100920380801736,0.5320953414526309,0.3727239840829616,0.008882993689456997,0.6203047964749138,0.507429877589303,0.5909782651110163,0.8553858575163854,1.0
FARM0344,North India,Wheat,0.14158529580700752,0.7437185929648242,0.2797379032258065,0.5818963784718036,0.3492063492063492,0.8547579298831387,0.0,Mixed,0.5705056805524616,2024-01-27,2024-06-02,0.6166666666666667,0.7621700090320599,SENS0344,2024-03-22,0.7162926575535343,0.9646190043200735,0.16666666666666669,,0.6666666666666666,0.2857142857142857,0.5,0.6599655370476739,0.2208500861573809,0.8598506605399198,0.2503079082290265,0.38737749704622454,0.574434337875894,0.5597797786895055,0.015120967741935498,0.7983870967741935,0.10131048387096786,0.3334528504840446,0.8966465530988788,0.30047997351870226,0.8416348994200833,0.23447860156720923,0.4916616435603779,0.5877034358047016,0.4926674393992847,0.5871571431355862,0.6721186655762668,0.7201900674750655,0.7931588890228709,0.2371879898709756,0.755416214478074,0.5799178602501616,0.48427465548547444,0.5123112342451324,0.7998579182729706,1.0
FARM0081,South India,Maize,0.42676622630672034,0.613065326633166,0.24243951612903214,0.41790264882029027,0.6628491058870806,0.08347245409015025,0.0,Organic,0.9545555803074182,2024-03-17,2024-08-04,0.8333333333333335,0.9886885398505055,SENS0081,2024-03-22,0.390638887616622,0.4697945811811408,0.6333333333333333,Moderate,0.6666666666666666,0.2857142857142857,0.5,0.14158529580700752,0.0,0.3282596209075245,0.26995674963480665,0.4033685699762979,0.5296345450425664,0.5206756785170977,0.2797379032258065,0.11844758064516137,0.36441532258064524,0.3045297000119518,0.9032642775280847,0.28434293280370726,0.8485810207767062,0.3492063492063492,0.09142053445850917,0.526622463331324,0.5268356599304542,0.6114979602053484,0.7592284481543103,0.632799479107681,0.5818963784718036,0.5320953414526309,0.78190441738012,0.4951960408266365,0.4528334837243491,0.4458578842626917,0.7863131593081923,0.25
FARM0316,Central USA,Wheat,0.11688684663986221,0.13567839195979925,0.41834677419354827,0.6989830780979944,0.5513361462728551,0.43739565943238734,0.0,Organic,0.09913120962352417,2024-03-20,2024-07-12,0.3999999999999999,0.7766791706606485,SENS0316,2024-03-22,0.8802569358210549,0.07983379631762277,0.0,,0.6666666666666666,0.2857142857142857,0.5,0.42676622630672034,0.6599655370476739,0.23004020677771408,0.24738636038151984,0.41941474623420055,0.48373417926391094,0.5389733937284322,0.24243951612903214,0.015120967741935498,0.04385080645161288,0.3933309429903191,0.8407198131287047,0.28409467063886096,0.8485551270741671,0.6628491058870806,0.23447860156720923,0.703837653204742,0.48858539535352574,0.5764728425979074,0.7289416542116691,0.6155875992295903,0.41790264882029027,0.7931588890228709,0.7476586679528922,0.4838667427566403,0.4341881453275577,0.5667147929917664,0.7276600905261501,1.0
FARM0240,South India,Cotton,0.49770246984491673,0.9949748743718594,0.8563508064516128,0.5188311427308173,0.7193088205746435,0.7846410684474125,0.0,Inorganic,0.5624860770773001,2024-03-02,2024-06-25,0.41666666666666674,0.09367680320424276,SENS0240,2024-03-22,0.059921077100123954,0.8139614297702571,0.4833333333333332,,0.6666666666666666,0.2857142857142857,0.5,0.11688684663986221,0.14158529580700752,0.2682366456059736,0.2931572766591243,0.4526193472056724,0.4563493348007639,0.5084168750471345,0.41834677419354827,0.2797379032258065,0.884072580645161,0.3867574997012069,0.8236478431410331,0.40160542866600446,0.8857399555467674,0.5513361462728551,0.3492063492063492,0.82861161342174,0.4611701859597843,0.5209389680182315,0.7261216547756693,0.6126834126991059,0.6989830780979944,0.5818963784718036,0.3727239840829616,0.5178733476157957,0.40962603762202215,0.6475904319662857,0.6509791210288896,0.0
FARM0105,South India,Maize,0.8767949454336589,0.005025125628140614,0.5725806451612903,0.10715864785562124,0.9829214386176414,0.2838063439065108,0.0,Organic,0.85208286923591,2024-02-09,2024-05-21,0.19999999999999996,0.8080297278054106,SENS0105,2024-03-22,0.16247216271037912,0.4585581327346251,0.25000000000000006,Mild,0.6666666666666666,0.2857142857142857,0.5,0.49770246984491673,0.42676622630672034,0.2208500861573809,0.4239967920258929,0.6073553889962314,0.5126727737675201,0.5691385805227271,0.8563508064516128,0.24243951612903214,0.7983870967741935,0.33321381618262214,0.7263327404277143,0.3601456471367097,0.842137170524753,0.7193088205746435,0.6628491058870806,0.4916616435603779,0.5843874414151087,0.7007843421949427,0.7512760497447903,0.6598142839900041,0.5188311427308173,0.41790264882029027,0.2371879898709756,0.48760887258983465,0.4967076427106152,0.4822804073828384,0.6655640480327176,0.25
FARM0172,Central USA,Rice,0.09190120620333142,0.391959798994975,0.553931451612903,0.4926644961614214,0.05023106288929069,0.0016694490818028873,0.0,Inorganic,0.8249053241256404,2024-03-20,2024-07-18,0.5,0.19501702002400156,SENS0172,2024-03-23,0.20697130929506846,0.6380867499704581,0.9833333333333332,Severe,0.8333333333333333,0.2857142857142857,0.5,0.8767949454336589,0.11688684663986221,0.0,0.44232807263769935,0.5745859393981283,0.42404428187615295,0.52785045927695,0.5725806451612903,0.41834677419354827,0.11844758064516137,0.4364766343970361,0.6917972341495852,0.3675107580271435,0.8452520374108224,0.9829214386176414,0.5513361462728551,0.09142053445850917,0.5740563422869525,0.722709602252148,0.6343306731338654,0.69993768313761,0.10715864785562124,0.6989830780979944,0.5320953414526309,0.478431299173925,0.4971264829334656,0.4215866078745072,0.634115332467196,0.5
FARM0095,North India,Wheat,0.9454336588167721,0.5025125628140703,0.9742943548387095,0.21552313195868006,0.34980912196102076,0.048414023372287174,0.0,Mixed,0.8834929828469593,2024-03-22,2024-07-20,0.5,0.2816367401056171,SENS0095,2024-03-23,0.8477728246557433,0.4305320280314122,0.8833333333333331,Moderate,0.8333333333333333,0.2857142857142857,0.5,0.09190120620333142,0.49770246984491673,0.6599655370476739,0.49926961303812345,0.6792028514616427,0.5045155860550934,0.6015830428866211,0.553931451612903,0.8563508064516128,0.015120967741935498,0.6639177722003105,0.7012509652362481,0.40160542866600446,0.9035533989099234,0.05023106288929069,0.7193088205746435,0.23447860156720923,0.60298341984579,0.6912974812969948,0.646569470686106,0.6874630274313416,0.4926644961614214,0.5188311427308173,0.7931588890228709,0.3439859295918273,0.4668970380935631,0.4617083544698952,0.5674825393877887,1.0
FARM0447,South India,Wheat,0.008328546812176929,0.4974874371859297,0.7313508064516128,0.49314683066039644,0.9252561784207355,0.9398998330550918,0.0,Inorganic,0.4896413455112498,2024-03-19,2024-06-21,0.06666666666666665,0.40545898715132855,SENS0447,2024-03-23,0.9932050669392133,0.12365030232506902,0.9333333333333331,Mild,0.8333333333333333,0.2857142857142857,0.5,0.9454336588167721,0.8767949454336589,0.14158529580700752,0.4726892561510039,0.7203444684254088,0.4085391512640404,0.5774779354469469,0.9742943548387095,0.5725806451612903,0.2797379032258065,0.7710051392374804,0.6410422737121562,0.5050479973518702,0.8833032759812244,0.34980912196102076,0.9829214386176414,0.3492063492063492,0.7474676208234643,0.741516510374965,0.6939454612109079,0.7425544503582405,0.21552313195868006,0.10715864785562124,0.5818963784718036,0.32332937291259345,0.44875256357353516,0.4107854996683189,0.5408929241602984,1.0
FARM0296,South India,Soybean,0.9032165422171167,0.6331658291457285,0.0,0.1467502713131557,0.14526823387582888,0.5308848080133557,0.0,Mixed,0.5783025172644243,2024-01-07,2024-05-19,0.7166666666666668,0.8770759271698957,SENS0296,2024-03-23,0.5706250814740177,0.9134875635143005,0.3,Severe,0.8333333333333333,0.2857142857142857,0.5,0.008328546812176929,0.09190120620333142,0.42676622630672034,0.5677254890728382,0.7989158514297642,0.4733434758683197,0.6434444635909864,0.7313508064516128,0.553931451612903,0.24243951612903214,0.7135173897454283,0.8134557881639826,0.44521681562396553,0.9495959625627347,0.9252561784207355,0.05023106288929069,0.6628491058870806,0.617648541047221,0.8349169698688513,0.6404218719156258,0.788017015390972,0.49314683066039644,0.4926644961614214,0.41790264882029027,0.26021835327576703,0.5059255628292209,0.2874624419557499,0.5478889313556966,0.75
FARM0061,South India,Maize,0.622917863296956,0.5829145728643215,0.7177419354838708,0.38208931227139364,0.595539481615431,0.2938230383973288,0.0,Organic,0.7939407440409891,2024-01-28,2024-06-07,0.6833333333333331,0.6491283684677952,SENS0061,2024-03-23,0.4302911509047741,0.8883389545701257,0.4166666666666667,Severe,0.8333333333333333,0.2857142857142857,0.5,0.9032165422171167,0.9454336588167721,0.11688684663986221,0.6686621029415977,0.7361613944373383,0.5176253520214935,0.6481237243475025,0.0,0.9742943548387095,0.41834677419354827,0.7845105772678376,0.7975148378649378,0.5558589870903674,0.9056589566298284,0.14526823387582888,0.34980912196102076,0.5513361462728551,0.6287355742579248,0.8366621452430789,0.6252220749555848,0.7778987030203875,0.1467502713131557,0.21552313195868006,0.6989830780979944,0.18646097426350217,0.39836714627054426,0.21648261599094698,0.5060862270472395,0.25
FARM0199,South India,Wheat,0.45692130959218846,0.7989949748743719,0.4516129032258065,0.8600828007556576,0.44444444444444453,0.11686143572621033,0.0,Mixed,0.6538204499888617,2024-01-13,2024-05-08,0.43333333333333335,0.03013286437066165,SENS0199,2024-03-23,0.0,0.09002106962389123,0.5999999999999999,Moderate,0.8333333333333333,0.2857142857142857,0.5,0.622917863296956,0.008328546812176929,0.49770246984491673,0.6605275971701087,0.7389489730892534,0.5388923057003203,0.6434798696915998,0.7177419354838708,0.7313508064516128,0.8563508064516128,0.6885383052468028,0.767919369051865,0.4848560079443889,0.8579696379472753,0.595539481615431,0.9252561784207355,0.7193088205746435,0.5597943859295473,0.8185670369000015,0.571303685739263,0.7397520195073225,0.38208931227139364,0.49314683066039644,0.5188311427308173,0.26588767997305685,0.5903077332585448,0.3111093768291253,0.5807043462405926,1.0
FARM0452,South USA,Soybean,0.8139000574382541,0.18090452261306567,0.05947580645161288,0.18292535873628368,0.7580872011251757,0.25876460767946574,0.0,Inorganic,0.627311205168189,2024-03-04,2024-07-27,0.9166666666666665,0.6345512776968497,SENS0452,2024-03-24,0.29322226656472883,0.37725792464204666,0.28333333333333327,Moderate,1.0,0.2857142857142857,0.5,0.45692130959218846,0.9032165422171167,0.8767949454336589,0.6479821270014036,0.7237981828980216,0.6057359272327065,0.6611613308433045,0.4516129032258065,0.0,0.5725806451612903,0.5668698458228754,0.9112716745083049,0.3635385633896062,0.8702818601372763,0.44444444444444453,0.14526823387582888,0.9829214386176414,0.503401703371466,0.7209579391598258,0.6086968782606244,0.7651229962338204,0.8600828007556576,0.1467502713131557,0.10715864785562124,0.28352246681198623,0.5629802506337278,0.3005736137667303,0.5919828184376462,0.75
FARM0182,South India,Soybean,0.8004020677771398,0.22110552763819102,0.613407258064516,0.9469030105711647,0.7114727747639141,0.7095158597662772,0.0,Inorganic,0.8966362218756962,2024-02-15,2024-05-31,0.2666666666666666,0.2136698593363574,SENS0182,2024-03-24,0.6776420642625415,0.8244689533484082,0.4000000000000001,,1.0,0.2857142857142857,0.5,0.8139000574382541,0.622917863296956,0.09190120620333142,0.7893048434680491,0.6266505940756296,0.6959505389570453,0.6275553107662056,0.05947580645161288,0.7177419354838708,0.553931451612903,0.5809728696067884,0.916922847310905,0.444803045349222,0.8442108306210688,0.7580872011251757,0.595539481615431,0.05023106288929069,0.6692536410824983,0.6063960913240526,0.6957220608555876,0.7192203960772897,0.18292535873628368,0.38208931227139364,0.4926644961614214,0.3892469899243156,0.7354237986625392,0.3811136691770396,0.6765215481015235,0.75
FARM0034,East Africa,Soybean,0.6671453187823091,0.3316582914572863,0.4984879032258065,0.32589734314080154,0.4852320675105485,0.353923205342237,0.0,Inorganic,0.27912675428826017,2024-03-23,2024-08-16,0.9333333333333331,0.2720964694457234,SENS0034,2024-03-25,0.5169271379662997,0.1903229440593477,0.23333333333333334,Severe,0.0,0.2857142857142857,0.5,0.8004020677771398,0.45692130959218846,0.9454336588167721,0.7337954343654226,0.5775522378808254,0.6967597837697861,0.6279930169947421,0.613407258064516,0.4516129032258065,0.9742943548387095,0.46814867933548454,0.7563684845201644,0.5241641840450177,0.7682095125679557,0.7114727747639141,0.44444444444444453,0.34980912196102076,0.7032202791916549,0.5760612749973361,0.7309156538168691,0.6867543003429175,0.9469030105711647,0.8600828007556576,0.21552313195868006,0.4149367112291962,0.7097943592982668,0.29038904280641487,0.646372723205245,0.75
FARM0462,Central USA,Soybean,0.47616312464101096,0.829145728643216,0.4989919354838708,0.7069014027895013,0.3739200321478803,0.981636060100167,0.0,Organic,0.8286923591000224,2024-01-28,2024-06-12,0.7666666666666666,0.9344458617314885,SENS0462,2024-03-25,0.7008744103843462,0.05163785282106659,0.8666666666666665,Mild,0.0,0.2857142857142857,0.5,0.6671453187823091,0.8139000574382541,0.008328546812176929,0.8271131097299004,0.32678550996628036,0.7344705920435048,0.5929561868848754,0.4984879032258065,0.05947580645161288,0.7313508064516128,0.41305127285765497,0.6899722237477571,0.5601621979476996,0.7491693928360376,0.4852320675105485,0.7580872011251757,0.9252561784207355,0.5649347376908735,0.47847787842928485,0.7343842531231495,0.6833251199469015,0.32589734314080154,0.18292535873628368,0.49314683066039644,0.4646883273615179,0.7367924299337393,0.31466031919459936,0.6635276575503275,0.75
FARM0183,North India,Soybean,1.0,0.9648241206030148,0.8462701612903223,0.5634872784275897,0.591922845087402,0.28213689482470783,0.0,Inorganic,0.06282022722209848,2024-02-21,2024-06-10,0.33333333333333326,0.8610421336795203,SENS0183,2024-03-25,0.656546339218253,0.9525260015581911,0.6499999999999999,Mild,0.0,0.2857142857142857,0.5,0.47616312464101096,0.8004020677771398,0.9032165422171167,0.8464182396242087,0.3715304994615068,0.7990806978927265,0.6301862873018699,0.4989919354838708,0.613407258064516,0.0,0.6137205689016376,0.6309680918847298,0.6593015557762332,0.7533984848934647,0.3739200321478803,0.7114727747639141,0.14526823387582888,0.6769641687244874,0.3187332005341709,0.724429655114069,0.679401917247169,0.7069014027895013,0.9469030105711647,0.1467502713131557,0.5616843326379206,0.6437822693940044,0.34292738127755884,0.6658184245110631,0.75
FARM0279,South India,Wheat,0.6211947156806434,0.25125628140703515,0.46219758064516125,0.8588769645082202,0.5414908579465544,0.0033388981636061077,0.0,Organic,0.21630652706616174,2024-03-16,2024-07-13,0.4833333333333334,0.40683266536343354,SENS0279,2024-03-26,0.6015933755498196,0.005579795192040216,0.8833333333333331,Moderate,0.16666666666666666,0.2857142857142857,0.5,1.0,0.6671453187823091,0.622917863296956,0.8460745281127374,0.37172327430127033,0.8559220535396366,0.5741412306584731,0.8462701612903223,0.4984879032258065,0.7177419354838708,0.5531253734910959,0.5944873136102197,0.6665011585567697,0.749500215371276,0.591922845087402,0.4852320675105485,0.595539481615431,0.663407750844127,0.3177704804657169,0.7230478553904289,0.6794173474520051,0.5634872784275897,0.32589734314080154,0.38208931227139364,0.6726571928413059,0.6559102193746488,0.3739727631014167,0.6998384371941635,1.0
FARM0156,East Africa,Cotton,0.0034462952326249074,0.1959798994974875,0.5685483870967742,0.30471481972748105,0.6210568615631907,0.46243739565943254,0.0,Organic,0.733125417687681,2024-03-25,2024-08-12,0.8333333333333335,0.24075849177176822,SENS0156,2024-03-26,0.9330754804124454,0.02294145568669581,0.5333333333333332,,0.16666666666666666,0.2857142857142857,0.5,0.6211947156806434,0.47616312464101096,0.45692130959218846,0.7556211153438547,0.6104039240809384,0.8002136406305633,0.6546061523552009,0.46219758064516125,0.4989919354838708,0.4516129032258065,0.5808533524560775,0.5969401917358902,0.6192485931810658,0.7131709472494956,0.5414908579465544,0.3739200321478803,0.44444444444444453,0.7077054880814402,0.2990296400466526,0.709258058148388,0.670351027544106,0.8588769645082202,0.7069014027895013,0.8600828007556576,0.5433946730781827,0.6651214550262438,0.3323994224840989,0.7096435807097894,0.0
FARM0424,South USA,Cotton,0.2650775416427341,0.39698492462311563,0.9284274193548385,0.5861569998794165,0.032147880249146055,0.21869782971619367,0.0,Inorganic,0.8641122744486524,2024-02-07,2024-05-26,0.31666666666666665,0.4217972038352291,SENS0424,2024-03-26,0.5717200762548761,0.9358136039271217,0.36666666666666664,,0.16666666666666666,0.2857142857142857,0.5,0.0034462952326249074,1.0,0.8139000574382541,0.6461489989402228,0.6355772468165969,0.7312659825850514,0.6543978631986695,0.5685483870967742,0.8462701612903223,0.05947580645161288,0.7869009202820605,0.4657489128385891,0.6776729559748427,0.7672523277605846,0.6210568615631907,0.591922845087402,0.7580872011251757,0.5256261653983774,0.5100342467176581,0.5758156848368632,0.6701388513741716,0.30471481972748105,0.5634872784275897,0.18292535873628368,0.6372472892947021,0.5530886884477073,0.4254028953837754,0.6617736655286653,0.0
FARM0286,East Africa,Soybean,0.014359563469270586,0.5728643216080402,0.334173387096774,0.919972667711725,0.7948563391601368,0.06510851419031727,0.0,Inorganic,0.8416128313655603,2024-02-13,2024-06-22,0.6666666666666665,0.5317417786868542,SENS0286,2024-03-26,0.571330962753042,0.3891122918823866,0.5999999999999999,Moderate,0.16666666666666666,0.2857142857142857,0.5,0.2650775416427341,0.6211947156806434,0.8004020677771398,0.48935926445736533,0.6955289440367347,0.7225261386074515,0.6704534279214468,0.9284274193548385,0.46219758064516125,0.613407258064516,0.7206884187880962,0.5467948994659694,0.6415921880172126,0.7853290588136452,0.032147880249146055,0.5414908579465544,0.7114727747639141,0.5465403416822057,0.5464633474623033,0.6803248639350268,0.6260466316434761,0.5861569998794165,0.8588769645082202,0.9469030105711647,0.6309792218241013,0.5396510658530955,0.5083700784329033,0.7178876561679566,0.75
FARM0411,North India,Soybean,0.12435381964388287,0.06030150753768826,0.261592741935484,0.5720085212428153,0.22443238898935103,0.5225375626043405,0.0,Organic,0.8487413677879261,2024-01-23,2024-06-04,0.7166666666666668,0.5304033229930084,SENS0411,2024-03-27,0.6811294324668077,0.8833428800894052,0.0,Severe,0.3333333333333333,0.2857142857142857,0.5,0.014359563469270586,0.0034462952326249074,0.6671453187823091,0.3810901383438835,0.6959153212553566,0.6299809018224194,0.6630894950869037,0.334173387096774,0.5685483870967742,0.4984879032258065,0.6645153579538663,0.6304568302353826,0.5245779543197613,0.7351601550439206,0.7948563391601368,0.6210568615631907,0.4852320675105485,0.4811268457390516,0.5930670755677816,0.6627280674543861,0.6489701260212426,0.919972667711725,0.30471481972748105,0.32589734314080154,0.6882618742457272,0.4658737809844272,0.5775861396183715,0.6796400383854292,0.75
FARM0030,Central USA,Cotton,0.2489948305571511,0.07537688442211055,0.019657258064516125,0.5413400860163191,1.0,0.348914858096828,0.0,Mixed,0.0392069503230118,2024-01-08,2024-04-19,0.19999999999999996,0.8386380961725702,SENS0030,2024-03-27,0.152351047879978,0.12539620706713617,0.6666666666666665,Mild,0.3333333333333333,0.2857142857142857,0.5,0.12435381964388287,0.2650775416427341,0.47616312464101096,0.33577750408157414,0.6917644169184255,0.6571067879454893,0.625202189410558,0.261592741935484,0.9284274193548385,0.4989919354838708,0.5508545476275843,0.8174326423620829,0.4077292287322076,0.7866085361249507,0.22443238898935103,0.032147880249146055,0.3739200321478803,0.6381595524870238,0.7447977493164938,0.6732184653563067,0.6737853906186934,0.5720085212428153,0.5861569998794165,0.7069014027895013,0.6497272922884061,0.4684660905615639,0.5869434580715651,0.6780805328687276,0.0
FARM0241,South USA,Maize,0.25646180356117176,0.35678391959798983,0.5619959677419353,0.8132561598134975,0.34116937914406276,0.41068447412353914,0.0,Mixed,0.9643573178881713,2024-01-19,2024-05-24,0.6000000000000001,0.6480691770258608,SENS0241,2024-03-27,0.1745276749020951,0.780405299851592,0.35000000000000003,Severe,0.3333333333333333,0.2857142857142857,0.5,0.2489948305571511,0.014359563469270586,1.0,0.18746598688167737,0.3987806508369152,0.5842100152138023,0.5951915319393869,0.019657258064516125,0.334173387096774,0.8462701612903223,0.4834468746265086,0.7243028803961077,0.5,0.707218940004311,1.0,0.7948563391601368,0.591922845087402,0.5752658368190293,0.7618051778110364,0.7007134598573077,0.6310735945713363,0.5413400860163191,0.919972667711725,0.5634872784275897,0.7078612792470835,0.4903370667416443,0.7163538455535179,0.6243675685656743,0.25
FARM0339,Central USA,Soybean,0.732050545663412,0.015075376884422287,0.261592741935484,0.5837855219261225,0.14225437010247144,0.4607679465776293,0.0,Inorganic,0.1626197371352194,2024-02-12,2024-06-07,0.43333333333333335,0.6343651015289088,SENS0339,2024-03-28,0.048589342445825245,0.29107229765049647,0.6333333333333333,,0.5,0.2857142857142857,0.5,0.25646180356117176,0.12435381964388287,0.6211947156806434,0.20957809411966888,0.4681725056060891,0.5965105363674617,0.6062484812645511,0.5619959677419353,0.261592741935484,0.46219758064516125,0.4358790486434805,0.7453188122903938,0.42510758027143325,0.7003784819278827,0.34116937914406276,0.22443238898935103,0.5414908579465544,0.4751297686841711,0.8215987957780354,0.6370942725811459,0.6830306692412292,0.8132561598134975,0.5720085212428153,0.8588769645082202,0.6438334378011248,0.4484896216561731,0.7555156670698875,0.6026265599495292,0.75
FARM0021,North India,Maize,0.17489948305571518,0.9648241206030148,0.267641129032258,0.10824390047831506,0.43198714084790024,0.7278797996661102,0.0,Inorganic,0.6065938961906884,2024-03-04,2024-06-26,0.3999999999999999,0.8992963044030665,SENS0021,2024-03-28,0.25478426641034846,0.7087807957988939,0.0,Mild,0.5,0.2857142857142857,0.5,0.732050545663412,0.2489948305571511,0.0034462952326249074,0.24377738951107042,0.4318310854689415,0.5647234001230053,0.6237373219281014,0.261592741935484,0.019657258064516125,0.5685483870967742,0.36452730966893765,0.7365475130760195,0.39490235021516096,0.7134327634611151,0.14225437010247144,1.0,0.6210568615631907,0.4277075039056595,0.8037047070021844,0.635345872930825,0.6836260128758094,0.5837855219261225,0.5413400860163191,0.30471481972748105,0.598104611239487,0.5771669817959547,0.6095368166387016,0.668832320264495,0.25
FARM0127,Central USA,Maize,0.10252728317059168,0.0,0.3109879032258065,0.3609871779412356,0.26642555756479813,0.13188647746243742,0.0,Inorganic,0.44887502784584543,2024-03-17,2024-07-11,0.43333333333333335,0.09802175242091915,SENS0127,2024-03-28,0.3540662220814367,0.09219282310929167,0.5999999999999999,Moderate,0.5,0.2857142857142857,0.5,0.17489948305571518,0.25646180356117176,0.2650775416427341,0.21135393692893756,0.4461438246164477,0.4845434240766515,0.6106138412652727,0.267641129032258,0.5619959677419353,0.9284274193548385,0.21811880004780693,0.4029258618897304,0.4361966236345576,0.6583101915529177,0.43198714084790024,0.34116937914406276,0.032147880249146055,0.48646877992239124,0.7267991423758717,0.5663404867319026,0.6741944711152121,0.10824390047831506,0.8132561598134975,0.5861569998794165,0.545696082925597,0.6091686981028106,0.6441097280212282,0.6278600335183749,0.25
FARM0224,North India,Rice,0.03877082136703047,0.5728643216080402,0.16229838709677413,0.6319385827404639,0.034759895519389294,0.5709515859766277,0.0,Organic,0.25774114502116285,2024-01-17,2024-05-11,0.41666666666666674,0.5972405672838156,SENS0224,2024-03-29,0.6380326398926898,0.8787434633094127,0.7333333333333332,Moderate,0.6666666666666666,0.2857142857142857,0.5,0.10252728317059168,0.732050545663412,0.014359563469270586,0.21622318334144874,0.4391066483725127,0.3986987343411128,0.5912476629005974,0.3109879032258065,0.261592741935484,0.334173387096774,0.17736345165531264,0.4154005340600657,0.3621317444554779,0.6795526160034081,0.26642555756479813,0.14225437010247144,0.7948563391601368,0.2958222043037846,0.7160799664171732,0.4713629057274189,0.7087608709362733,0.3609871779412356,0.5837855219261225,0.919972667711725,0.4786558269639165,0.5043126816843523,0.5829554766457254,0.572901137628102,0.5
FARM0250,North India,Soybean,0.46812176909821956,0.18592964824120584,0.8482862903225805,0.8205313718397043,0.827406067912397,0.12020033388981644,0.0,Inorganic,0.772109601247494,2024-02-08,2024-06-24,0.7833333333333332,0.9949304732648506,SENS0250,2024-03-29,0.46108380541554406,0.7710790371261989,0.5166666666666666,Mild,0.6666666666666666,0.2857142857142857,0.5,0.03877082136703047,0.17489948305571518,0.12435381964388287,0.28479362987998724,0.4539569322682998,0.3762664681319393,0.5685701088953621,0.16229838709677413,0.267641129032258,0.261592741935484,0.31648141508306415,0.697130959390872,0.41956305858987086,0.7445458381435563,0.034759895519389294,0.43198714084790024,0.22443238898935103,0.44705941641888836,0.8076328123412653,0.5193874961225009,0.760534334246944,0.6319385827404639,0.10824390047831506,0.5720085212428153,0.5364997988605216,0.5680955145532844,0.6789948101611587,0.569898603430001,0.75
FARM0141,Central USA,Maize,0.8621481906950029,0.08040201005025116,0.8724798387096775,0.11728767233409704,0.8109302792847098,0.20868113522537557,0.0,Mixed,0.6106036979282692,2024-02-06,2024-06-14,0.6499999999999999,0.1341927627788554,SENS0141,2024-03-29,0.8140997533439179,0.8055720843505969,0.5666666666666667,Moderate,0.6666666666666666,0.2857142857142857,0.5,0.46812176909821956,0.10252728317059168,0.2489948305571511,0.40709764271188387,0.6091667684365105,0.41977146926488196,0.6282332698402325,0.8482862903225805,0.3109879032258065,0.019657258064516125,0.5187044340862914,0.7448490865086455,0.48088381330685204,0.8046541205693303,0.827406067912397,0.26642555756479813,1.0,0.39963715164037716,0.7031324202646648,0.5807224838555034,0.7973588133104116,0.8205313718397043,0.3609871779412356,0.5413400860163191,0.43780112451001485,0.678562395949138,0.5645139891520665,0.6475327721207131,0.25
FARM0044,South USA,Wheat,0.1998851234922459,0.5477386934673367,0.934979838709677,0.4395675067325858,0.696805304400241,0.12020033388981644,0.0,Mixed,0.15771886834484297,2024-03-01,2024-07-04,0.5833333333333335,0.40465641691385323,SENS0044,2024-03-29,0.9929895111110542,0.913212827235093,0.4666666666666666,,0.6666666666666666,0.2857142857142857,0.5,0.8621481906950029,0.03877082136703047,0.25646180356117176,0.3958124480852405,0.6171975456533084,0.3295892273330526,0.5204995420141364,0.8724798387096775,0.16229838709677413,0.5619959677419353,0.6071471256125256,0.8698241675174558,0.49544852697782193,0.8297704972621005,0.8109302792847098,0.034759895519389294,0.34116937914406276,0.4888373733810416,0.7395859928002467,0.5954428809114236,0.8080481385122468,0.11728767233409704,0.6319385827404639,0.8132561598134975,0.3508246718619903,0.5981726181616945,0.5404534280251301,0.6521630650856399,1.0
FARM0131,East Africa,Wheat,0.9534750143595635,0.4572864321608039,0.7142137096774193,0.4398890630652359,0.2881253767329718,0.6928213689482472,0.0,Mixed,0.4994430830920027,2024-03-10,2024-06-23,0.25,0.2483615239274114,SENS0131,2024-03-29,0.7157168944843012,0.7891852945241014,0.06666666666666671,Severe,0.6666666666666666,0.2857142857142857,0.5,0.1998851234922459,0.46812176909821956,0.732050545663412,0.4399793773093118,0.7095832618553127,0.36704107726669477,0.6000817947506529,0.934979838709677,0.8482862903225805,0.261592741935484,0.7144735269511173,0.8316165651953076,0.5368255544521681,0.8457646853512687,0.696805304400241,0.827406067912397,0.14225437010247144,0.5254245829763649,0.6950611343759934,0.5598826880234622,0.8172405314365568,0.4395675067325858,0.8205313718397043,0.5837855219261225,0.317332609854899,0.5806828765815529,0.4591017286455694,0.6144348489675047,1.0
FARM0054,Central USA,Maize,0.8038483630097647,0.46733668341708556,0.07610887096774199,0.7571445797660679,0.22202129797066517,0.6761268781302172,0.0,Mixed,0.3655602584094454,2024-02-01,2024-05-17,0.2666666666666666,0.5340564013153094,SENS0054,2024-03-30,0.3687509228383803,0.749063733609455,0.26666666666666666,Severe,0.8333333333333333,0.2857142857142857,0.5,0.9534750143595635,0.8621481906950029,0.17489948305571518,0.5654340789963624,0.732988947236292,0.4572556889910333,0.6211116221763643,0.7142137096774193,0.8724798387096775,0.267641129032258,0.669057009680889,0.9254366120012537,0.45597484276729583,0.8980531843797164,0.2881253767329718,0.8109302792847098,0.43198714084790024,0.4727611752255203,0.7300017817609046,0.5038774992245001,0.8243286993606523,0.4398890630652359,0.11728767233409704,0.10824390047831506,0.46836496992263177,0.5510025628427921,0.5469465797791393,0.6135935627668031,0.25
FARM0046,Central USA,Soybean,0.26392877656519254,0.0,0.7318548387096773,0.8408698098798186,0.5780590717299577,0.659432387312187,0.0,Inorganic,0.5388728001782134,2024-02-11,2024-06-15,0.5833333333333335,0.7617951408020166,SENS0046,2024-03-30,0.45558877328875746,0.321227946492769,0.1833333333333333,Mild,0.8333333333333333,0.2857142857142857,0.5,0.8038483630097647,0.1998851234922459,0.10252728317059168,0.5976283905708474,0.6894152290031526,0.45712620982099494,0.6211683420866659,0.07610887096774199,0.934979838709677,0.3109879032258065,0.7688538305246806,0.8914158245959722,0.4237007613373054,0.8510713373247549,0.22202129797066517,0.696805304400241,0.26642555756479813,0.5509247593609838,0.7115394301971726,0.580496883900623,0.7730885827437045,0.7571445797660679,0.4395675067325858,0.3609871779412356,0.5800581901189061,0.5915525715097222,0.5964022320209155,0.6441115972524186,0.75
FARM0020,South USA,Rice,0.19615163699023552,0.9195979899497488,0.35231854838709675,0.823827324249367,0.8708057062487441,0.22203672787979967,0.0,Inorganic,0.3279126754288261,2024-01-25,2024-05-11,0.2833333333333332,0.347450015472749,SENS0020,2024-03-30,0.399871955674291,0.9815286793231288,0.5333333333333332,,0.8333333333333333,0.2857142857142857,0.5,0.26392877656519254,0.9534750143595635,0.03877082136703047,0.6290207086185661,0.6309027015589228,0.4776162884795909,0.5982620507496904,0.7318548387096773,0.7142137096774193,0.16229838709677413,0.8139117963427753,0.8008899978474279,0.42667990731545835,0.8497231917858501,0.5780590717299577,0.2881253767329718,0.034759895519389294,0.7606208738598002,0.6005951588009621,0.5911564817687038,0.7901814802756263,0.8408698098798186,0.4398890630652359,0.6319385827404639,0.6247205096780835,0.6277848265029186,0.5777344207281387,0.6213810531096748,0.5
FARM0068,South USA,Wheat,0.43394600804135564,0.4572864321608039,0.0786290322580645,0.3139193697495881,0.42656218605585694,0.40400667779632715,0.0,Inorganic,0.11427934952105145,2024-01-11,2024-04-20,0.16666666666666674,0.8004895930038015,SENS0068,2024-03-30,0.460345414602258,0.6895785474376974,0.36666666666666664,Severe,0.8333333333333333,0.2857142857142857,0.5,0.19615163699023552,0.8038483630097647,0.46812176909821956,0.6222037636410506,0.6335743669697029,0.512510924804972,0.5807878714900692,0.35231854838709675,0.07610887096774199,0.8482862903225805,0.6314091072068844,0.9239715339606925,0.39664018536908285,0.8830735889518538,0.8708057062487441,0.22202129797066517,0.827406067912397,0.6600816408809156,0.5758141241328517,0.6195256760948649,0.7692356288850561,0.823827324249367,0.7571445797660679,0.8205313718397043,0.5068059986341227,0.6292695889719037,0.5276232098958136,0.6429325985058472,1.0
FARM0479,Central USA,Maize,0.481045376220563,0.2613065326633168,0.002016129032258007,0.633546364403714,0.390797669278682,0.9232053422370616,0.0,Inorganic,0.8935174871909111,2024-02-02,2024-05-24,0.3666666666666667,0.0,SENS0479,2024-03-31,0.3286806798240066,0.35338856432143606,0.0,Mild,1.0,0.2857142857142857,0.5,0.43394600804135564,0.26392877656519254,0.8621481906950029,0.5461862343539657,0.5691904724436904,0.5386657171527531,0.5748672643755783,0.0786290322580645,0.7318548387096773,0.8724798387096775,0.42500298792876756,0.9613656440375593,0.39374379344587895,0.8879364455364056,0.42656218605585694,0.5780590717299577,0.8109302792847098,0.554704429773724,0.526725566123861,0.5340232931953417,0.6765407234887055,0.3139193697495881,0.8408698098798186,0.11728767233409704,0.6269657875780001,0.4752283630898062,0.54552620283295,0.6458419846314611,0.25
FARM0010,East Africa,Rice,0.0025847214244686945,0.708542713567839,0.05947580645161288,0.06704449535753043,0.026923849708659908,0.3288814691151921,0.0,Inorganic,0.6694141234127869,2024-01-18,2024-04-25,0.1333333333333333,0.722023885899168,SENS0010,2024-03-31,0.5765657184238737,0.24233692571755894,0.4666666666666666,Severe,1.0,0.2857142857142857,0.5,0.481045376220563,0.19615163699023552,0.1998851234922459,0.5068312662904936,0.6402226714172563,0.51005082057424,0.6092261978222054,0.002016129032258007,0.35231854838709675,0.934979838709677,0.21740169714354018,0.8054146953889786,0.3112380006620321,0.92327375380931,0.390797669278682,0.8708057062487441,0.696805304400241,0.3866854810260547,0.6142739783717384,0.4899185020162995,0.7333392142978361,0.633546364403714,0.823827324249367,0.4395675067325858,0.5402606393428819,0.6573379994619019,0.40063995005267894,0.690427055855464,0.5
FARM0184,South India,Soybean,0.7647903503733487,0.8994974874371859,0.8119959677419353,0.8055790023714782,0.5981514968856741,0.659432387312187,0.0,Mixed,0.02450434395188239,2024-02-10,2024-05-26,0.2666666666666666,0.906750898803189,SENS0184,2024-04-01,0.38845810642052103,0.034366268974177494,0.7,Mild,0.0,0.42857142857142855,0.5,0.0025847214244686945,0.43394600804135564,0.9534750143595635,0.46919485578437836,0.559591469297432,0.5137409769203378,0.6142822665476405,0.05947580645161288,0.0786290322580645,0.7142137096774193,0.24058802438149862,0.8641787984451731,0.40160542866600446,0.9603297577544463,0.026923849708659908,0.42656218605585694,0.2881253767329718,0.46444590031749233,0.6231428654787322,0.5539042892191421,0.7096184411010769,0.06704449535753043,0.3139193697495881,0.4398890630652359,0.6253753823988926,0.6772218795145603,0.4437039060366019,0.719660577042351,0.75
FARM0255,North India,Soybean,0.8566915565766803,0.7738693467336684,0.24092741935483875,0.723823304795209,0.6566204540888084,0.5375626043405677,0.0,Organic,0.524170193807084,2024-02-25,2024-06-29,0.5833333333333335,0.149184976086426,SENS0255,2024-04-01,0.32272350785241377,0.6408038702415593,0.11666666666666664,,0.0,0.42857142857142855,0.5,0.7647903503733487,0.481045376220563,0.8038483630097647,0.4797353421361671,0.5822493042728608,0.5905868643381995,0.6388372022162522,0.8119959677419353,0.002016129032258007,0.07610887096774199,0.2796701326640372,0.8319023494410219,0.39721946375372363,0.9633078394633093,0.5981514968856741,0.390797669278682,0.22202129797066517,0.5734515950209149,0.6007992015520175,0.5854318829136234,0.7211742319206411,0.8055790023714782,0.633546364403714,0.7571445797660679,0.6176198183195967,0.6714972410130404,0.5632262847777734,0.6690580972287623,0.75
FARM0166,East Africa,Maize,0.17174037909247564,0.03517587939698519,0.05645161290322587,0.6039229872583304,0.015471167369901617,0.4774624373956595,0.0,Mixed,0.20093562040543553,2024-01-11,2024-05-25,0.75,0.17266078450611744,SENS0166,2024-04-02,0.05944024026948003,0.14691751602753467,0.7,Mild,0.16666666666666666,0.42857142857142855,0.5,0.8566915565766803,0.0025847214244686945,0.26392877656519254,0.4613467762724486,0.601430461062407,0.5983879843330202,0.6289683724348177,0.24092741935483875,0.05947580645161288,0.7318548387096773,0.11951715071112701,0.7229391602294825,0.35542866600463396,1.0,0.6566204540888084,0.026923849708659908,0.5780590717299577,0.4323438996119544,0.7251353645899657,0.5502100899579823,0.7757951834367659,0.723823304795209,0.06704449535753043,0.8408698098798186,0.5624701799028917,0.6289013409849863,0.6103952862215631,0.654486752419557,0.25
FARM0390,Central USA,Rice,0.14790350373348654,0.7537688442211055,0.424899193548387,0.22862655251416863,0.8008840667068516,0.41235392320534237,0.0,Inorganic,0.9529962129650256,2024-03-26,2024-08-06,0.7166666666666668,0.3581475974468705,SENS0390,2024-04-02,0.44281124516000303,0.7702337486506026,0.7166666666666666,,0.16666666666666666,0.42857142857142855,0.5,0.17174037909247564,0.7647903503733487,0.19615163699023552,0.4517228539512502,0.6129313451133178,0.6106885054866797,0.6105923574500292,0.05645161290322587,0.8119959677419353,0.35231854838709675,0.13672762041352926,0.7393788381220154,0.3985435286329029,0.9789202304801713,0.015471167369901617,0.5981514968856741,0.8708057062487441,0.4148062288968404,0.689817258981475,0.6577366684526664,0.7408045703026335,0.6039229872583304,0.8055790023714782,0.823827324249367,0.4239365334780292,0.6278102207857097,0.5320872517266946,0.6917974222024056,0.5
FARM0242,South USA,Wheat,0.3785180930499713,0.2814070351758797,0.6365927419354838,0.14486112785883676,0.16375326501908793,0.8080133555926543,0.0,Inorganic,0.6317665404321675,2024-03-13,2024-08-04,0.8999999999999999,0.9069119160295164,SENS0242,2024-04-02,0.16197691278572757,0.22753681676437054,0.3166666666666666,Moderate,0.16666666666666666,0.42857142857142855,0.5,0.14790350373348654,0.8566915565766803,0.43394600804135564,0.44066680033225436,0.6128328105501992,0.600589130223675,0.6124436179481053,0.424899193548387,0.24092741935483875,0.0786290322580645,0.26903310625074695,0.8003694829669519,0.3637868255544521,0.9405842653302549,0.8008840667068516,0.6566204540888084,0.42656218605585694,0.3488887768986546,0.7227290300869712,0.564592087081583,0.7388846701270684,0.22862655251416863,0.723823304795209,0.3139193697495881,0.3845880382819882,0.6805044235224208,0.40089749092753735,0.7092144588406805,1.0
FARM0103,South India,Wheat,0.6143021252153936,0.5829145728643215,0.24445564516129026,0.6724144861127861,0.5288326300984528,0.637729549248748,0.0,Organic,0.41323234573401657,2024-03-16,2024-06-20,0.10000000000000009,0.6795958467619184,SENS0103,2024-04-02,0.005016277187499307,0.5501249757158564,0.9333333333333331,Severe,0.16666666666666666,0.42857142857142855,0.5,0.3785180930499713,0.17174037909247564,0.481045376220563,0.46724715721937393,0.6306437916235561,0.5726539992878645,0.579830713066902,0.6365927419354838,0.05645161290322587,0.002016129032258007,0.3265208557427992,0.7279825038190353,0.26067527308838123,0.8808836331162002,0.16375326501908793,0.015471167369901617,0.390797669278682,0.38351055787935295,0.7343326018452185,0.524999295000141,0.6974818112681115,0.14486112785883676,0.6039229872583304,0.633546364403714,0.39363463715373603,0.6897245541559925,0.5086822491903071,0.6616989052897791,1.0
FARM0381,South India,Cotton,0.45807007466973015,0.40201005025125625,0.6628024193548385,0.7471763334539171,0.7247337753666868,0.3021702838063439,0.0,Mixed,0.6743149922031634,2024-03-22,2024-07-15,0.41666666666666674,0.8038281845559322,SENS0381,2024-04-02,0.12503335029807883,0.012892977526402394,0.11666666666666664,,0.16666666666666666,0.42857142857142855,0.5,0.6143021252153936,0.14790350373348654,0.0025847214244686945,0.5581015667516397,0.5251775843384111,0.6017544427540218,0.563728564577981,0.24445564516129026,0.424899193548387,0.05947580645161288,0.469582885144018,0.6957530965952411,0.21598808341608722,0.8029791860348702,0.5288326300984528,0.8008840667068516,0.026923849708659908,0.5585344957919671,0.6721382523088286,0.5289190942161812,0.7026760508954194,0.6724144861127861,0.22862655251416863,0.06704449535753043,0.551936084422449,0.5954554210664876,0.568408319350685,0.6722430224405025,0.0
FARM0380,Central USA,Soybean,0.7231476163124643,0.7537688442211055,0.4536290322580645,0.8110856545681098,0.33835643962226236,0.9181969949916526,0.0,Organic,0.18445087992871464,2024-03-20,2024-07-04,0.2666666666666666,0.8712289891388848,SENS0380,2024-04-02,0.43402350167079795,0.016937964778478865,0.4000000000000001,,0.16666666666666666,0.42857142857142855,0.5,0.45807007466973015,0.3785180930499713,0.7647903503733487,0.5497952052244149,0.5124675944296305,0.5757938691612985,0.5186393556554643,0.6628024193548385,0.6365927419354838,0.8119959677419353,0.3846061909884064,0.5622905949108915,0.17320423700761323,0.7596256953183989,0.7247337753666868,0.16375326501908793,0.5981514968856741,0.4933729778763294,0.6759736624584279,0.5359690928061815,0.6977643667742245,0.7471763334539171,0.14486112785883676,0.8055790023714782,0.5532177638903182,0.5973859296720828,0.6404807429664026,0.6868222107985137,0.75
FARM0138,South USA,Soybean,0.13411832280298686,0.38190954773869334,0.1874999999999999,0.6379275694360708,0.6919831223628693,0.64440734557596,0.0,Mixed,0.16618400534640235,2024-02-05,2024-05-16,0.18333333333333335,0.31065254746863313,SENS0138,2024-04-02,0.6198033189191717,0.8657384282300913,0.95,Severe,0.16666666666666666,0.42857142857142855,0.5,0.7231476163124643,0.6143021252153936,0.8566915565766803,0.4056655114140866,0.4505220389242631,0.5003075130288415,0.5028819830252432,0.4536290322580645,0.24445564516129026,0.24092741935483875,0.3719373730130273,0.5793862195954417,0.1914928831512741,0.7413527847831556,0.33835643962226236,0.5288326300984528,0.6566204540888084,0.5022426044448924,0.6854065904999975,0.6019288796142241,0.693479305290365,0.8110856545681098,0.6724144861127861,0.723823304795209,0.5332254352564763,0.5819351511364332,0.6173332813048737,0.6767958164236977,0.75
FARM0188,South USA,Maize,0.20591614014933945,0.7738693467336684,0.581149193548387,0.15852727199646294,0.7842073538276072,0.7796327212020033,0.0,Mixed,0.43372688794831815,2024-02-13,2024-06-09,0.44999999999999996,0.9655372817776303,SENS0188,2024-04-02,0.0045034913318051095,0.5335316955639633,0.7333333333333332,,0.16666666666666666,0.42857142857142855,0.5,0.13411832280298686,0.45807007466973015,0.17174037909247564,0.41248245639160197,0.44178353480909294,0.49376881494189595,0.5081543313284219,0.1874999999999999,0.6628024193548385,0.05645161290322587,0.4963547269033106,0.47301281447260046,0.16674942072161558,0.7048990463204129,0.6919831223628693,0.7247337753666868,0.015471167369901617,0.6950561911001365,0.5557593500502798,0.630862073827585,0.7205681375704833,0.6379275694360708,0.7471763334539171,0.6039229872583304,0.4295590835524039,0.6644458129808528,0.4848480118624885,0.7014719109971768,0.25
FARM0123,North India,Cotton,0.3765077541642735,0.5527638190954778,0.05645161290322587,0.008802604606294478,0.167570825798674,0.4991652754590985,0.0,Mixed,0.7852528402762308,2024-03-28,2024-07-02,0.10000000000000009,0.8945513280147329,SENS0123,2024-04-02,0.2298055337312842,0.9015394644870685,0.7,Severe,0.16666666666666666,0.42857142857142855,0.5,0.20591614014933945,0.7231476163124643,0.14790350373348654,0.45808151691347065,0.3975976820045374,0.5140970446379438,0.49636179130532015,0.581149193548387,0.4536290322580645,0.424899193548387,0.40898768973347677,0.6106011641875954,0.1181727904667329,0.7345651927522678,0.7842073538276072,0.33835643962226236,0.8008840667068516,0.5362092425540499,0.5998495314288756,0.5321620935675813,0.6994252362113459,0.15852727199646294,0.8110856545681098,0.22862655251416863,0.37839481340805126,0.7564733792113478,0.32660085066531375,0.7459128621368655,0.0
FARM0430,South India,Rice,0.9775990809879381,0.9949748743718594,0.5725806451612903,0.8023634390449779,0.9134016475788628,0.5726210350584309,0.0,Inorganic,0.20360882156382268,2024-02-03,2024-06-06,0.5666666666666664,0.3829643774545691,SENS0430,2024-04-03,0.1085672711945348,0.5693144060549131,0.4499999999999999,Moderate,0.3333333333333333,0.42857142857142855,0.5,0.3765077541642735,0.13411832280298686,0.3785180930499713,0.5775785524016842,0.5646760917004393,0.5753730618586734,0.5743492676460505,0.05645161290322587,0.1874999999999999,0.6365927419354838,0.39380901159316384,0.5870185796572752,0.19927176431645144,0.7295009102549,0.167570825798674,0.6919831223628693,0.16375326501908793,0.7242352466864894,0.5991995203242472,0.6004906799018639,0.765885817441604,0.008802604606294478,0.6379275694360708,0.14486112785883676,0.531429212936543,0.7357734051215357,0.42143832676474013,0.7685916659615237,0.5
FARM0130,Central USA,Maize,0.6016657093624355,0.6934673366834168,0.4828629032258063,0.17782065195546448,0.39541892706449666,0.317195325542571,0.0,Mixed,0.7828024058810426,2024-02-13,2024-05-30,0.2833333333333332,0.8157585546691221,SENS0130,2024-04-03,0.36517755650653516,0.9323770220930636,0.2,Mild,0.3333333333333333,0.42857142857142855,0.5,0.9775990809879381,0.20591614014933945,0.6143021252153936,0.5750580013175609,0.5631835191888263,0.5889683747127179,0.5794485307998306,0.5725806451612903,0.581149193548387,0.24445564516129026,0.45034062387952667,0.5659976594227725,0.2782191327375041,0.6787346325766659,0.9134016475788628,0.7842073538276072,0.5288326300984528,0.6907725646323646,0.6220132607641007,0.601139279772144,0.765607602228406,0.8023634390449779,0.15852727199646294,0.6724144861127861,0.4163119439428953,0.7841847097106346,0.3329535255784912,0.7916819038033125,0.25
FARM0305,North India,Wheat,0.1639862148190695,0.39698492462311563,0.30393145161290325,0.7491056714498172,0.7512557765722324,0.5325542570951587,0.0,Mixed,0.7061706393406104,2024-02-09,2024-05-18,0.1499999999999999,0.5278874288316441,SENS0305,2024-04-04,0.011703952807046114,0.9275256009949984,0.4499999999999999,Moderate,0.5,0.42857142857142855,0.5,0.6016657093624355,0.3765077541642735,0.45807007466973015,0.51639790335978,0.6128916872046318,0.6071601981031298,0.5491246942398739,0.4828629032258063,0.05645161290322587,0.6628024193548385,0.3652444125732044,0.508114713892234,0.3183548493876196,0.6327243633315104,0.39541892706449666,0.167570825798674,0.7247337753666868,0.6974247845587869,0.6279579178560929,0.7028002594399481,0.7055243872498658,0.17782065195546448,0.008802604606294478,0.7471763334539171,0.4167609995228785,0.784747475578264,0.4653841651383308,0.7543643923494984,1.0
FARM0063,North India,Cotton,0.35094773118897193,0.6633165829145731,0.7565524193548387,0.8716186341894772,0.7197106690777576,0.968280467445743,0.0,Inorganic,0.10269547783470706,2024-03-07,2024-06-14,0.1499999999999999,0.6549853700754517,SENS0063,2024-04-04,0.8478753978414312,0.3496044939184495,0.5499999999999998,,0.5,0.42857142857142855,0.5,0.1639862148190695,0.9775990809879381,0.7231476163124643,0.4421562168819638,0.5715743384567863,0.5605153270967531,0.5270560496486932,0.30393145161290325,0.5725806451612903,0.4536290322580645,0.43707422015059194,0.6263025511693854,0.30925190334326347,0.6136765017346527,0.7512557765722324,0.9134016475788628,0.33835643962226236,0.7930756438038606,0.5869945643246096,0.7198612560277486,0.7154324298010272,0.7491056714498172,0.8023634390449779,0.8110856545681098,0.43085011834485587,0.8078524184011614,0.478206578998712,0.7677294088995146,0.0
FARM0389,East Africa,Cotton,0.7317633543940266,0.09547738693467345,0.6522177419354838,0.33554403312030234,0.1338155515370706,0.8480801335559265,0.0,Inorganic,0.7698819336155046,2024-01-08,2024-05-30,0.8833333333333333,0.8083618258347108,SENS0389,2024-04-04,0.2868491567218987,0.17050047366597454,0.26666666666666666,Severe,0.5,0.42857142857142855,0.5,0.35094773118897193,0.6016657093624355,0.13411832280298686,0.5613668261106176,0.5644093049929985,0.5464344673550643,0.5028208807218741,0.7565524193548387,0.4828629032258063,0.1874999999999999,0.5472690331062511,0.599097690553458,0.37677921218139643,0.6240454146682309,0.7197106690777576,0.39541892706449666,0.6919831223628693,0.6530766517159707,0.7190651639452795,0.6464848707030257,0.7620380699173066,0.8716186341894772,0.17782065195546448,0.6379275694360708,0.36047001150704916,0.8009351212545353,0.40281734108557354,0.7629439058753096,0.0
FARM0058,North India,Maize,0.24009190120620338,0.12060301507537696,0.5690524193548385,0.06825033160496807,0.7641149286718908,0.20534223706176968,0.0,Organic,0.32835820895522383,2024-01-26,2024-06-21,0.9500000000000002,0.5938441101659736,SENS0058,2024-04-05,0.8590167995820844,0.14388925829716603,0.13333333333333336,Moderate,0.6666666666666666,0.42857142857142855,0.5,0.7317633543940266,0.1639862148190695,0.20591614014933945,0.5681837710881333,0.5545899901157602,0.5541384779723562,0.4941242105634312,0.6522177419354838,0.30393145161290325,0.581149193548387,0.5444006214891841,0.597160159688188,0.460940086064217,0.5554706360927651,0.1338155515370706,0.7512557765722324,0.7842073538276072,0.6480370911656508,0.7136613933770894,0.7515580496883896,0.6870762742708253,0.33554403312030234,0.7491056714498172,0.15852727199646294,0.33945795249366184,0.831231788082086,0.29880984898739626,0.8097065535489861,0.25
FARM0289,Central USA,Cotton,0.8891441700172314,0.10050251256281406,0.7721774193548385,0.7485027533260984,0.01788225838858748,0.7579298831385644,0.0,Inorganic,0.19982178658944086,2024-02-09,2024-06-12,0.5666666666666664,0.3152516019956072,SENS0289,2024-04-05,0.6715644228468681,0.27203563209873094,0.14999999999999997,,0.6666666666666666,0.42857142857142855,0.5,0.24009190120620338,0.35094773118897193,0.3765077541642735,0.6704379457508661,0.610067055045798,0.6376849124397113,0.517000670405712,0.5690524193548385,0.7565524193548387,0.05645161290322587,0.7141149754989842,0.4124426648981997,0.517957629923866,0.5950715267883981,0.7641149286718908,0.7197106690777576,0.167570825798674,0.6104923650657665,0.7902154888193247,0.6416626716674654,0.7546579684071274,0.06825033160496807,0.8716186341894772,0.008802604606294478,0.5116239907943605,0.7482368581699455,0.3997502633940764,0.8133957431861888,0.0
FARM0488,South India,Cotton,0.9256174612291789,0.07035175879396993,0.550907258064516,0.34386430322762174,0.7241310026120152,0.9899833055091818,0.0,Mixed,0.7213187792381377,2024-01-05,2024-04-16,0.19999999999999996,0.4149439081396723,SENS0488,2024-04-05,0.2525852686648766,0.8773077947594312,0.8499999999999999,Moderate,0.6666666666666666,0.42857142857142855,0.5,0.8891441700172314,0.7317633543940266,0.9775990809879381,0.6600693151548135,0.5896543198223094,0.6993493671705562,0.5577114275092047,0.7721774193548385,0.6522177419354838,0.5725806451612903,0.7089757380184056,0.4137781125724199,0.5038894405825882,0.5867197757591721,0.01788225838858748,0.1338155515370706,0.9134016475788628,0.563019704681752,0.7246273561440117,0.7203124559375089,0.7234784589197071,0.7485027533260984,0.33554403312030234,0.8023634390449779,0.40490780327623477,0.7111713933639155,0.43838919889179384,0.7821030535740644,0.0
FARM0151,North India,Soybean,0.5358989086731765,0.1507537688442211,0.08417338709677424,0.07874110695767517,0.9206349206349206,0.9749582637729548,0.0,Mixed,0.3263533080864335,2024-03-21,2024-08-06,0.7999999999999998,0.8339056992550437,SENS0151,2024-04-06,0.3102816446685486,0.43709956198414934,0.95,Mild,0.8333333333333333,0.42857142857142855,0.5,0.9256174612291789,0.24009190120620338,0.6016657093624355,0.6469509924669895,0.5885845295704123,0.6905124138154273,0.5557563439263437,0.550907258064516,0.5690524193548385,0.4828629032258063,0.6144376718059044,0.6352324538668892,0.4775736511089046,0.6341648291210036,0.7241310026120152,0.7641149286718908,0.39541892706449666,0.6947538174671173,0.7958882685588449,0.775302444939511,0.7662701924403289,0.34386430322762174,0.06825033160496807,0.17782065195546448,0.381846928179173,0.7496713301470455,0.3231201467202558,0.8226491149375061,0.75
FARM0165,South India,Soybean,0.8463526708788055,0.7939698492462313,0.3578629032258065,0.8426383697093938,0.844484629294756,0.1752921535893155,0.0,Mixed,0.6981510358654489,2024-03-01,2024-07-14,0.75,0.6990864788300085,SENS0165,2024-04-06,0.5634510440044573,0.18749621968487729,0.9833333333333332,Severe,0.8333333333333333,0.42857142857142855,0.5,0.5358989086731765,0.8891441700172314,0.1639862148190695,0.7830607510096527,0.5204189655098217,0.7342763732884472,0.5778690618332072,0.08417338709677424,0.7721774193548385,0.30393145161290325,0.6272260069319948,0.6167783839361046,0.427507447864945,0.6221604490075352,0.9206349206349206,0.01788225838858748,0.7512557765722324,0.7181373784206018,0.81734654523571,0.792109641578072,0.7820483181777588,0.07874110695767517,0.7485027533260984,0.7491056714498172,0.4036167684837826,0.7840169413148077,0.34165528544113655,0.8407511504971912,0.75
FARM0062,South USA,Cotton,0.7288914417001725,0.3115577889447234,0.3150201612903225,0.25543631174886455,0.9533855736387383,0.686143572621035,0.0,Organic,0.09044330585876587,2024-01-03,2024-04-29,0.44999999999999996,0.09125148123268756,SENS0062,2024-04-06,0.3728158157122584,0.1292961904437644,0.06666666666666671,Moderate,0.8333333333333333,0.42857142857142855,0.5,0.8463526708788055,0.9256174612291789,0.35094773118897193,0.858448142525707,0.45854876051783217,0.7349237691386397,0.5783551061611834,0.3578629032258065,0.550907258064516,0.7565524193548387,0.5225289829090474,0.5912354371929861,0.4047500827540542,0.6304989665878714,0.844484629294756,0.7241310026120152,0.7197106690777576,0.7767474676208244,0.8723531940775509,0.8784298243140354,0.7977180617065883,0.8426383697093938,0.34386430322762174,0.8716186341894772,0.260199642626601,0.686356553406299,0.23376907168221006,0.8149095942339192,0.0
FARM0345,North India,Rice,0.9207352096496267,0.8492462311557789,0.47832661290322576,0.7008320270107321,0.18143459915611815,0.6727879799666108,0.0,Organic,0.8355981287591893,2024-02-14,2024-05-27,0.21666666666666656,0.5115919823484866,SENS0345,2024-04-06,0.11277821675435706,0.9849966052269497,0.11666666666666664,,0.8333333333333333,0.42857142857142855,0.5,0.7288914417001725,0.5358989086731765,0.7317633543940266,0.896141838283734,0.4858593409392825,0.8235846308225163,0.55859139151458,0.3150201612903225,0.08417338709677424,0.6522177419354838,0.48129556591370837,0.5568162186799405,0.45249917245945026,0.5973957548533797,0.9533855736387383,0.9206349206349206,0.1338155515370706,0.788691226125082,0.8500159893744137,0.8067736386452724,0.8506993303802105,0.25543631174886455,0.07874110695767517,0.33554403312030234,0.34522083243678137,0.7343418826670405,0.2459827525656535,0.8236037184196608,0.5
FARM0140,East Africa,Cotton,0.5479609419873637,0.11055276381909573,0.11491935483870974,0.7782065195546447,0.8223829616234678,0.3656093489148582,0.0,Mixed,0.4413009578970818,2024-01-14,2024-04-19,0.10000000000000009,0.7347392149907036,SENS0140,2024-04-06,0.7518588086905192,0.2971256586760984,1.0,Severe,0.8333333333333333,0.42857142857142855,0.5,0.9207352096496267,0.8463526708788055,0.24009190120620338,0.9575516283332853,0.3229016439503523,0.8621370537014854,0.5156502467095981,0.47832661290322576,0.3578629032258065,0.5690524193548385,0.37361061312298305,0.6168093963546755,0.3759516716319098,0.640896162621505,0.18143459915611815,0.844484629294756,0.7641149286718908,0.8033059517210102,0.8594022762705493,0.8121316375736725,0.8553881237952142,0.7008320270107321,0.8426383697093938,0.06825033160496807,0.5104639305460703,0.6821421994934743,0.3663011667382059,0.8263490558347152,0.0
FARM0269,East Africa,Wheat,0.035324526134405565,0.9195979899497488,0.30745967741935476,0.4916194380803087,0.7432188065099458,0.016694490818030094,0.0,Inorganic,0.6257518378257965,2024-01-17,2024-05-03,0.2833333333333332,0.8111267935180501,SENS0269,2024-04-06,0.2577437950829571,0.386713268856012,1.0,,0.8333333333333333,0.42857142857142855,0.5,0.5479609419873637,0.7288914417001725,0.8891441700172314,0.7872425743992207,0.599402071280337,0.8236817402000451,0.5868747343338552,0.11491935483870974,0.3150201612903225,0.7721774193548385,0.2634158001673237,0.4360996504729142,0.41716319099635824,0.5802615336748701,0.8223829616234678,0.9533855736387383,0.01788225838858748,0.9852340875875625,0.5932628254835126,0.8929246214150757,0.8006295673456326,0.7782065195546447,0.25543631174886455,0.7485027533260984,0.4506740511362044,0.648496609083658,0.4600460451867172,0.7519865224472455,1.0
FARM0351,North India,Cotton,0.4477311889718554,0.8542713567839195,0.44606854838709675,0.03549178021624663,0.1729957805907174,0.659432387312187,0.0,Mixed,0.1635108041880152,2024-02-05,2024-05-24,0.31666666666666665,0.7143453769186837,SENS0351,2024-04-07,0.7645359656340595,0.5686536770699608,0.4833333333333332,Severe,1.0,0.42857142857142855,0.5,0.035324526134405565,0.9207352096496267,0.9256174612291789,0.6919199152178271,0.563628135303083,0.7639594730197778,0.554617576244743,0.30745967741935476,0.47832661290322576,0.550907258064516,0.23855623281940952,0.38393229353579084,0.39639192320423744,0.5724834969208243,0.7432188065099458,0.18143459915611815,0.7241310026120152,0.846998941692285,0.7699971877692291,0.7890076421984711,0.8299345759527665,0.4916194380803087,0.7008320270107321,0.34386430322762174,0.37890000093553255,0.7552504937301211,0.31114839817380124,0.7864714935152435,0.0
FARM0267,East Africa,Soybean,0.7495692130959221,0.5477386934673367,0.628024193548387,0.99646288034085,0.6935905163753265,0.667779632721202,0.0,Mixed,0.907106259746046,2024-03-02,2024-06-16,0.2666666666666666,0.1654753907812606,SENS0267,2024-04-07,0.20070865980325803,0.6965049359399313,0.26666666666666666,Severe,1.0,0.42857142857142855,0.5,0.4477311889718554,0.5479609419873637,0.5358989086731765,0.7345401426402772,0.5742943227562014,0.7806299161622372,0.5620943201561459,0.44606854838709675,0.11491935483870974,0.08417338709677424,0.36751523843671596,0.4084957887885911,0.4202250910294598,0.5877928562354122,0.1729957805907174,0.8223829616234678,0.9206349206349206,0.7900519074736685,0.7279907152173278,0.8308564338287128,0.8213459125077673,0.03549178021624663,0.7782065195546447,0.07874110695767517,0.5925007718142783,0.7728805522637068,0.4700979435751358,0.833262094785171,0.75
FARM0115,South USA,Soybean,0.49368179207352114,0.9698492462311559,0.9490927419354835,0.6739418786928737,0.7848101265822786,0.317195325542571,0.0,Inorganic,0.14836266429048786,2024-02-06,2024-06-23,0.7999999999999998,0.535420015950769,SENS0115,2024-04-07,0.8499433565405502,0.30015737126399733,0.7,Severe,1.0,0.42857142857142855,0.5,0.7495692130959221,0.035324526134405565,0.8463526708788055,0.6641938532924697,0.5421619638062615,0.8177904379632925,0.5174278190132452,0.628024193548387,0.30745967741935476,0.3578629032258065,0.5077088562208676,0.6797218198793932,0.5261502813637864,0.675102335468542,0.6935905163753265,0.7432188065099458,0.844484629294756,0.7750844126392178,0.7145265850714041,0.8355658328868332,0.8246594052726537,0.99646288034085,0.4916194380803087,0.8426383697093938,0.5532364745394842,0.7380015818400871,0.45550396066648435,0.8247530129203292,0.75
FARM0367,North India,Wheat,0.9233199310740955,0.6432160804020102,0.6315524193548387,0.9105671449817117,0.9740807715491259,0.1969949916527547,0.0,Organic,0.4009801737580754,2024-02-20,2024-06-05,0.2666666666666666,0.14427143478928128,SENS0367,2024-04-07,0.1701076994427898,0.5670391069844203,0.016666666666666663,Severe,1.0,0.42857142857142855,0.5,0.49368179207352114,0.4477311889718554,0.7288914417001725,0.7029759688368228,0.5941404970671758,0.8823034344349849,0.5215924502955989,0.9490927419354835,0.44606854838709675,0.3150201612903225,0.5827656268674555,0.6736964366090628,0.505627275736511,0.6538085178234844,0.7848101265822786,0.1729957805907174,0.9533855736387383,0.7802751600060478,0.7229834087703548,0.8712670257465951,0.8594906550558465,0.6739418786928737,0.03549178021624663,0.25543631174886455,0.7057189099175798,0.7185807453328223,0.4630662972646038,0.8332931465143251,1.0
FARM0230,South India,Cotton,0.7825962090752442,0.949748743718593,0.10131048387096786,0.5101491217492666,0.7850110508338356,0.8013355592654425,0.0,Organic,0.38895076854533317,2024-03-01,2024-07-20,0.8500000000000001,0.08573915712513802,SENS0230,2024-04-07,0.4719276968740561,0.6000881239022067,0.08333333333333331,Moderate,1.0,0.42857142857142855,0.5,0.9233199310740955,0.7495692130959221,0.9207352096496267,0.6754217626672011,0.5544795361783449,0.8880328877091894,0.5246068588202062,0.6315524193548387,0.628024193548387,0.47832661290322576,0.4933667981355323,0.7799282115319137,0.41517709367759004,0.6969375709241178,0.9740807715491259,0.6935905163753265,0.18143459915611815,0.9316635589376612,0.5749713954540552,0.9626632074673585,0.7858391315759691,0.9105671449817117,0.99646288034085,0.7008320270107321,0.6613372500958921,0.7266645142168168,0.49696804151871077,0.8228403301679527,0.0
FARM0334,South USA,Maize,0.08845491097070651,0.050251256281407475,0.646673387096774,0.585594276297279,0.21860558569419342,0.9348914858096826,0.0,Organic,0.021385609267097344,2024-03-28,2024-07-24,0.46666666666666656,0.6754395896073443,SENS0334,2024-04-08,0.9765569824874506,0.3939764809321904,0.4833333333333332,,0.0,0.42857142857142855,0.5,0.7825962090752442,0.49368179207352114,0.5479609419873637,0.583765359608169,0.6543128359930643,0.870941637264105,0.5617734514694512,0.10131048387096786,0.9490927419354835,0.11491935483870974,0.6194573921357716,0.6939349602699867,0.42792121813968853,0.7066283101264359,0.7850110508338356,0.7848101265822786,0.8223829616234678,0.7802247644005444,0.6956572530033633,0.8861002227799553,0.8389296449219296,0.5101491217492666,0.6739418786928737,0.7782065195546447,0.6165065346942211,0.7113370197493849,0.5974167869824794,0.7517253159488935,0.25
FARM0467,East Africa,Rice,0.018667432510051707,0.5728643216080402,0.5771169354838708,0.27436794083363486,0.7442234277677314,0.7946577629382303,0.0,Inorganic,0.4842949431944754,2024-03-23,2024-07-18,0.44999999999999996,0.29433194204386204,SENS0467,2024-04-08,0.09936178819734154,0.0625852448542652,0.9166666666666665,Mild,0.0,0.42857142857142855,0.5,0.08845491097070651,0.9233199310740955,0.035324526134405565,0.580442814997279,0.6615673047253623,0.7728287961674165,0.6238684864980194,0.646673387096774,0.6315524193548387,0.30745967741935476,0.6833990677662243,0.6478641682058037,0.3958953988745453,0.6704154967726339,0.21860558569419342,0.9740807715491259,0.7432188065099458,0.7804767424280603,0.6958054862568295,0.9880432023913595,0.7104699021868831,0.585594276297279,0.9105671449817117,0.4916194380803087,0.5659410053231797,0.7617776106309976,0.5053576306239511,0.7637820013627837,0.5
FARM0422,North India,Wheat,0.1407237219988513,0.9246231155778895,0.8014112903225805,0.1919289360504844,0.37532650190878025,0.3739565943238732,0.0,Mixed,0.24392960570282915,2024-01-25,2024-06-02,0.6499999999999999,0.5851315686851685,SENS0422,2024-04-09,0.7901359026648532,0.32713950814845694,0.04999999999999999,Moderate,0.16666666666666666,0.42857142857142855,0.5,0.018667432510051707,0.7825962090752442,0.4477311889718554,0.5192048807034629,0.711346697444597,0.6843621532385977,0.6285562003408898,0.5771169354838708,0.10131048387096786,0.44606854838709675,0.7676586590175689,0.6651488354740968,0.4370241641840451,0.7164947409158893,0.7442234277677314,0.7850110508338356,0.1729957805907174,0.8312251171697833,0.5972835240803086,0.9390880121823977,0.739336957566596,0.27436794083363486,0.5101491217492666,0.03549178021624663,0.6023519286001628,0.6757486721118001,0.47585749404924527,0.7886018395857975,1.0
FARM0445,Central USA,Soybean,0.44600804135554295,0.6331658291457285,0.27419354838709675,0.7843964789581577,0.07574844283705051,0.9732888146911518,0.0,Inorganic,0.16707507239919808,2024-02-14,2024-06-15,0.5333333333333332,0.6073418823416935,SENS0445,2024-04-09,0.760845973349869,0.8197553259883397,0.7999999999999998,,0.16666666666666666,0.42857142857142855,0.5,0.1407237219988513,0.08845491097070651,0.7495692130959221,0.4586543694325895,0.6681138920905214,0.6742304081830834,0.6295275210999871,0.8014112903225805,0.646673387096774,0.628024193548387,0.6837576192183579,0.7421423675261144,0.4682224428997017,0.6719099760383568,0.37532650190878025,0.21860558569419342,0.6935905163753265,0.6762586302474427,0.7722551290597797,0.8205070358985926,0.80960587577168,0.1919289360504844,0.585594276297279,0.99646288034085,0.5529932361003267,0.5865237682627849,0.6128692394739923,0.7359845980391732,0.75
FARM0331,South India,Maize,0.28116025272831713,0.9547738693467336,0.6234879032258065,0.1608987499497569,0.5332529636327105,0.1803005008347245,0.0,Mixed,0.6934729338382714,2024-03-26,2024-07-03,0.1499999999999999,0.15635275855215325,SENS0331,2024-04-09,0.041018984927426894,0.31606919328575955,0.13333333333333336,Moderate,0.16666666666666666,0.42857142857142855,0.5,0.44600804135554295,0.018667432510051707,0.49368179207352114,0.41626328301778703,0.6701743742949193,0.6105266565241314,0.6113077703667779,0.27419354838709675,0.5771169354838708,0.9490927419354835,0.6065495398589698,0.6187102165243644,0.5118338298576632,0.6736291383526967,0.07574844283705051,0.7442234277677314,0.7848101265822786,0.6131633321574361,0.7402404122676991,0.7768252446349511,0.7898717055969124,0.7843964789581577,0.27436794083363486,0.6739418786928737,0.43358187312308805,0.6613426472508063,0.48050103406563416,0.757104405406974,0.25
FARM0274,South India,Wheat,0.17346352670878806,0.9547738693467336,0.4430443548387095,0.6193576912255316,0.6863572433192687,0.8664440734557595,0.0,Inorganic,0.4047672087324571,2024-01-20,2024-06-05,0.7833333333333332,0.823640851076677,SENS0274,2024-04-09,0.39433924932122333,0.939458979324931,0.5666666666666667,,0.16666666666666666,0.42857142857142855,0.5,0.28116025272831713,0.1407237219988513,0.9233199310740955,0.2666914902758286,0.5009392209722566,0.5479234778105071,0.6114998421151888,0.6234879032258065,0.8014112903225805,0.6315524193548387,0.5618501254930082,0.6093325694799604,0.5328533598146312,0.6608013607652445,0.5332529636327105,0.37532650190878025,0.9740807715491259,0.5409968250768535,0.6232973880520754,0.7393474521305095,0.7460702866762169,0.1608987499497569,0.1919289360504844,0.9105671449817117,0.3658025465193515,0.5391805443755514,0.5511608850040972,0.733220729498726,1.0
FARM0197,North India,Wheat,0.25847214244686967,0.3115577889447234,0.710181451612903,0.6805337835121992,0.7665260196905767,0.5759599332220366,0.0,Mixed,0.8741367787926042,2024-03-17,2024-07-29,0.7333333333333334,0.6991066059832994,SENS0197,2024-04-10,0.4330716369207097,0.7266726016779592,0.4833333333333332,Severe,0.3333333333333333,0.42857142857142855,0.5,0.17346352670878806,0.44600804135554295,0.7825962090752442,0.16214590553661978,0.26918818404749034,0.4732787362833004,0.5541594043350915,0.4430443548387095,0.27419354838709675,0.10131048387096786,0.7062268435520496,0.44463722212332235,0.5709202250910295,0.6773600642315897,0.6863572433192687,0.07574844283705051,0.7850110508338356,0.536360429370559,0.6158684560437119,0.8214658357068325,0.7046711066034868,0.6193576912255316,0.7843964789581577,0.5101491217492666,0.4054597674266309,0.5745329609898918,0.5472197291918681,0.7313284057206192,1.0
FARM0476,East Africa,Rice,0.30212521539345205,0.8592964824120601,0.955141129032258,0.40781381888339574,0.30962427164958817,0.08848080133555924,0.0,Organic,0.7306749832924928,2024-01-06,2024-05-11,0.6000000000000001,0.051850062771559347,SENS0476,2024-04-10,0.28594093161755596,0.9298953829083696,0.8166666666666667,,0.3333333333333333,0.42857142857142855,0.5,0.25847214244686967,0.28116025272831713,0.08845491097070651,0.20476613295906976,0.25894978693627607,0.44557019389505736,0.5480673446586436,0.710181451612903,0.6234879032258065,0.646673387096774,0.7793713397872595,0.5723773865270938,0.7088712346904993,0.6680495607724817,0.7665260196905767,0.5332529636327105,0.21860558569419342,0.5591896386635089,0.5860743193503882,0.7494994501001098,0.7097011532339781,0.6805337835121992,0.1608987499497569,0.585594276297279,0.36408116679608216,0.5643879340309865,0.4753033909548523,0.7172313039468637,0.5
FARM0410,South India,Cotton,0.9678345778288341,0.030150753768844574,0.49697580645161277,0.7067808191647575,0.604179224432389,0.005008347245408995,0.0,Organic,0.8710180441078191,2024-03-17,2024-07-16,0.5166666666666666,0.1656338921134265,SENS0410,2024-04-10,0.6602685607820994,0.5655010945389223,0.6833333333333331,Mild,0.3333333333333333,0.42857142857142855,0.5,0.30212521539345205,0.17346352670878806,0.018667432510051707,0.3940938905278836,0.5378236184216244,0.5506749101738255,0.5940287597406071,0.955141129032258,0.4430443548387095,0.5771169354838708,0.7603681128241901,0.5847818168253552,0.7399867593512086,0.6380059209377602,0.30962427164958817,0.6863572433192687,0.7442234277677314,0.5240639016277784,0.5465157888969637,0.7299850540029889,0.6982332516315604,0.40781381888339574,0.6193576912255316,0.27436794083363486,0.4647257486598497,0.5734423577485115,0.5170796425644826,0.7271436073331043,0.0
FARM0271,South India,Maize,0.6875358989086733,0.8994974874371859,0.9168346774193545,0.43148840387475396,0.9085794655414908,0.7696160267111851,0.0,Inorganic,0.06683002895967924,2024-03-24,2024-06-29,0.1166666666666667,0.1793782219169604,SENS0271,2024-04-11,0.7275707835053992,0.7655102574219357,0.8833333333333331,Severe,0.5,0.42857142857142855,0.5,0.9678345778288341,0.25847214244686967,0.1407237219988513,0.5031650101681321,0.5426857383753821,0.5777036869193666,0.6079476325196886,0.49697580645161277,0.710181451612903,0.8014112903225805,0.7877375403370381,0.6327095221264482,0.8172790466732867,0.6677844443301951,0.604179224432389,0.7665260196905767,0.37532650190878025,0.6578138386332715,0.6432621580752638,0.8332252333549528,0.678493838474864,0.7067808191647575,0.6805337835121992,0.1919289360504844,0.5204834831744487,0.4924834351321254,0.5939673001131622,0.6370812818036732,0.25
FARM0343,South USA,Wheat,0.19270534175761067,0.030150753768844574,0.665322580645161,0.5953615499015235,0.4665461121157325,0.9081803005008346,0.0,Organic,0.30118066384495434,2024-01-25,2024-04-30,0.10000000000000009,0.7814165993664978,SENS0343,2024-04-11,0.20541809823388357,0.9014412263642684,0.1833333333333333,Moderate,0.5,0.42857142857142855,0.5,0.6875358989086733,0.30212521539345205,0.44600804135554295,0.4526394179818405,0.5722431909088342,0.5149386592431942,0.5976406087440805,0.9168346774193545,0.955141129032258,0.27419354838709675,0.8804828492888728,0.4913727849886165,0.8234028467394903,0.6684163579117511,0.9085794655414908,0.30962427164958817,0.07574844283705051,0.7558332913369956,0.45133935331321273,0.8013592397281522,0.6811627745701131,0.43148840387475396,0.40781381888339574,0.7843964789581577,0.4764853916606635,0.436773081778574,0.516088500409724,0.557590220345299,1.0
FARM0446,South USA,Cotton,0.8538196438828262,0.7587939698492461,0.928931451612903,0.5974114715221674,0.14888487040385778,0.7262103505843072,0.0,Inorganic,0.46357763421697484,2024-02-10,2024-06-03,0.3999999999999999,0.5597889667977446,SENS0446,2024-04-11,0.071835180825076,0.13584629989765595,0.4666666666666666,Mild,0.5,0.42857142857142855,0.5,0.19270534175761067,0.9678345778288341,0.28116025272831713,0.5668662102941596,0.6393078311484754,0.5555303790502704,0.6381791191179211,0.665322580645161,0.49697580645161277,0.6234879032258065,0.9529102426198159,0.5341945865008836,0.8200926845415428,0.663068917921161,0.4665461121157325,0.604179224432389,0.5332529636327105,0.6594264980093738,0.6035548188611394,0.7121062575787485,0.7253672715139124,0.5953615499015235,0.7067808191647575,0.1608987499497569,0.578084216631896,0.2600718502148959,0.5012291723572797,0.5508551824086925,0.0
FARM0244,South USA,Wheat,0.09132682366456063,0.9346733668341711,0.47681451612903225,0.05341854576148558,0.7699417319670484,0.5225375626043405,0.0,Organic,0.26197371352194254,2024-01-03,2024-05-13,0.6833333333333331,0.9315852900700171,SENS0244,2024-04-11,0.3094820782784745,0.24674236977189912,0.28333333333333327,Mild,0.5,0.42857142857142855,0.5,0.8538196438828262,0.6875358989086733,0.17346352670878806,0.5504826282473575,0.6660874789891511,0.46175509014987215,0.6007215353348506,0.928931451612903,0.9168346774193545,0.4430443548387095,0.9609178917174619,0.5153469736617295,0.7946871896722936,0.6718513858843693,0.14888487040385778,0.9085794655414908,0.6863572433192687,0.680391069898705,0.6231076571924747,0.6834550633089873,0.6767145143924796,0.5974114715221674,0.43148840387475396,0.6193576912255316,0.44636124650344744,0.5093098526719949,0.334803137316112,0.5657917865784344,1.0
FARM0464,North India,Rice,0.32050545663411845,0.7889447236180906,0.8729838709677418,0.05369990755255438,0.9342977697408078,0.3021702838063439,0.0,Mixed,0.13677879260414347,2024-03-16,2024-07-02,0.30000000000000004,0.8969942612454179,SENS0464,2024-04-11,0.21816495850149953,0.7484337478494765,0.7333333333333332,,0.5,0.42857142857142855,0.5,0.09132682366456063,0.19270534175761067,0.25847214244686967,0.5628562426603271,0.6550888223513508,0.40967209400187743,0.5583978331253965,0.47681451612903225,0.665322580645161,0.710181451612903,0.9995219313971555,0.5300976003994627,0.9213836477987418,0.5612894751105219,0.7699417319670484,0.4665461121157325,0.7665260196905767,0.722471400493877,0.6830740272895669,0.7044076591184676,0.7115388232177843,0.05341854576148558,0.5953615499015235,0.6805337835121992,0.30046495963177444,0.5905694568618007,0.24617785928903113,0.6300588658783384,0.5
FARM0212,East Africa,Soybean,0.0028719126938541173,0.06030150753768826,0.675907258064516,0.7766791269745571,0.8643761301989151,0.42404006677796335,0.0,Organic,0.5379817331254177,2024-03-24,2024-08-10,0.8166666666666664,0.43207714737856395,SENS0212,2024-04-11,0.7474001180592545,0.15296862388518262,0.4666666666666666,Moderate,0.5,0.42857142857142855,0.5,0.32050545663411845,0.8538196438828262,0.30212521539345205,0.5031650101681321,0.7366169985641722,0.4000258958340077,0.570885513980135,0.8729838709677418,0.928931451612903,0.955141129032258,0.9333094299031908,0.48503110726381743,0.9261833829857666,0.560982408589482,0.9342977697408078,0.14888487040385778,0.30962427164958817,0.8616136672882131,0.6512731402174967,0.7950424409915118,0.7023389993318457,0.05369990755255438,0.5974114715221674,0.40781381888339574,0.38631877332984077,0.66952673574154,0.28327935380653235,0.6638774146931531,0.75
FARM0204,South India,Rice,0.41039632395175196,0.6984924623115578,0.7545362903225805,0.2996905020298244,0.7000200924251555,0.8597662771285477,0.0,Organic,0.20917799064379597,2024-03-10,2024-07-21,0.7166666666666668,0.34156030724099495,SENS0204,2024-04-12,0.9820579399973289,0.6499992489440154,0.95,Moderate,0.6666666666666666,0.42857142857142855,0.5,0.0028719126938541173,0.09132682366456063,0.9678345778288341,0.3919743362071434,0.5930478742755262,0.44417829281714294,0.5439025196059004,0.675907258064516,0.47681451612903225,0.49697580645161277,0.994382693916577,0.4166390762039817,0.955312810327706,0.558603719457649,0.8643761301989151,0.7699417319670484,0.604179224432389,0.8856523711132394,0.648000948103443,0.7888384422323114,0.6979884895003993,0.7766791269745571,0.05341854576148558,0.7067808191647575,0.2915680459533544,0.6308111051442549,0.28819604323564985,0.660786135079308,0.5
FARM0402,East Africa,Soybean,0.3176335439402642,0.5879396984924621,0.49546370967741926,0.9376984605490575,0.3369499698613624,0.1786310517529216,0.0,Mixed,0.3169971040320785,2024-02-03,2024-05-10,0.1166666666666667,0.9800866977128005,SENS0402,2024-04-12,0.1681390309468347,0.1432345878304897,0.25000000000000006,,0.6666666666666666,0.42857142857142855,0.5,0.41039632395175196,0.32050545663411845,0.6875358989086733,0.31819093174462243,0.5279595313542594,0.46411808500307505,0.5307421841984157,0.7545362903225805,0.8729838709677418,0.9168346774193545,0.8944663559220749,0.4374179799916501,0.9050810989738496,0.5666277041145571,0.7000200924251555,0.9342977697408078,0.9085794655414908,0.7422768734566343,0.6638357176677209,0.7834522433095517,0.7040790250941079,0.2996905020298244,0.05369990755255438,0.43148840387475396,0.4093890037514851,0.7809430747876032,0.43299644905763457,0.7053364636456846,0.75
FARM0137,East Africa,Cotton,0.5855829982768525,0.3467336683417086,0.8523185483870965,0.6196792475581817,0.8129395218002812,0.7061769616026712,0.0,Mixed,0.5905546892403654,2024-03-05,2024-06-23,0.33333333333333326,0.11268438359335098,SENS0137,2024-04-13,0.11688538803732418,0.37282919785218027,0.13333333333333336,Severe,0.8333333333333333,0.42857142857142855,0.5,0.3176335439402642,0.0028719126938541173,0.19270534175761067,0.39655715636009514,0.5492370965483507,0.479849804162755,0.5403125547418377,0.49546370967741926,0.675907258064516,0.665322580645161,0.9388072188359029,0.45963942588042456,0.9999999999999996,0.4917779038106547,0.3369499698613624,0.8643761301989151,0.4665461121157325,0.8291588973441517,0.6692132203082476,0.8869180226163951,0.6147932496871502,0.9376984605490575,0.7766791269745571,0.5953615499015235,0.41504897512419214,0.7844239817063299,0.401014554961564,0.6822047005204875,0.0
FARM0413,South India,Cotton,0.9580700746697303,0.9145728643216082,0.19858870967741937,0.3301579645484144,0.0584689572031345,0.6243739565943238,0.0,Inorganic,0.4319447538427268,2024-01-19,2024-06-08,0.8500000000000001,0.6243518427666784,SENS0413,2024-04-13,0.8411020043489109,0.24649907770325097,0.4666666666666666,Moderate,0.8333333333333333,0.42857142857142855,0.5,0.5855829982768525,0.41039632395175196,0.8538196438828262,0.41735170280411304,0.606884688195824,0.5561454051079531,0.6081163863913047,0.8523185483870965,0.7545362903225805,0.928931451612903,0.76562686745548,0.6147418924076911,0.9302383316782521,0.613173269258043,0.8129395218002812,0.7000200924251555,0.14888487040385778,0.8064808748677124,0.7296761547199861,0.8202814359437127,0.7267743464385776,0.6196792475581817,0.2996905020298244,0.5974114715221674,0.3528454219719155,0.7826982724081347,0.4338783314473018,0.6505599991208852,0.0
FARM0185,Central USA,Rice,0.6852383687535901,0.6381909547738696,0.47933467741935476,0.944571727159452,0.35543500100462133,0.2988313856427379,0.0,Mixed,0.8774782802405882,2024-01-10,2024-04-15,0.10000000000000009,0.467845614670682,SENS0185,2024-04-13,0.2587171593649399,0.8084795222082248,0.7666666666666666,Mild,0.8333333333333333,0.42857142857142855,0.5,0.9580700746697303,0.3176335439402642,0.09132682366456063,0.5358176037579127,0.5840647368683023,0.6138283753601139,0.6019342564798753,0.19858870967741937,0.49546370967741926,0.47681451612903225,0.7662244532090354,0.614125905637348,0.9361966236345585,0.6059353466913242,0.0584689572031345,0.3369499698613624,0.7699417319670484,0.7025147407146102,0.7524802048795941,0.773836045232791,0.7413120748250015,0.3301579645484144,0.9376984605490575,0.05341854576148558,0.5602623233013071,0.7794375993334682,0.49702267140125667,0.7115031755584504,0.5
FARM0191,South USA,Maize,0.770534175761057,0.6231155778894473,0.598790322580645,0.04750994814904139,0.1040787623066104,0.8363939899833055,0.0,Mixed,0.11494764981064828,2024-02-13,2024-05-20,0.1166666666666667,0.5448344919025946,SENS0191,2024-04-13,0.7023365386986772,0.20478177317308166,0.6833333333333331,,0.8333333333333333,0.42857142857142855,0.5,0.6852383687535901,0.5855829982768525,0.32050545663411845,0.6255835935038524,0.60452203997301,0.6715437154047841,0.6072073423618513,0.47933467741935476,0.8523185483870965,0.8729838709677418,0.7012071232221824,0.5446594258089635,0.9179079774908971,0.607872470650054,0.35543500100462133,0.8129395218002812,0.9342977697408078,0.4942800987753866,0.754253374918638,0.6808606638278674,0.7907087462717507,0.944571727159452,0.6196792475581817,0.05369990755255438,0.5588216033155271,0.7828916715891634,0.3741132399422482,0.771453204806704,0.25
FARM0005,Central USA,Cotton,0.2645031591039634,0.20603015075376874,0.9506048387096773,0.8799389042967967,0.31143258991360245,0.654424040066778,0.0,Mixed,0.4588995321897973,2024-02-05,2024-05-20,0.25,0.743798949865777,SENS0005,2024-04-13,0.26281063820859973,0.5844066257157565,0.8999999999999999,Severe,0.8333333333333333,0.42857142857142855,0.5,0.770534175761057,0.9580700746697303,0.0028719126938541173,0.6777704579955891,0.48318429542043845,0.6673032725860226,0.611091796746795,0.598790322580645,0.19858870967741937,0.675907258064516,0.7663439703597468,0.6502401245976048,0.9171631909963587,0.606671137814585,0.1040787623066104,0.0584689572031345,0.8643761301989151,0.3555913924305807,0.6410259793011673,0.6811144637771074,0.7904632423950095,0.04750994814904139,0.3301579645484144,0.7766791269745571,0.5828554321692192,0.8109461305566431,0.4657821828540212,0.8123672619837489,0.0
FARM0107,South India,Cotton,0.7530155083285469,0.9547738693467336,0.30443548387096775,0.7257124482495279,0.00683142455294361,0.652754590984975,0.0,Organic,0.6683002895967921,2024-02-10,2024-05-20,0.16666666666666674,0.40206756182180925,SENS0107,2024-04-14,0.9237755115767573,0.8880489468192283,0.7666666666666666,,1.0,0.42857142857142855,0.5,0.2645031591039634,0.6852383687535901,0.41039632395175196,0.7461117635264801,0.47756810775401926,0.6430906677888195,0.574723681802951,0.9506048387096773,0.47933467741935476,0.7545362903225805,0.65961515477471,0.6911350005019661,0.8855511420059581,0.6519474665886323,0.31143258991360245,0.35543500100462133,0.7000200924251555,0.18172655344453958,0.6219229691383528,0.5972758805448235,0.8622237171730465,0.8799389042967967,0.944571727159452,0.2996905020298244,0.6820125174242921,0.7663085137994227,0.46945799352245676,0.8145847548435248,0.0
FARM0055,Central USA,Wheat,0.6737507179781735,0.46733668341708556,0.6244959677419355,0.9470637887374898,0.3248945147679324,0.6093489148580968,0.0,Mixed,0.8246825573624416,2024-03-10,2024-07-19,0.6833333333333331,0.40496335600153965,SENS0055,2024-04-14,0.0452181597938095,0.036262084490794155,1.0,,1.0,0.42857142857142855,0.5,0.7530155083285469,0.770534175761057,0.3176335439402642,0.8171454758972302,0.4050110262290385,0.6415369177483572,0.5734613293704794,0.30443548387096775,0.598790322580645,0.49546370967741926,0.6902115453567585,0.6904434144016237,0.8375537901357166,0.6191030146111138,0.00683142455294361,0.1040787623066104,0.3369499698613624,0.17870281711434766,0.6211191950045114,0.5153548969290207,0.8090533164562784,0.7257124482495279,0.04750994814904139,0.9376984605490575,0.6841923080521279,0.7694155420838522,0.5695633511530811,0.85948251140694,1.0
FARM0284,Central USA,Soybean,0.8055715106260771,0.20603015075376874,0.645665322580645,0.6926725350697377,0.2509543901948966,0.06677796327212027,0.0,Mixed,0.5502339051013589,2024-01-04,2024-05-16,0.7166666666666668,0.3294739516898003,SENS0284,2024-04-14,0.724885463946286,0.6158581966244543,0.03333333333333338,Mild,1.0,0.42857142857142855,0.5,0.6737507179781735,0.2645031591039634,0.5855829982768525,0.8610259788617421,0.40819953959061517,0.7106140549639075,0.56922579159376,0.6244959677419355,0.9506048387096773,0.8523185483870965,0.6412095135651965,0.6261800003958607,0.8343263819927178,0.6187069082439475,0.3248945147679324,0.31143258991360245,0.8129395218002812,0.037746308521896754,0.32343271379540445,0.48509630298073914,0.8190498359081505,0.9470637887374898,0.8799389042967967,0.6196792475581817,0.7011815774948313,0.7701276009833407,0.5884574862449761,0.8640272432242704,0.75
FARM0125,East Africa,Maize,0.38110281447444005,0.7386934673366836,0.7968749999999998,0.6919892278628564,0.07414104882459316,0.7445742904841404,0.0,Organic,0.09690354199153489,2024-01-27,2024-04-30,0.06666666666666665,0.3368304262176298,SENS0125,2024-04-14,0.955556784227335,0.39625914035133425,0.7666666666666666,,1.0,0.42857142857142855,0.5,0.8055715106260771,0.7530155083285469,0.9580700746697303,0.7459399077707444,0.40021147289861303,0.6573333764930567,0.5458093168871436,0.645665322580645,0.30443548387096775,0.19858870967741937,0.7830763714593045,0.5283265045978492,0.81264481959616,0.5896288256488985,0.2509543901948966,0.00683142455294361,0.0584689572031345,0.041677165751146106,0.3176755369465045,0.47460590507881895,0.8331014243552405,0.6926725350697377,0.7257124482495279,0.3301579645484144,0.7853982093908751,0.700446388521831,0.606820931049284,0.8680947995469909,0.25
FARM0406,South India,Wheat,0.05600229753015512,0.9195979899497488,0.27570564516129026,0.25141685759073923,0.6785211975085393,1.0,0.0,Mixed,0.8416128313655603,2024-02-02,2024-05-12,0.16666666666666674,0.7379545277289273,SENS0406,2024-04-14,0.06982891817558412,0.08883895757434956,0.7,Mild,1.0,0.42857142857142855,0.5,0.38110281447444005,0.6737507179781735,0.6852383687535901,0.6204279208317817,0.5610390574589753,0.6533518920143724,0.553445144702576,0.7968749999999998,0.6244959677419355,0.47933467741935476,0.7347914425720088,0.6183232010639206,0.779625951671632,0.6342897280765194,0.07414104882459316,0.3248945147679324,0.35543500100462133,0.12271329940029241,0.5123366232742701,0.46177490764501883,0.8162817914110585,0.6919892278628564,0.9470637887374898,0.944571727159452,0.6240656369572744,0.746433001828705,0.6452647598236234,0.819483783849403,1.0
FARM0028,South USA,Soybean,0.9462952326249284,0.015075376884422287,0.8876008064516128,0.5777965352305158,0.4745830821780189,0.9432387312186978,0.0,Inorganic,0.8545333036310983,2024-02-18,2024-07-04,0.7833333333333332,0.7333781162494056,SENS0028,2024-04-14,0.4885035557102917,0.2723171278818022,0.4833333333333332,Severe,1.0,0.42857142857142855,0.5,0.05600229753015512,0.8055715106260771,0.770534175761057,0.6554864950018618,0.6180170634323537,0.7238856698928555,0.5877051300721512,0.27570564516129026,0.645665322580645,0.598790322580645,0.8032747699294851,0.677102547449586,0.7820258192651446,0.6378149326825371,0.6785211975085393,0.2509543901948966,0.1040787623066104,0.21564279594819324,0.5202241608689199,0.39725332054933604,0.7258528414122634,0.25141685759073923,0.6926725350697377,0.04750994814904139,0.7474904341806141,0.5104390315099192,0.7470246224684909,0.7242229557935397,0.75
FARM0379,East Africa,Wheat,0.5086157380815625,0.4120603015075379,0.4682459677419353,0.7231399975883277,0.8119349005424955,0.353923205342237,0.0,Mixed,0.015148139897527307,2024-03-22,2024-07-19,0.4833333333333334,0.17476658791917943,SENS0379,2024-04-14,0.8435064287203641,0.04431996386920023,0.4166666666666667,Moderate,1.0,0.42857142857142855,0.5,0.9462952326249284,0.38110281447444005,0.2645031591039634,0.7041789591269728,0.572165689354139,0.7808888745023141,0.5091152058255844,0.8876008064516128,0.7968749999999998,0.9506048387096773,0.688896856698936,0.5932179462593855,0.7479311486262827,0.6434211332109123,0.4745830821780189,0.07414104882459316,0.31143258991360245,0.34117824925666507,0.680472998065922,0.38989312202137594,0.7092547167692975,0.5777965352305158,0.6919892278628564,0.8799389042967967,0.7109953129823843,0.4749349933422777,0.7366293362469272,0.7195797060890207,1.0
FARM0425,South India,Wheat,0.29207352096496264,0.5175879396984926,0.2318548387096775,0.040676876080228325,0.5099457504520796,0.335559265442404,0.0,Inorganic,0.43239028736912455,2024-02-26,2024-06-26,0.5166666666666666,0.3131080601701247,SENS0425,2024-04-14,0.02457080208227569,0.4413079289481012,0.26666666666666666,,1.0,0.42857142857142855,0.5,0.5086157380815625,0.05600229753015512,0.7530155083285469,0.6122361298083808,0.5883348338055483,0.7675525199883468,0.5234334403678079,0.4682459677419353,0.27570564516129026,0.30443548387096775,0.6716863869965342,0.6311342520693268,0.6621151936444885,0.6806874987604735,0.8119349005424955,0.6785211975085393,0.00683142455294361,0.4673688454366782,0.5753723840260082,0.3632159273568143,0.6775414588571165,0.7231399975883277,0.25141685759073923,0.7257124482495279,0.5515525161145467,0.6986662789319272,0.6863386272290943,0.7928124227900071,1.0
FARM0097,South India,Rice,0.6010913268236646,0.39698492462311563,0.04082661290322587,0.03842598175167811,0.7122764717701427,0.8030050083472455,0.0,Organic,0.6065938961906884,2024-03-05,2024-06-23,0.33333333333333326,0.9313613754896558,SENS0097,2024-04-14,0.1624799297665943,0.9910080573286044,0.7333333333333332,Moderate,1.0,0.42857142857142855,0.5,0.29207352096496264,0.9462952326249284,0.6737507179781735,0.5977429610746713,0.579376742296037,0.7995015051953516,0.5046870772544052,0.2318548387096775,0.8876008064516128,0.6244959677419355,0.5332855264730489,0.7952054878819664,0.587471036080768,0.7773018949236951,0.5099457504520796,0.4745830821780189,0.3248945147679324,0.5645315728468481,0.6006500119861812,0.4158935168212965,0.7165897846886167,0.040676876080228325,0.5777965352305158,0.9470637887374898,0.3400660485915561,0.701995845601034,0.5117337183439343,0.8360450879490918,0.5
FARM0377,Central USA,Wheat,0.8317059161401493,0.512562814070352,0.49344758064516125,0.8890228706941601,0.47398030942334735,0.5626043405676127,0.0,Organic,0.7571842281131655,2024-02-20,2024-05-31,0.18333333333333335,0.43093744732346595,SENS0377,2024-04-14,0.09286212338184996,0.5130617648413671,0.9666666666666666,Mild,1.0,0.42857142857142855,0.5,0.6010913268236646,0.5086157380815625,0.8055715106260771,0.6029559189986539,0.5875895878657799,0.8272424173761046,0.5191938183066896,0.04082661290322587,0.4682459677419353,0.645665322580645,0.4971913469582887,0.7739398485786362,0.5285501489572986,0.7341762572569966,0.7122764717701427,0.8119349005424955,0.2509543901948966,0.6204706949554002,0.548695629067569,0.3683201263359748,0.6517587862894315,0.03842598175167811,0.7231399975883277,0.6926725350697377,0.3857668091794446,0.779609498044594,0.5640301244780896,0.8680491731448293,1.0
FARM0096,South USA,Maize,0.04078116025272832,0.045226130653266416,0.566532258064516,0.36359982314401706,0.2853124372111714,0.38564273789649417,0.0,Mixed,0.27934952105145916,2024-03-22,2024-07-29,0.6499999999999999,0.11363790748050806,SENS0096,2024-04-15,0.39409202472262006,0.7950139896694757,0.3333333333333333,Moderate,0.0,0.42857142857142855,0.5,0.8317059161401493,0.29207352096496264,0.38110281447444005,0.5350728954830578,0.6788815803745764,0.723853300100346,0.5557649013698881,0.49344758064516125,0.2318548387096775,0.7968749999999998,0.4425720090833032,0.6925721833964523,0.5889606090698445,0.6961933797446689,0.47398030942334735,0.5099457504520796,0.07414104882459316,0.673436476339264,0.4082528469283586,0.4001579199684162,0.6155344845373241,0.8890228706941601,0.040676876080228325,0.6919892278628564,0.30933380733644567,0.745965231888094,0.5705232762320989,0.8641063515839023,0.25
FARM0011,South India,Wheat,0.09276278001148769,0.4271356783919602,0.426915322580645,0.4686281602958319,0.7277476391400443,0.6727879799666108,0.0,Organic,0.40253954110046786,2024-02-26,2024-07-20,0.9166666666666665,0.10403725536074149,SENS0011,2024-04-15,0.1902120038012134,0.4482427292773643,0.4166666666666667,Moderate,0.0,0.42857142857142855,0.5,0.04078116025272832,0.6010913268236646,0.05600229753015512,0.5424054077277806,0.6658032556631067,0.6570744181529793,0.5940686773192848,0.566532258064516,0.04082661290322587,0.27570564516129026,0.4784271542966412,0.6728917759708037,0.5803541873551801,0.6992165550321373,0.2853124372111714,0.7122764717701427,0.6785211975085393,0.6857833996875475,0.4221408548652938,0.45241250951749823,0.6574574293907953,0.36359982314401706,0.03842598175167811,0.25141685759073923,0.35988998138290396,0.7291378715164347,0.47811292777149106,0.8185945545426306,1.0
FARM0053,North India,Wheat,0.3058587018954624,0.437185929648241,0.584173387096774,0.7352385546042849,0.08599557966646576,0.2938230383973288,0.0,Organic,0.20026732011583873,2024-03-12,2024-07-13,0.5499999999999998,0.499057797636569,SENS0053,2024-04-15,0.8310578794623341,0.2563294492055834,0.8166666666666667,Severe,0.0,0.42857142857142855,0.5,0.09276278001148769,0.8317059161401493,0.9462952326249284,0.414659295964254,0.5383750868216167,0.6047000938723981,0.5822905549870954,0.426915322580645,0.49344758064516125,0.8876008064516128,0.40647782956854295,0.49962853252092443,0.5779543197616679,0.698390450232568,0.7277476391400443,0.47398030942334735,0.4745830821780189,0.5883182986443585,0.5952568672057283,0.44987451002509804,0.6617404141600205,0.4686281602958319,0.8890228706941601,0.5777965352305158,0.39653478777446205,0.7652076131107308,0.6116439692511804,0.7516056065037694,1.0
FARM0356,East Africa,Maize,0.2702469844916715,0.5628140703517586,0.535282258064516,0.4285140077977412,0.34438416716897724,0.07512520868113526,0.0,Mixed,0.8050790822009356,2024-02-22,2024-06-25,0.5666666666666664,0.3094172434354031,SENS0356,2024-04-15,0.40249690038406105,0.6248413769760286,0.4499999999999999,Mild,0.0,0.42857142857142855,0.5,0.3058587018954624,0.04078116025272832,0.5086157380815625,0.3671125368773809,0.5317563095933381,0.6053474897225908,0.581738236216934,0.584173387096774,0.566532258064516,0.4682459677419353,0.42237361061312306,0.5131381383359214,0.5097649784839455,0.6135541334082352,0.08599557966646576,0.2853124372111714,0.8119349005424955,0.4710477246384117,0.5260382043127326,0.45449930910013814,0.6596996984424143,0.7352385546042849,0.36359982314401706,0.7231399975883277,0.3279602585811716,0.7211347041332182,0.5239942248409879,0.7226935497421675,0.25
FARM0150,Central USA,Soybean,0.681792073520965,0.7638190954773871,0.9621975806451613,0.7734233691064756,0.012055455093429757,0.06677796327212027,0.0,Organic,0.03876141679661396,2024-01-26,2024-05-20,0.41666666666666674,0.503903409791357,SENS0150,2024-04-15,0.7131072036323559,0.7671876157877979,0.4166666666666667,Severe,0.0,0.42857142857142855,0.5,0.2702469844916715,0.09276278001148769,0.29207352096496264,0.44484862372182277,0.5789012396501176,0.5973197811802025,0.5730982263240377,0.535282258064516,0.426915322580645,0.2318548387096775,0.5955539619935459,0.6872509935937404,0.6177590201919898,0.6815942374807842,0.34438416716897724,0.7277476391400443,0.5099457504520796,0.3461674142014821,0.6381320861990103,0.4552325089534981,0.6581168563135934,0.4285140077977412,0.4686281602958319,0.040676876080228325,0.49850782572901386,0.6593750590987271,0.5332578920669613,0.729302934811392,0.75
FARM0037,South India,Maize,0.1757610568638714,0.010050251256281673,0.538306451612903,0.2749708589573536,0.9740807715491259,0.5525876460767947,0.0,Mixed,0.8694586767654267,2024-02-04,2024-06-28,0.9166666666666665,0.006415530111479217,SENS0037,2024-04-16,0.4696539111852336,0.4400865116353594,0.1833333333333333,,0.16666666666666666,0.42857142857142855,0.5,0.681792073520965,0.3058587018954624,0.6010913268236646,0.36000916564030605,0.5720565653770144,0.5411905609685039,0.5781259750522141,0.9621975806451613,0.584173387096774,0.04082661290322587,0.7135173897454288,0.43988001616250666,0.603608076795763,0.6782967953825568,0.012055455093429757,0.08599557966646576,0.7122764717701427,0.4118328881721516,0.7804498499840872,0.5463466907306618,0.755820317891572,0.7734233691064756,0.7352385546042849,0.03842598175167811,0.5535639108998889,0.5284653193001085,0.40276271120302853,0.6875053580694003,0.25
FARM0025,South USA,Cotton,0.24066628374497423,0.6532663316582914,0.005544354838709631,0.7539290164395677,0.7689371107092627,0.10517529215358923,0.0,Organic,0.17509467587435953,2024-03-17,2024-07-14,0.4833333333333334,0.044609319375152445,SENS0025,2024-04-17,0.9181343867276547,0.12052701097743412,0.13333333333333336,Severe,0.3333333333333333,0.42857142857142855,0.5,0.1757610568638714,0.2702469844916715,0.8317059161401493,0.24211611720562531,0.3988601240578268,0.4775191791020619,0.5457945491989884,0.538306451612903,0.535282258064516,0.49344758064516125,0.5978247878570575,0.713826881658773,0.4985104270109235,0.7703784868785155,0.9740807715491259,0.34438416716897724,0.47398030942334735,0.48581363705084946,0.8387635824706657,0.6190462761907449,0.7670179243003737,0.2749708589573536,0.4285140077977412,0.8890228706941601,0.5221206649764716,0.46659122361848043,0.4146564170601321,0.6971714787786866,0.0
FARM0171,East Africa,Wheat,0.3351522113727743,0.9849246231155777,0.9002016129032255,0.7072631536637326,0.42877235282298576,0.652754590984975,0.0,Organic,0.052572956114947667,2024-02-07,2024-05-19,0.19999999999999996,0.40595461830111723,SENS0171,2024-04-17,0.7225247993296952,0.7299993290566538,0.26666666666666666,Moderate,0.3333333333333333,0.42857142857142855,0.5,0.24066628374497423,0.681792073520965,0.04078116025272832,0.3008335004153181,0.35586221385303823,0.47234001230052103,0.5464441121054634,0.005544354838709631,0.9621975806451613,0.566532258064516,0.6769451416278236,0.8044834819955143,0.5154750082754056,0.7971274520540506,0.7689371107092627,0.012055455093429757,0.2853124372111714,0.5217960993801343,0.8223576139748913,0.6688192662361465,0.7057154946704061,0.7539290164395677,0.7734233691064756,0.36359982314401706,0.6021086901610053,0.4463709196331788,0.4176220392554726,0.6992804987978097,1.0
FARM0338,North India,Maize,0.41470419299253314,0.48743718592964846,0.6935483870967742,0.24526709272880748,0.11533052039381153,0.27545909849749584,0.0,Mixed,0.746268656716418,2024-03-16,2024-07-20,0.6000000000000001,0.432912424240137,SENS0338,2024-04-18,0.6283972062939741,0.47570849614558064,0.7,,0.5,0.42857142857142855,0.5,0.3351522113727743,0.1757610568638714,0.09276278001148769,0.36505026780855276,0.3155903577634485,0.5127698831450489,0.5160382074333036,0.9002016129032255,0.538306451612903,0.426915322580645,0.7401697143540096,0.7961056043458414,0.5840781198278711,0.7898621619251518,0.42877235282298576,0.9740807715491259,0.7277476391400443,0.3681902938063806,0.83011889160221,0.5897746820450633,0.7456071319712729,0.7072631536637326,0.2749708589573536,0.4686281602958319,0.5501211514533497,0.5310211964950623,0.41642798610840126,0.700362637755979,0.25
FARM0121,North India,Rice,0.5037334865020104,0.3718592964824121,0.6229838709677418,0.6693195064110296,0.6148282097649186,0.4824707846410685,0.0,Organic,0.005569169079973263,2024-03-14,2024-06-12,0.0,0.010903885295353355,SENS0121,2024-04-18,0.5360553956058001,0.2860897421775017,0.49999999999999994,Severe,0.5,0.42857142857142855,0.5,0.41470419299253314,0.24066628374497423,0.3058587018954624,0.4045198063758486,0.33194962525180194,0.4628880328877092,0.4297493103493433,0.6935483870967742,0.005544354838709631,0.584173387096774,0.7493725349587668,0.7960040678663175,0.5406322409798077,0.7427508533946269,0.11533052039381153,0.7689371107092627,0.08599557966646576,0.5008315274908031,0.7865048361075723,0.609458278108344,0.7511237538994653,0.24526709272880748,0.7539290164395677,0.7352385546042849,0.5347784191372518,0.5153236455086176,0.43419830647364144,0.7078741727736019,0.5
FARM0147,North India,Wheat,0.31045376220562904,0.879396984924623,0.13810483870967738,0.7765585433498133,0.7520594735784608,0.13188647746243742,0.0,Organic,0.5306304299398531,2024-01-20,2024-05-30,0.6833333333333331,0.1592334573669154,SENS0147,2024-04-18,0.7229190775235489,0.6279619144517192,0.14999999999999997,Severe,0.5,0.42857142857142855,0.5,0.5037334865020104,0.3351522113727743,0.2702469844916715,0.41253974164351404,0.3255199670681439,0.44055287605606464,0.42478810409546947,0.6229838709677418,0.9002016129032255,0.535282258064516,0.6551930201983986,0.9168432568674205,0.4864283349884144,0.7891516477602925,0.6148282097649186,0.42877235282298576,0.34438416716897724,0.6030842110567962,0.8101188349439693,0.6010546797890641,0.7394119393372012,0.6693195064110296,0.7072631536637326,0.4285140077977412,0.6157861747013313,0.53069665500155,0.4445701798883992,0.7166243951907636,1.0
FARM0093,North India,Wheat,0.15422171165996557,0.4120603015075379,0.4682459677419353,0.3411712689416778,0.1396423548322283,0.8614357262103505,0.0,Mixed,0.9893071953664514,2024-02-13,2024-05-21,0.1333333333333333,0.7595736062575319,SENS0093,2024-04-18,0.5619920385271613,0.31856274922541106,0.4666666666666666,Moderate,0.5,0.42857142857142855,0.5,0.31045376220562904,0.41470419299253314,0.681792073520965,0.3073067338813624,0.24076416284356458,0.4250153756514419,0.43690799083173726,0.13810483870967738,0.6935483870967742,0.9621975806451613,0.5380662125014939,0.7937602200423759,0.5252399867593511,0.7650586362078978,0.7520594735784608,0.11533052039381153,0.012055455093429757,0.6350854205513283,0.7454697313383415,0.5490820901835818,0.7753484709217587,0.7765585433498133,0.24526709272880748,0.7734233691064756,0.5151790141358956,0.5388601321598803,0.5029148944472628,0.6454998912212568,1.0
FARM0426,Central USA,Wheat,0.2914991384261919,0.4974874371859297,0.550907258064516,0.0778568270428876,0.2730560578661846,0.22704507512520866,0.0,Organic,0.3599910893294721,2024-03-07,2024-06-26,0.34999999999999987,0.1919702721945893,SENS0426,2024-04-18,0.2500811136901653,0.7452581329349068,0.7666666666666666,Moderate,0.5,0.42857142857142855,0.5,0.15422171165996557,0.5037334865020104,0.1757610568638714,0.33039269040185615,0.2164432991646585,0.39012073932606095,0.41605111529702204,0.4682459677419353,0.6229838709677418,0.538306451612903,0.5410541412692718,0.7948260500709652,0.6089870903674277,0.6766060385334813,0.1396423548322283,0.6148282097649186,0.9740807715491259,0.45925515295066277,0.6296748974346525,0.4874369025126195,0.7615395452774496,0.3411712689416778,0.6693195064110296,0.2749708589573536,0.46930050238093024,0.6375330257328681,0.5105708822726036,0.6311903221314945,1.0
FARM0027,Central USA,Cotton,0.07323377369327977,0.2814070351758797,0.27368951612903225,0.32059166365207614,0.5380751456700824,0.13689482470784642,0.0,Inorganic,0.694586767654266,2024-03-07,2024-06-09,0.06666666666666665,0.4115776417517667,SENS0027,2024-04-18,0.5429346853029041,0.4153571922122503,0.2,Severe,0.5,0.42857142857142855,0.5,0.2914991384261919,0.31045376220562904,0.24066628374497423,0.29699538853722096,0.27872079166728114,0.3046321173081279,0.33284644755832227,0.550907258064516,0.13810483870967738,0.005544354838709631,0.6046372654475918,0.6508383587126612,0.5729063224097981,0.7024817014057732,0.2730560578661846,0.7520594735784608,0.7689371107092627,0.4013506022274862,0.5528333388157489,0.4964327007134597,0.7646841443042911,0.0778568270428876,0.7765585433498133,0.7539290164395677,0.36844074805175375,0.603230441421701,0.4002029109923131,0.5909157903293857,0.0
FARM0366,East Africa,Rice,0.8466398621481909,0.683417085427136,0.798891129032258,0.32027010731942607,0.4759895519389191,0.7345575959933222,0.0,Organic,0.6881265315214969,2024-02-26,2024-06-13,0.30000000000000004,0.19399808288864906,SENS0366,2024-04-19,0.36776394618983466,0.3930457723559324,0.38333333333333336,Mild,0.6666666666666666,0.42857142857142855,0.5,0.07323377369327977,0.15422171165996557,0.3351522113727743,0.3990204221923066,0.4860359599029795,0.3954617550901499,0.41508931439658925,0.27368951612903225,0.4682459677419353,0.9002016129032255,0.5806143181546553,0.5922223022492358,0.6110559417411459,0.7310142322843401,0.5380751456700824,0.1396423548322283,0.42877235282298576,0.41319356952073805,0.5557854102414385,0.5231944953611012,0.75734320944033,0.32059166365207614,0.3411712689416778,0.7072631536637326,0.27836768296676073,0.5503465419981203,0.391789909080267,0.5963086488725651,0.5
FARM0227,South USA,Soybean,0.418150488225158,0.8743718592964824,0.7031249999999998,0.43036295671047886,0.9381153305203939,0.4808013355592653,0.0,Inorganic,0.5894408554243707,2024-03-25,2024-08-15,0.8833333333333333,0.695209485927346,SENS0227,2024-04-19,0.425706425773687,0.25387394676915775,0.7666666666666666,,0.6666666666666666,0.42857142857142855,0.5,0.8466398621481909,0.2914991384261919,0.41470419299253314,0.3997078452152494,0.4862308116520821,0.4321367300035608,0.3945703520052839,0.798891129032258,0.550907258064516,0.6935483870967742,0.5828851440181668,0.595522260101063,0.6564051638530284,0.7351790245300828,0.4759895519389191,0.2730560578661846,0.11533052039381153,0.6195635740563425,0.6190627504592456,0.5527198894560219,0.8078917146745187,0.32027010731942607,0.0778568270428876,0.24526709272880748,0.32144895267141305,0.5305138772119319,0.38436024505404465,0.59760176641175,0.75
FARM0066,South India,Soybean,0.04537622056289492,0.07537688442211055,0.44657258064516125,0.4253788335544034,0.6051838456901747,0.41402337228714536,0.0,Mixed,0.11294274894185788,2024-02-04,2024-05-22,0.30000000000000004,0.6766019327098948,SENS0066,2024-04-19,0.48690538380307746,0.6670693995758037,0.04999999999999999,Severe,0.6666666666666666,0.42857142857142855,0.5,0.418150488225158,0.07323377369327977,0.5037334865020104,0.3082805831638643,0.5212878253613011,0.40277732819732637,0.4253327211940606,0.7031249999999998,0.27368951612903225,0.6229838709677418,0.5410541412692718,0.582889480984147,0.6338133068520357,0.7388895167697095,0.9381153305203939,0.5380751456700824,0.6148282097649186,0.6171445849921888,0.6180194680114791,0.6255886748822648,0.7637995965660409,0.43036295671047886,0.32059166365207614,0.6693195064110296,0.26467148777726845,0.4705640857633078,0.3241971358333009,0.5713773442478511,0.75
FARM0403,South India,Maize,0.9526134405514074,0.6783919597989954,0.05947580645161288,0.9651111379074724,0.1776170383765321,0.712854757929883,0.0,Inorganic,0.09779460904433057,2024-01-14,2024-06-09,0.9500000000000002,0.32035131946069284,SENS0403,2024-04-19,0.9422638278423182,0.8997655203215724,0.04999999999999999,Mild,0.6666666666666666,0.42857142857142855,0.5,0.04537622056289492,0.8466398621481909,0.31045376220562904,0.4363704064388624,0.6991359616130274,0.47968795520020713,0.5242003481938254,0.44657258064516125,0.798891129032258,0.13810483870967738,0.5224094657583365,0.6352196009527127,0.5556934789804697,0.8188866325107789,0.6051838456901747,0.4759895519389191,0.7520594735784608,0.47306354885853996,0.6384139486453556,0.6021826795634642,0.7885014025896785,0.4253788335544034,0.32027010731942607,0.7765585433498133,0.3085573153960576,0.6101943239857616,0.42838412611698606,0.6603939684561599,0.25
FARM0414,North India,Maize,0.5178058587018955,0.23115577889447225,0.07358870967741937,0.6021946219703366,0.43600562587904357,0.09348914858096835,0.0,Mixed,0.1240810871018044,2024-01-02,2024-04-25,0.3999999999999999,0.30934428250472357,SENS0414,2024-04-19,0.6938242854868791,0.7827457405111589,0.06666666666666671,Severe,0.6666666666666666,0.42857142857142855,0.5,0.9526134405514074,0.418150488225158,0.15422171165996557,0.5088935353593219,0.6711602963674255,0.4612048036772083,0.5049547208532619,0.05947580645161288,0.7031249999999998,0.4682459677419353,0.42882753675152374,0.7411618212780879,0.40979808010592533,0.7951386306009934,0.1776170383765321,0.9381153305203939,0.1396423548322283,0.54739706697576,0.5603751209966747,0.6616846676630668,0.7105166390594686,0.9651111379074724,0.43036295671047886,0.3411712689416778,0.36931079323797134,0.6250415049695693,0.3951379404534281,0.6362411825345994,0.25
FARM0220,Central USA,Cotton,0.21998851234922467,0.7688442211055277,0.7389112903225805,0.2917319827967363,0.4623267028330321,0.5091819699499165,0.0,Inorganic,0.5023390510135889,2024-03-08,2024-07-30,0.8999999999999999,0.9642013419779457,SENS0220,2024-04-19,0.7577247377697692,0.13956587962675515,0.16666666666666669,Mild,0.6666666666666666,0.42857142857142855,0.5,0.5178058587018955,0.04537622056289492,0.2914991384261919,0.49462950763325975,0.6831732617478008,0.46618975172369126,0.5005228884537627,0.07358870967741937,0.44657258064516125,0.550907258064516,0.4734074339667744,0.7977763857937553,0.4427341939755043,0.8209257484755873,0.43600562587904357,0.6051838456901747,0.2730560578661846,0.594869727359775,0.5186742700964548,0.5898592820281432,0.6271663442051402,0.6021946219703366,0.4253788335544034,0.0778568270428876,0.4190904753440421,0.5380981760185336,0.3983923205993678,0.6335351708461832,0.0
FARM0065,South India,Soybean,0.6562320505456635,0.06532663316582887,0.7469758064516128,0.975843080509667,0.08760297367892311,0.5292153589315525,0.0,Inorganic,0.453553129873023,2024-01-12,2024-04-30,0.31666666666666665,0.7202552123037288,SENS0065,2024-04-20,0.9420935931875393,0.5960607614305711,0.8833333333333331,Mild,0.8333333333333333,0.42857142857142855,0.5,0.21998851234922467,0.9526134405514074,0.07323377369327977,0.6109185690144071,0.620543960302179,0.5130288414851261,0.5127029207034436,0.7389112903225805,0.05947580645161288,0.27368951612903225,0.5856340384845224,0.8194027527684429,0.5644654088050309,0.7611212051795433,0.4623267028330321,0.1776170383765321,0.5380751456700824,0.48188277982159966,0.6357999486404878,0.4942331011533798,0.6419906498915579,0.2917319827967363,0.9651111379074724,0.32059166365207614,0.5716009766958865,0.651859125325275,0.4414796893900965,0.692469212742345,0.75
FARM0498,North India,Cotton,0.16570936243538198,0.10552763819095468,0.10231854838709686,0.959805458418747,0.35443037974683544,0.6143572621035058,0.0,Inorganic,0.9244820672755625,2024-01-02,2024-05-09,0.6333333333333333,0.14613571236285228,SENS0498,2024-04-20,0.5307931349472369,0.5994532813135272,0.6833333333333331,Mild,0.8333333333333333,0.42857142857142855,0.5,0.6562320505456635,0.5178058587018955,0.8466398621481909,0.4750952367313036,0.5986937415706756,0.4939306639044443,0.5266450851021087,0.7469758064516128,0.07358870967741937,0.798891129032258,0.4204613362017451,0.8278183790473557,0.4334657398212509,0.7525315414919497,0.08760297367892311,0.43600562587904357,0.4759895519389191,0.45139343849216407,0.6408581216976315,0.48379910324017894,0.64414219976241,0.975843080509667,0.6021946219703366,0.32027010731942607,0.720453546135783,0.6693720423094354,0.4905139111093768,0.7460474507366293,0.0
FARM0371,Central USA,Rice,0.5017231476163125,0.9296482412060305,0.8850806451612903,0.131878290928092,0.31424552943540285,0.5292153589315525,0.0,Inorganic,0.1160614836266429,2024-01-05,2024-05-05,0.5166666666666666,0.8712944023870804,SENS0371,2024-04-20,0.2810862812648035,0.36009744701049673,0.4333333333333334,Moderate,0.8333333333333333,0.42857142857142855,0.5,0.16570936243538198,0.21998851234922467,0.418150488225158,0.49176524503766517,0.6011187901755157,0.5037387110348621,0.5292723415492687,0.10231854838709686,0.7389112903225805,0.7031249999999998,0.4636070276084616,0.9109894076813219,0.4649122807017543,0.7978919523390285,0.35443037974683544,0.4623267028330321,0.9381153305203939,0.2949150834047274,0.3994078023088484,0.5117170976565806,0.6096944548490021,0.959805458418747,0.2917319827967363,0.43036295671047886,0.650980905782526,0.7943110305989456,0.4684980684434388,0.7704782495038129,0.5
FARM0310,South USA,Maize,0.09936817920735214,0.07035175879396993,0.5761088709677418,0.2511354957996705,0.4432388989351014,0.8964941569282139,0.0,Mixed,0.6408999777233237,2024-01-22,2024-05-15,0.3999999999999999,0.26220397360323844,SENS0310,2024-04-20,0.3299609228992355,0.39087887569923296,0.0,Severe,0.8333333333333333,0.42857142857142855,0.5,0.5017231476163125,0.6562320505456635,0.04537622056289492,0.5025348723971014,0.5807962249457431,0.45816204318130316,0.5477022757581341,0.8850806451612903,0.7469758064516128,0.44657258064516125,0.49432293534122174,0.9209813668070265,0.45721615359152556,0.7935819246631655,0.31424552943540285,0.08760297367892311,0.6051838456901747,0.25429622536914787,0.32730889604357893,0.4876343024731393,0.5963485827557689,0.131878290928092,0.975843080509667,0.4253788335544034,0.6104255737152802,0.8431303791241883,0.38730245444258027,0.7823697799336734,0.25
FARM0307,East Africa,Maize,0.6766226306720277,0.9949748743718594,0.3160282258064515,0.009928051770569574,0.003817560779586171,0.06677796327212027,0.0,Organic,0.5255067943862777,2024-03-15,2024-07-05,0.3666666666666667,0.2148850362162964,SENS0307,2024-04-20,0.2519552963476259,0.033087220632209036,0.6166666666666667,,0.8333333333333333,0.42857142857142855,0.5,0.09936817920735214,0.16570936243538198,0.9526134405514074,0.44748374530977,0.4555715268885144,0.49943352863108137,0.566963707177103,0.5761088709677418,0.10231854838709686,0.05947580645161288,0.5551571650531848,0.8315266588743458,0.486428334988414,0.7614327679057721,0.4432388989351014,0.35443037974683544,0.1776170383765321,0.21070402660887955,0.4167273289620724,0.38261752347649525,0.6109510494159144,0.2511354957996705,0.959805458418747,0.9651111379074724,0.38810564032519124,0.8816321925258056,0.23845163304327466,0.8150726051030448,0.25
FARM0484,Central USA,Rice,0.6651349798966113,0.4271356783919602,0.47782258064516125,0.7858434824550828,0.09885473176612414,0.7295492487479134,0.0,Organic,0.9937625306304299,2024-03-21,2024-07-29,0.6666666666666665,0.14374309701539478,SENS0484,2024-04-20,0.13224622304871525,0.03741800972166898,0.9833333333333332,Mild,0.8333333333333333,0.42857142857142855,0.5,0.6766226306720277,0.5017231476163125,0.5178058587018955,0.4768710795405723,0.48864465125874706,0.5570193895057132,0.5644633237662469,0.3160282258064515,0.8850806451612903,0.07358870967741937,0.6510099199235091,0.6926182699530108,0.4880006620324395,0.7613705627702179,0.003817560779586171,0.31424552943540285,0.43600562587904357,0.12614020057451003,0.422771802370011,0.37689292462141477,0.6193175840815552,0.009928051770569574,0.131878290928092,0.6021946219703366,0.43085011834485587,0.919696105686304,0.3247902602723687,0.84417372440221,0.5
FARM0022,Central USA,Cotton,0.06576680068925905,0.6633165829145731,0.33266129032258074,0.31476345512279436,0.8472975688165564,0.7195325542570952,0.0,Mixed,0.308977500556917,2024-02-11,2024-06-05,0.41666666666666674,0.6957126647596189,SENS0022,2024-04-21,0.1272336692438346,0.4200358704338303,0.9333333333333331,Mild,1.0,0.42857142857142855,0.5,0.6651349798966113,0.09936817920735214,0.21998851234922467,0.4461088992638844,0.5380547124054964,0.531576732593144,0.5917819788694106,0.47782258064516125,0.5761088709677418,0.7389112903225805,0.5546790964503407,0.6826381428860431,0.4521681562396558,0.7666343221165715,0.09885473176612414,0.4432388989351014,0.4623267028330321,0.22269818071864123,0.6541400649720923,0.45748850850229816,0.6921688938501731,0.7858434824550828,0.2511354957996705,0.2917319827967363,0.43621071933090727,0.9157664214813576,0.3707886213758924,0.8050862178141072,0.0
FARM0278,East Africa,Cotton,0.039632395175186685,0.16582914572864338,0.33770161290322576,0.8748743920575588,0.861965039180229,0.1602671118530884,0.0,Organic,0.7698819336155046,2024-01-14,2024-05-02,0.31666666666666665,0.30555786179187017,SENS0278,2024-04-21,0.961670058014305,0.28818468767086536,0.1833333333333333,Mild,1.0,0.42857142857142855,0.5,0.06576680068925905,0.6766226306720277,0.6562320505456635,0.32311746340904535,0.5465572803759772,0.5277894668695173,0.5975131814981189,0.33266129032258074,0.3160282258064515,0.7469758064516128,0.45763117007290544,0.6287626486619826,0.4626779212181398,0.758880099716085,0.8472975688165564,0.003817560779586171,0.08760297367892311,0.4169228443279749,0.7602823528814716,0.5029468994106203,0.7534138785577245,0.31476345512279436,0.009928051770569574,0.975843080509667,0.4127101439784453,0.8734761892460347,0.47840948999102517,0.8357332383294713,0.0
FARM0275,East Africa,Wheat,0.4494543365881678,0.8241206030150754,0.042842741935483875,1.0000000000000002,0.516576250753466,0.39398998330550916,0.0,Mixed,0.3871686344397416,2024-03-02,2024-06-12,0.19999999999999996,0.28710377811826204,SENS0275,2024-04-21,0.8850318737566706,0.7737638619899578,0.28333333333333327,Mild,1.0,0.42857142857142855,0.5,0.039632395175186685,0.6651349798966113,0.16570936243538198,0.3797152922979977,0.5374049216410541,0.48302204382869895,0.550703936679031,0.33770161290322576,0.47782258064516125,0.10231854838709686,0.4435281462889926,0.6638288131940001,0.3385468387951005,0.7718743182720208,0.861965039180229,0.09885473176612414,0.35443037974683544,0.4575920979690571,0.7614271135734684,0.5086432982713402,0.7549800203498382,0.8748743920575588,0.7858434824550828,0.959805458418747,0.4220654685614318,0.892798898552779,0.610387481952628,0.8787672485609392,1.0
FARM0146,Central USA,Rice,0.42676622630672034,0.08542713567839177,0.09576612903225801,0.21379476667068614,0.07373920032147885,0.5926544240400666,0.0,Organic,0.006905769659166866,2024-02-27,2024-06-03,0.1166666666666667,0.9885099113650485,SENS0146,2024-04-21,0.6944922122850167,0.47737038275815813,0.23333333333333334,,1.0,0.42857142857142855,0.5,0.4494543365881678,0.06576680068925905,0.5017231476163125,0.3647638415489932,0.5278251010400954,0.4839931376039879,0.5508398076014682,0.042842741935483875,0.33266129032258074,0.8850806451612903,0.2563642882753674,0.4827573369281274,0.23882820258192616,0.7700668258411564,0.516576250753466,0.8472975688165564,0.31424552943540285,0.39726855818172635,0.8216155765595673,0.38732692253461565,0.6972570669549523,1.0000000000000002,0.31476345512279436,0.131878290928092,0.44113162006155804,0.8680527955396121,0.5683380809302687,0.9074101151130393,0.5
FARM0002,South USA,Soybean,0.2751292360712234,0.8693467336683418,0.7651209677419353,0.15973310824390052,0.4199316857544707,0.27712854757929883,0.0,Inorganic,0.10135887725551349,2024-02-04,2024-05-26,0.3666666666666667,0.8469556422700407,SENS0002,2024-04-21,0.2645915361187332,0.04250916789005377,0.4666666666666666,,1.0,0.42857142857142855,0.5,0.42676622630672034,0.039632395175186685,0.09936817920735214,0.3998224157190732,0.492171222673647,0.5098889716116919,0.5222677549774304,0.09576612903225801,0.33770161290322576,0.5761088709677418,0.3011832197920399,0.6108232776877266,0.29112876530950027,0.8201696524676152,0.07373920032147885,0.861965039180229,0.4432388989351014,0.391422667943355,0.8209608476785141,0.3613265277346942,0.678299020569302,0.21379476667068614,0.8748743920575588,0.2511354957996705,0.41985761195984694,0.8927412521443129,0.5167596675381432,0.943040556266967,0.75
FARM0203,East Africa,Rice,0.6906950028719129,0.170854271356784,0.8215725806451613,0.10338036094698344,0.6560176813341371,0.6060100166944908,0.0,Mixed,0.8823791490309646,2024-02-20,2024-07-17,0.9666666666666668,0.6909903314187379,SENS0203,2024-04-23,0.2736747880714673,0.9639478106217347,0.9666666666666666,Severe,0.16666666666666666,0.42857142857142855,0.5,0.2751292360712234,0.4494543365881678,0.6766226306720277,0.4026293930627559,0.49751664902821013,0.48036772084290935,0.45938831982986955,0.7651209677419353,0.042842741935483875,0.3160282258064515,0.4210589219553009,0.7639890967136821,0.416252896391923,0.8289910901625533,0.4199316857544707,0.516576250753466,0.003817560779586171,0.5550068034067432,0.7342805551541645,0.42847071430585704,0.6906522864341197,0.15973310824390052,1.0000000000000002,0.009928051770569574,0.4416087416152903,0.8538032208577362,0.3494439458383738,0.931107964429485,0.5
FARM0209,South India,Maize,0.5953475014359565,0.7738693467336684,0.6305443548387097,0.8465372402427751,0.2979706650592727,0.7896494156928213,0.0,Organic,0.784807306749833,2024-02-17,2024-05-31,0.2333333333333334,0.9571442588553184,SENS0209,2024-04-23,0.06806859896078388,0.504849117859711,0.4166666666666667,Severe,0.16666666666666666,0.42857142857142855,0.5,0.6906950028719129,0.42676622630672034,0.6651349798966113,0.38870907684816547,0.47481773546214406,0.48910756482050965,0.46705982261787826,0.8215725806451613,0.09576612903225801,0.47782258064516125,0.45727261862077206,0.7919120997352668,0.5076961271102278,0.7825050528139565,0.6560176813341371,0.07373920032147885,0.09885473176612414,0.604948848460414,0.6572386718034329,0.40909731818053663,0.6932630688013363,0.10338036094698344,0.21379476667068614,0.7858434824550828,0.45573528173559996,0.8727663574407943,0.3968860966948917,0.9610984489129997,0.25
FARM0313,South India,Wheat,0.7188397472716831,0.5929648241206031,0.49294354838709675,0.0626230957835926,0.5384769941731967,0.3071786310517529,0.0,Organic,0.036088215638226784,2024-01-11,2024-05-30,0.8333333333333335,0.719669008964131,SENS0313,2024-04-23,0.11812471394012036,0.8072376261023,0.6666666666666665,Severe,0.16666666666666666,0.42857142857142855,0.5,0.5953475014359565,0.2751292360712234,0.06576680068925905,0.5189757396958153,0.4599748609533085,0.545333894409737,0.483655702832506,0.6305443548387097,0.7651209677419353,0.33266129032258074,0.4952790725469103,0.7851702074604158,0.4673121482952669,0.758262380974714,0.2979706650592727,0.4199316857544707,0.8472975688165564,0.527490802801996,0.5750401621417203,0.41978511604297664,0.6991934279292221,0.8465372402427751,0.15973310824390052,0.31476345512279436,0.39704933062652614,0.9421841609518877,0.35240176376477916,0.9962513216777326,1.0
FARM0299,South India,Wheat,0.13325674899483064,0.8040201005025129,0.8669354838709677,0.8972627517183167,0.6939923648784408,0.9298831385642738,0.0,Inorganic,0.5094675874359547,2024-03-27,2024-07-23,0.46666666666666656,0.38123344227155054,SENS0299,2024-04-24,0.18579010659604045,0.6044220173564034,0.5833333333333333,Mild,0.3333333333333333,0.42857142857142855,0.5,0.7188397472716831,0.6906950028719129,0.039632395175186685,0.5376507318190932,0.4110887927000017,0.48638850224970054,0.4887602934494659,0.49294354838709675,0.8215725806451613,0.33770161290322576,0.6207720807935941,0.860482103175274,0.4870076133730552,0.7872439433017347,0.5384769941731967,0.6560176813341371,0.861965039180229,0.48536007660132063,0.4909755031380796,0.5048926990214602,0.6884679382392249,0.0626230957835926,0.10338036094698344,0.8748743920575588,0.4022602464192495,0.9505667186288543,0.3371444179966443,0.9783947698436891,1.0
FARM0482,Central USA,Wheat,0.41872487076392884,0.5477386934673367,0.8064516129032258,0.7171108163511397,0.3216797267430179,0.7646076794657763,0.0,Mixed,0.7266651815549121,2024-03-27,2024-08-16,0.8666666666666667,0.3853922153202859,SENS0482,2024-04-24,0.95837954865236,0.7928266142195928,0.13333333333333336,Moderate,0.3333333333333333,0.42857142857142855,0.5,0.13325674899483064,0.5953475014359565,0.4494543365881678,0.5315212098645204,0.41260381139098307,0.5149062894506846,0.4726435716508741,0.8669354838709677,0.6305443548387097,0.042842741935483875,0.8018405641209512,0.6910101632394691,0.6026150281363787,0.7602109832861653,0.6939923648784408,0.2979706650592727,0.516576250753466,0.4364763392632163,0.49899711362746635,0.5002960999407802,0.6907766881355132,0.8972627517183167,0.8465372402427751,1.0000000000000002,0.33641747200419103,0.8410501543693785,0.2900222421664651,0.9320919673354209,1.0
FARM0235,East Africa,Soybean,0.005169442848937389,0.829145728643216,0.2505040322580645,0.09276900196953258,0.6720916214587102,0.8213689482470785,0.0,Mixed,0.9325016707507239,2024-02-11,2024-06-02,0.3666666666666667,0.21402711630727123,SENS0235,2024-04-24,0.26915059793521223,0.9474491635239146,0.6833333333333331,Mild,0.3333333333333333,0.42857142857142855,0.5,0.41872487076392884,0.7188397472716831,0.42676622630672034,0.447426460057858,0.5309653113178953,0.45893891820153443,0.511976874077248,0.8064516129032258,0.49294354838709675,0.09576612903225801,0.8385323293892673,0.5648752446332392,0.4984276729559749,0.7320329724195815,0.3216797267430179,0.5384769941731967,0.07373920032147885,0.5865544524517465,0.3836427982488816,0.550520289895942,0.7023883921211649,0.7171108163511397,0.0626230957835926,0.21379476667068614,0.30824858968481916,0.8729313858315139,0.2824286884926053,0.9390261384717341,0.75
FARM0480,South USA,Maize,0.004307869040781176,0.4271356783919602,0.19909274193548376,0.5309698942883558,0.8981314044605185,0.40901502504173615,0.0,Organic,0.15482290042325683,2024-03-09,2024-06-21,0.2333333333333334,0.467762590163357,SENS0480,2024-04-25,0.29938722730826506,0.4279420865737227,0.1833333333333333,Moderate,0.5,0.42857142857142855,0.5,0.005169442848937389,0.13325674899483064,0.2751292360712234,0.3934064675049409,0.6020163345348457,0.44822451688084675,0.528292219057367,0.2505040322580645,0.8669354838709677,0.7651209677419353,0.7043145691406716,0.6987313224939047,0.43652763985435294,0.7565886082411853,0.6720916214587102,0.6939923648784408,0.4199316857544707,0.7064959935493624,0.48823962200345516,0.6143650771269842,0.7622063731537437,0.09276900196953258,0.8972627517183167,0.15973310824390052,0.39465436753328165,0.838969542915526,0.3367620088188239,0.9286730548536213,0.25
FARM0223,East Africa,Rice,0.43767949454336597,0.22613065326633164,0.518649193548387,0.2814823746935167,0.14627285513361465,0.1552587646076795,0.0,Mixed,0.22989529962129648,2024-02-24,2024-05-31,0.1166666666666667,0.4786513800937422,SENS0223,2024-04-25,0.4792868625288704,0.5906202620884957,0.6499999999999999,Severe,0.5,0.42857142857142855,0.5,0.004307869040781176,0.41872487076392884,0.6906950028719129,0.34293816057056115,0.544577281294307,0.4212928495128345,0.5028906684303126,0.19909274193548376,0.8064516129032258,0.8215725806451613,0.6324847615632843,0.6453254945060786,0.4697947699437277,0.7490243448427357,0.8981314044605185,0.3216797267430179,0.6560176813341371,0.578642342387744,0.604916960225828,0.634358873128225,0.7219117929413407,0.5309698942883558,0.7171108163511397,0.10338036094698344,0.43610781076049454,0.7861554382904576,0.3894876497444102,0.8795958734913228,0.5
FARM0069,North India,Rice,0.4333716255025848,0.39698492462311563,0.079133064516129,0.8740705012259338,0.744625276270846,0.22036727879799667,0.0,Organic,0.5105814212519493,2024-01-17,2024-05-18,0.5333333333333332,0.18920782040541118,SENS0069,2024-04-25,0.34952309474111043,0.7274007754903402,0.8166666666666667,Mild,0.5,0.42857142857142855,0.5,0.43767949454336597,0.005169442848937389,0.5953475014359565,0.3106292784922522,0.5082806248015695,0.3951704269575632,0.4757536941008944,0.518649193548387,0.2505040322580645,0.6305443548387097,0.501732998685311,0.765605908758604,0.40433631247931157,0.8018774513472513,0.14627285513361465,0.6720916214587102,0.2979706650592727,0.6906717734213579,0.5917786795043577,0.7249936550012692,0.6739754447006402,0.2814823746935167,0.09276900196953258,0.8465372402427751,0.44251620809983994,0.7970050764688799,0.40661802005697134,0.8957969466036411,0.5
FARM0083,North India,Cotton,0.03245261344055139,0.1959798994974875,0.7973790322580645,0.8894248161099725,0.31243721117138834,0.308848080133556,0.0,Mixed,0.4733793717977278,2024-01-25,2024-06-04,0.6833333333333331,0.186390018944683,SENS0083,2024-04-25,0.8627525934761214,0.04686889767012392,0.6499999999999999,Moderate,0.5,0.42857142857142855,0.5,0.4333716255025848,0.004307869040781176,0.7188397472716831,0.17371752642282245,0.40141072665814304,0.3914155310264459,0.48128069975516513,0.079133064516129,0.19909274193548376,0.49294354838709675,0.5739213577148319,0.8326627939353679,0.4806355511420062,0.8349176829038399,0.744625276270846,0.8981314044605185,0.5384769941731967,0.6339767172302582,0.6337736475713873,0.6499252700149456,0.6540793769493991,0.8740705012259338,0.5309698942883558,0.0626230957835926,0.6349552347718705,0.7264553365190269,0.5181956530222036,0.9215489283067015,0.0
FARM0153,Central USA,Rice,0.7489948305571513,0.8743718592964824,0.7389112903225805,0.11793078499939713,0.8993369499698612,0.333889816360601,0.0,Inorganic,0.5239474270438851,2024-02-23,2024-06-28,0.6000000000000001,0.6255946944823926,SENS0153,2024-04-26,0.45544179976625165,0.35962848765364086,0.49999999999999994,Mild,0.6666666666666666,0.42857142857142855,0.5,0.03245261344055139,0.43767949454336597,0.13325674899483064,0.2965371065219259,0.5484170705083296,0.4713689185252321,0.4958661360132567,0.7973790322580645,0.518649193548387,0.8669354838709677,0.543564001434206,0.7800259093441324,0.5465077788811645,0.8470989321642762,0.31243721117138834,0.14627285513361465,0.6939923648784408,0.6854810260545283,0.6977920097834565,0.6551704689659061,0.664441444345326,0.8894248161099725,0.2814823746935167,0.8972627517183167,0.4535648464323472,0.7693276806061414,0.3712256604362587,0.9276873234698298,0.5
FARM0340,East Africa,Rice,0.7659391154508904,0.18090452261306567,0.09526209677419362,0.7556171871859803,0.5416917821981112,0.8714524207011687,0.0,Inorganic,0.6858988638895078,2024-03-12,2024-06-16,0.10000000000000009,0.5318902164423748,SENS0340,2024-04-26,0.8238935708312288,0.011913350170339676,0.5166666666666666,Moderate,0.6666666666666666,0.42857142857142855,0.5,0.7489948305571513,0.4333716255025848,0.41872487076392884,0.3657949760834073,0.6434628659099789,0.5070404298708444,0.5323586026156862,0.7389112903225805,0.079133064516129,0.8064516129032258,0.3749253017808052,0.7628885940195254,0.5551142005958298,0.8315183443635772,0.8993369499698612,0.744625276270846,0.3216797267430179,0.7406642140805328,0.654380655678913,0.6586954682609063,0.6647147886457135,0.11793078499939713,0.8740705012259338,0.7171108163511397,0.4625272473828481,0.7791396608304635,0.32377570531080546,0.874723991340538,0.5
FARM0210,North India,Maize,0.2176909821941413,0.21105527638190935,0.33467741935483875,0.36187145785602315,0.21478802491460736,0.7529215358931551,0.0,Mixed,0.8246825573624416,2024-03-01,2024-06-06,0.1166666666666667,0.66726293358291,SENS0210,2024-04-27,0.24039655546270688,0.6421661856570338,0.9166666666666665,Mild,0.8333333333333333,0.42857142857142855,0.5,0.7659391154508904,0.03245261344055139,0.005169442848937389,0.40818606249820966,0.5914038204489457,0.48347522092383377,0.5406624422345464,0.09526209677419362,0.7973790322580645,0.2505040322580645,0.39488466594956395,0.7514409017037438,0.5943396226415092,0.7803653514137306,0.5416917821981112,0.31243721117138834,0.6720916214587102,0.625963815955249,0.7263491348903802,0.6784918643016269,0.6238376010993506,0.7556171871859803,0.8894248161099725,0.09276900196953258,0.5251611454659422,0.6865345055830269,0.35252663206774093,0.8593812847362574,0.25
FARM0322,East Africa,Rice,0.7889144170017234,0.6381909547738696,0.6164314516129032,0.17006310543028264,0.9700622865179828,0.8547579298831387,0.0,Inorganic,0.8578748050790823,2024-02-28,2024-06-10,0.21666666666666656,0.5894136205478108,SENS0322,2024-04-27,0.2792548574528989,0.7300431406557615,0.7333333333333332,Mild,0.8333333333333333,0.42857142857142855,0.5,0.2176909821941413,0.7489948305571513,0.004307869040781176,0.5646893707215078,0.5613015420775055,0.5413847797235618,0.5721503700155631,0.33467741935483875,0.7389112903225805,0.19909274193548376,0.4938448667383768,0.7413920686196084,0.5699271764316456,0.7620475997237729,0.21478802491460736,0.8993369499698612,0.8981314044605185,0.6440054427253943,0.7591068996532541,0.7557034488593106,0.6862798071598509,0.36187145785602315,0.11793078499939713,0.5309698942883558,0.44115968603530686,0.7576849483547876,0.35453232918406385,0.8575479862638161,0.5
FARM0385,South USA,Cotton,0.016369902354968435,0.28643216080402034,0.19354838709677413,0.34482897222557185,0.2286517982720514,0.21869782971619367,0.0,Mixed,0.8545333036310983,2024-03-22,2024-07-19,0.4833333333333334,0.12606390874348694,SENS0385,2024-04-28,0.723482549426503,0.38991842530598,0.4166666666666667,Moderate,1.0,0.42857142857142855,0.5,0.7889144170017234,0.7659391154508904,0.43767949454336597,0.48065190616675746,0.6581289455942217,0.4653805069109507,0.5884453975318505,0.6164314516129032,0.09526209677419362,0.518649193548387,0.41675630452970025,0.775836344522036,0.4668156239655743,0.7563113609930773,0.9700622865179828,0.5416917821981112,0.14627285513361465,0.6646676409817067,0.724096839472835,0.6957220608555876,0.7186552090313285,0.17006310543028264,0.7556171871859803,0.2814823746935167,0.4559036775780936,0.7445289053355809,0.4014125726772544,0.8207347729937102,0.0
FARM0237,South USA,Maize,0.6191843767949455,0.48743718592964846,0.9934475806451613,0.9006792877527234,0.8681936909785012,0.4891485809682805,0.0,Inorganic,0.22143016261973716,2024-03-05,2024-06-06,0.050000000000000044,0.5231500001257946,SENS0237,2024-04-28,0.47858514503255933,0.5405268807943968,0.49999999999999994,Severe,1.0,0.42857142857142855,0.5,0.016369902354968435,0.2176909821941413,0.4333716255025848,0.5177154641537537,0.6722738485399555,0.46806719968925004,0.5909970925330633,0.19354838709677413,0.33467741935483875,0.079133064516129,0.6335604159196846,0.8517530128396739,0.5263985435286331,0.8402995796346101,0.2286517982720514,0.21478802491460736,0.744625276270846,0.6956609383661749,0.7584256018299675,0.7757536448492708,0.7297592446330662,0.34482897222557185,0.36187145785602315,0.8740705012259338,0.4620969024520305,0.7560412445964662,0.41192492293284455,0.8326990677017647,0.25
FARM0252,Central USA,Wheat,0.16369902354968413,0.27135678391959805,0.12046370967741937,0.7923148036496646,0.004420333534257637,0.04006677796327218,0.0,Mixed,0.5965693918467365,2024-02-25,2024-05-30,0.08333333333333326,0.24437634757581017,SENS0252,2024-04-28,0.09131479766738487,0.6185134298824146,0.9333333333333331,,1.0,0.42857142857142855,0.5,0.6191843767949455,0.7889144170017234,0.03245261344055139,0.5438948242774896,0.6275489496039282,0.40549639076813493,0.5697875491817169,0.9934475806451613,0.6164314516129032,0.7973790322580645,0.47304888251464083,0.8779549588892347,0.46524329692154964,0.8840590442392164,0.8681936909785012,0.9700622865179828,0.31243721117138834,0.6184044751297686,0.8863445242032871,0.700798059840388,0.8266576108053063,0.9006792877527234,0.17006310543028264,0.8894248161099725,0.4394944382595354,0.7178924450709318,0.553603621180786,0.7896865320761051,1.0
FARM0276,South USA,Maize,0.6117174037909249,0.050251256281407475,0.5211693548387095,0.14224848265605533,0.8290134619248543,0.4507512520868113,0.0,Organic,0.7794609044330586,2024-03-18,2024-06-24,0.1333333333333333,0.38963904466466903,SENS0276,2024-04-28,0.4511259589111517,0.17812799796513934,0.5833333333333333,Mild,1.0,0.42857142857142855,0.5,0.16369902354968413,0.016369902354968435,0.7489948305571513,0.5165124738636039,0.5983847810092315,0.4594244650891788,0.5729505055133011,0.12046370967741937,0.19354838709677413,0.7389112903225805,0.42141747340743363,0.8220353227904152,0.4084740152267461,0.8305520567438155,0.004420333534257637,0.2286517982720514,0.8993369499698612,0.6007660132036492,0.8629949380420733,0.7197484560503087,0.8442863198983049,0.7923148036496646,0.34482897222557185,0.11793078499939713,0.4451544096322424,0.7073919398664145,0.4070082335037266,0.7920836568964408,0.25
FARM0057,South India,Cotton,0.4422745548535325,0.23115577889447225,0.36542338709677424,0.9850074359901928,0.36447659232469365,0.9015025041736227,0.0,Organic,0.3980842058364893,2024-01-04,2024-06-02,1.0,0.8474965595147342,SENS0057,2024-04-29,0.09158692488952364,0.21140198118554654,0.6333333333333333,,0.0,0.42857142857142855,0.5,0.6117174037909249,0.6191843767949455,0.7659391154508904,0.4519519949588977,0.5391604506422132,0.4620787880749684,0.5735643654398503,0.5211693548387095,0.9934475806451613,0.09526209677419362,0.48547866618859814,0.7484446364530206,0.33606421714664014,0.7828012564886442,0.8290134619248543,0.8681936909785012,0.5416917821981112,0.5563170891498264,0.8729716527397046,0.7257550548489888,0.8391139143722003,0.14224848265605533,0.9006792877527234,0.7556171871859803,0.4985452470273455,0.7997752774178343,0.45902368595621823,0.8466882410160529,0.0
FARM0475,South India,Rice,0.37622056289488814,0.7336683417085426,0.053427419354838634,0.7282447043691468,0.9742816958006831,0.7078464106844742,0.0,Mixed,0.6090443305858767,2024-03-15,2024-06-24,0.18333333333333335,0.43582331378483574,SENS0475,2024-04-29,0.7990250582849509,0.501933919090241,0.28333333333333327,Severe,0.0,0.42857142857142855,0.5,0.4422745548535325,0.16369902354968413,0.2176909821941413,0.4835734540142639,0.5168872369345431,0.5039005599974102,0.5362643697659664,0.36542338709677424,0.12046370967741937,0.33467741935483875,0.41878809609178913,0.8377805593325535,0.3037073816617011,0.8186339184724357,0.36447659232469365,0.004420333534257637,0.21478802491460736,0.746812477951923,0.9048037021828512,0.7681678463664308,0.8848389797617264,0.9850074359901928,0.7923148036496646,0.36187145785602315,0.5838190306012669,0.7961780742112659,0.5824091778202678,0.7981233052876958,0.5
FARM0376,Central USA,Rice,0.23664560597357842,0.7688442211055277,0.40221774193548376,0.01993649262430164,0.20454088808519189,0.38731218697829717,0.0,Inorganic,0.6475829806192916,2024-03-05,2024-06-10,0.1166666666666667,0.29451811821180307,SENS0376,2024-04-29,0.7363885542737868,0.9219950750755559,0.8999999999999999,Mild,0.0,0.42857142857142855,0.5,0.37622056289488814,0.6117174037909249,0.7889144170017234,0.37341391458768936,0.4318431728332386,0.5300877221377007,0.4997800458567106,0.053427419354838634,0.5211693548387095,0.6164314516129032,0.36799330703956,0.8055241677750925,0.33705726580602446,0.8032343170253732,0.9742816958006831,0.8290134619248543,0.9700622865179828,0.5548052209847303,0.8778454624223176,0.670821465835707,0.882916316638312,0.7282447043691468,0.14224848265605533,0.17006310543028264,0.5488768932838126,0.8686532924254494,0.48318570257931115,0.877811606922536,0.5
FARM0196,South India,Wheat,0.41355542791499145,0.5879396984924621,0.8089717741935483,0.6810161180111742,0.17741611412497493,0.3789649415692822,0.0,Mixed,0.027845845399866342,2024-03-27,2024-08-10,0.7666666666666666,0.9737063901195803,SENS0196,2024-04-29,0.48334903292943576,0.4878076074961397,0.8833333333333331,Severe,0.0,0.42857142857142855,0.5,0.23664560597357842,0.4422745548535325,0.016369902354968435,0.4526394179818405,0.3271708782322514,0.527368659566892,0.49970363645896676,0.40221774193548376,0.36542338709677424,0.19354838709677413,0.5139237480578465,0.8676031500726958,0.38472360145647055,0.8503773506338858,0.20454088808519189,0.36447659232469365,0.2286517982720514,0.5419543415814141,0.8923000734508508,0.6751924649615066,0.876575896894897,0.01993649262430164,0.9850074359901928,0.34482897222557185,0.627124828095911,0.8453678952679523,0.5607601357942793,0.8646579105330037,1.0
FARM0329,North India,Rice,0.27283170591614025,0.6934673366834168,0.5005040322580645,0.8785722898830342,0.5183845690174805,0.6260434056761268,0.0,Inorganic,0.9708175540209403,2024-03-05,2024-07-03,0.5,0.3429767556538432,SENS0329,2024-04-30,0.7382101691744917,0.020510087182579184,0.1833333333333333,,0.16666666666666666,0.42857142857142855,0.5,0.41355542791499145,0.37622056289488814,0.6191843767949455,0.38355340417609485,0.2850317567916347,0.509273945554009,0.5050657849095008,0.8089717741935483,0.053427419354838634,0.9934475806451613,0.39703597466236396,0.6475115110302408,0.4539059913935781,0.8034980602449983,0.17741611412497493,0.9742816958006831,0.8681936909785012,0.4542155924003428,0.8110528665918153,0.6434392713121455,0.8616243816297829,0.6810161180111742,0.7282447043691468,0.9006792877527234,0.6219793995752685,0.8390548362609158,0.5616342139150119,0.8654716558885039,0.5
FARM0008,East Africa,Maize,0.48650201033888585,0.10552763819095468,0.36592741935483875,0.9894288355641305,0.8059071729957806,0.23873121869782976,0.0,Mixed,0.9480953441746491,2024-01-24,2024-05-24,0.5166666666666666,0.8152830506726242,SENS0008,2024-04-30,0.5330206786261183,0.12493510876292069,0.6666666666666665,Mild,0.16666666666666666,0.42857142857142855,0.5,0.27283170591614025,0.23664560597357842,0.16369902354968413,0.44794202732506516,0.24254918996933278,0.5604505875117338,0.4620807942638992,0.5005040322580645,0.40221774193548376,0.12046370967741937,0.45524082705868296,0.5741742327237174,0.3830685203574977,0.7629981175098746,0.5183845690174805,0.20454088808519189,0.004420333534257637,0.6552436627526081,0.7293694968622817,0.7126984574603084,0.8711941041451858,0.8785722898830342,0.01993649262430164,0.7923148036496646,0.6678579113302336,0.8916685833473093,0.5810512350255588,0.8866169029395292,0.25
FARM0354,East Africa,Soybean,0.9014933946008042,0.2613065326633168,0.7016129032258065,0.5901764540375418,0.9857343781394415,0.37729549248747896,0.0,Inorganic,0.572733348184451,2024-02-04,2024-06-17,0.7333333333333334,0.67347719216148,SENS0354,2024-04-30,0.4970132065578938,0.8115972557415732,0.6666666666666665,Mild,0.16666666666666666,0.42857142857142855,0.5,0.48650201033888585,0.41355542791499145,0.6117174037909249,0.5057428465041677,0.41754024168550635,0.5776389473343475,0.49576508349161375,0.36592741935483875,0.8089717741935483,0.5211693548387095,0.4980279670132668,0.628010550766518,0.37694472029129455,0.7550608140442832,0.8059071729957806,0.17741611412497493,0.8290134619248543,0.6945522350451048,0.7903356980961026,0.7248244550351086,0.8904953200966533,0.9894288355641305,0.6810161180111742,0.14224848265605533,0.7721136484830342,0.7544654654688531,0.6727435907441375,0.8263592409921395,0.75
FARM0135,North India,Rice,0.9302125215393452,0.7386934673366836,0.5201612903225805,0.5539209775312514,0.32790837854128985,0.42570951585976613,0.0,Organic,0.7986188460681667,2024-03-06,2024-06-15,0.18333333333333335,0.6386245103440987,SENS0135,2024-04-30,0.3957721911201889,0.737424118310344,0.8833333333333331,Severe,0.16666666666666666,0.42857142857142855,0.5,0.9014933946008042,0.27283170591614025,0.4422745548535325,0.6030704895024775,0.5428437769903875,0.5961544686498559,0.530653148200279,0.7016129032258065,0.5005040322580645,0.36542338709677424,0.5347197322815824,0.621342186391381,0.44670638861304157,0.7086023548760924,0.9857343781394415,0.5183845690174805,0.36447659232469365,0.6853802348435216,0.7993430427231497,0.694819661036068,0.9031157341343298,0.5901764540375418,0.8785722898830342,0.9850074359901928,0.6717777923305048,0.7022635020176954,0.6335817692277674,0.818459267504501,0.5
FARM0155,South India,Maize,0.2449741527857554,0.9145728643216082,0.32258064516129026,0.8293339764459988,0.569620253164557,0.11853088480801333,0.0,Organic,0.22254399643573178,2024-03-02,2024-06-25,0.41666666666666674,0.06343827127880386,SENS0155,2024-04-30,0.866649854059416,0.773614151497005,0.3166666666666666,,0.16666666666666666,0.42857142857142855,0.5,0.9302125215393452,0.48650201033888585,0.37622056289488814,0.5768911293787414,0.5708406356341993,0.5992295989382708,0.527315556168032,0.5201612903225805,0.36592741935483875,0.053427419354838634,0.5985418907613247,0.45517893149357436,0.4447202912942734,0.7099074628418761,0.32790837854128985,0.8059071729957806,0.9742816958006831,0.583883485360077,0.6915451607930831,0.7446208510758296,0.8725084340535814,0.5539209775312514,0.9894288355641305,0.7282447043691468,0.6953064336567158,0.7187738986217433,0.7243454169430679,0.8177925365082804,0.25
FARM0321,East Africa,Cotton,0.17432510051694433,0.3718592964824121,0.46118951612903203,0.1944209976285221,0.3556359252561784,0.26878130217028384,0.0,Organic,0.03096458008465139,2024-03-02,2024-06-17,0.2833333333333332,0.13144289046048419,SENS0321,2024-04-30,0.45882603427561885,0.17043988848320746,0.35000000000000003,Moderate,0.16666666666666666,0.42857142857142855,0.5,0.2449741527857554,0.9014933946008042,0.23664560597357842,0.5644602297138602,0.5895179261953178,0.5299582429676626,0.5145127247972484,0.32258064516129026,0.7016129032258065,0.40221774193548376,0.6125253973945259,0.4425211489940201,0.4192320423700755,0.6997917296358875,0.569620253164557,0.9857343781394415,0.20454088808519189,0.6217809806984833,0.6440322741246242,0.6583852683229465,0.82744717486582,0.8293339764459988,0.5901764540375418,0.01993649262430164,0.7359178976714598,0.5940842975110401,0.729074803917743,0.8114936233636045,0.0
FARM0449,South India,Maize,0.6039632395175188,0.9447236180904519,0.14868951612903225,0.24791993247317018,0.5764516777175005,0.662771285475793,0.0,Organic,0.11583871686344399,2024-01-21,2024-06-04,0.75,0.9167842847187103,SENS0449,2024-05-01,0.7065419192027574,0.9745147176930762,0.08333333333333331,Mild,0.3333333333333333,0.5714285714285714,0.5,0.17432510051694433,0.9302125215393452,0.41355542791499145,0.6024403517314466,0.5906924368656553,0.5961868384423656,0.47081257364131385,0.46118951612903203,0.5201612903225805,0.8089717741935483,0.4559579299629497,0.442290903651262,0.4118669314796426,0.7098675906367653,0.3556359252561784,0.32790837854128985,0.17741611412497493,0.7218666532278386,0.5355372483532634,0.7071994585601087,0.8009112417500313,0.1944209976285221,0.5539209775312514,0.6810161180111742,0.6351142752897814,0.6955296486339803,0.710258711515199,0.8296711551143147,0.25
FARM0072,South USA,Soybean,0.6504882251579553,0.316582914572864,0.47933467741935476,0.15093050363760602,0.05746433594534872,0.10183639398998334,0.0,Mixed,0.08331476943640007,2024-03-06,2024-06-06,0.033333333333333215,0.24339011706455527,SENS0072,2024-05-01,0.991717275310274,0.5238039683795415,0.6166666666666667,Moderate,0.3333333333333333,0.5714285714285714,0.5,0.6039632395175188,0.2449741527857554,0.27283170591614025,0.6777704579955891,0.5582997263467802,0.5997151458259151,0.47396971502744073,0.14868951612903225,0.32258064516129026,0.5005040322580645,0.45093820963308207,0.43920848806088375,0.3274577954319766,0.5707986848241269,0.5764516777175005,0.569620253164557,0.5183845690174805,0.606259134203498,0.7084307767039439,0.5934124813175035,0.8248471064411701,0.24791993247317018,0.8293339764459988,0.8785722898830342,0.46575483436397813,0.7345005016836182,0.5646856830686386,0.8543178056140223,0.75
FARM0463,South USA,Cotton,0.29609419873635845,0.8140703517587937,0.9198588709677418,0.15929096828650674,0.01707856138235886,0.39065108514190316,0.0,Mixed,0.4733793717977278,2024-02-25,2024-06-19,0.41666666666666674,0.3876212975472547,SENS0463,2024-05-02,0.7272455680536655,0.2817592034400369,0.9166666666666665,Severe,0.5,0.5714285714285714,0.5,0.6504882251579553,0.17432510051694433,0.48650201033888585,0.6397903359780025,0.5913626707634428,0.6146376201728545,0.4549319376786333,0.47933467741935476,0.46118951612903203,0.36592741935483875,0.582287558264611,0.6327631637681348,0.45870572658060205,0.630615952208022,0.05746433594534872,0.3556359252561784,0.8059071729957806,0.40840598699793396,0.76182172183541,0.5951890809621836,0.8212449665396445,0.15093050363760602,0.1944209976285221,0.9894288355641305,0.2725393157515601,0.6024369989303957,0.44177625160963085,0.8748038970488003,0.0
FARM0290,North India,Soybean,0.5580126364158531,0.09547738693467345,0.546875,0.5513485268700512,0.26763110307414106,0.9432387312186978,0.0,Mixed,0.24437513922922702,2024-01-10,2024-05-18,0.6499999999999999,0.8919876318643029,SENS0290,2024-05-02,0.05060245131497065,0.028031061672711743,0.8999999999999999,,0.5,0.5714285714285714,0.5,0.29609419873635845,0.6039632395175188,0.9014933946008042,0.5712771746913757,0.5119959271921501,0.6085844689735538,0.4512204782731862,0.9198588709677418,0.14868951612903225,0.7016129032258065,0.5455957929962949,0.5983854310894793,0.46292618338298563,0.632086130227791,0.01707856138235886,0.5764516777175005,0.9857343781394415,0.22829209292949648,0.5019718311118991,0.5163982967203409,0.791801498446004,0.15929096828650674,0.24791993247317018,0.5901764540375418,0.26350207220439525,0.5923079296813777,0.5212081008311549,0.8332200377447846,0.75
FARM0136,East Africa,Cotton,0.38627225732337744,0.7035175879396984,0.20766129032258063,0.7552956308533303,0.8079164155113522,0.06176961602671116,0.0,Mixed,0.18623301403430612,2024-02-07,2024-06-05,0.4833333333333334,0.10875204101913838,SENS0136,2024-05-02,0.8632510863469246,0.5274555525068245,0.6333333333333333,Severe,0.5,0.5714285714285714,0.5,0.5580126364158531,0.6504882251579553,0.9302125215393452,0.4627789075702461,0.3588825467843644,0.6022723594341759,0.4530928276300621,0.546875,0.47933467741935476,0.5201612903225805,0.471495159555396,0.6515719237681095,0.4370241641840451,0.6569101540228366,0.26763110307414106,0.05746433594534872,0.32790837854128985,0.34868719447664165,0.6609926893266498,0.578635684272863,0.8264316514702712,0.5513485268700512,0.15093050363760602,0.5539209775312514,0.310372248365157,0.6619797861577528,0.476606703867015,0.786559386312252,0.0
FARM0285,South India,Maize,0.833429063756462,0.9195979899497488,0.4828629032258063,0.47614453957152625,0.03114325899136028,0.1335559265442403,0.0,Mixed,0.46068166629538876,2024-03-11,2024-07-08,0.4833333333333334,0.783046898783062,SENS0285,2024-05-02,0.9284637307300939,0.05509871879863093,0.5166666666666666,Moderate,0.5,0.5714285714285714,0.5,0.38627225732337744,0.29609419873635845,0.2449741527857554,0.5801563887377194,0.4315514336538152,0.6538050691095068,0.4861657949208297,0.20766129032258063,0.9198588709677418,0.32258064516129026,0.5095016134815347,0.6383644841440892,0.5075306190003306,0.5751167077792044,0.8079164155113522,0.01707856138235886,0.569620253164557,0.21362697172806522,0.6885112016386766,0.446264910747018,0.7907246305165206,0.7552956308533303,0.15929096828650674,0.8293339764459988,0.2281670112544555,0.5287541773724052,0.4276583291060212,0.7727830090358986,0.25
FARM0325,South USA,Cotton,0.7711085582998277,0.8743718592964824,0.4087701612903225,0.7929981108565459,0.3674904560980511,0.4641068447412353,0.0,Mixed,0.06972599688126532,2024-03-11,2024-07-12,0.5499999999999998,0.026995544351440248,SENS0325,2024-05-04,0.7534027313133437,0.6980353877551839,0.6166666666666667,Mild,0.8333333333333333,0.5714285714285714,0.5,0.833429063756462,0.5580126364158531,0.17432510051694433,0.6991951422106378,0.36825115402652536,0.7140452529699284,0.48173250222261715,0.4828629032258063,0.546875,0.46118951612903203,0.49707182980757736,0.6405649093304041,0.5086064217146635,0.5745656334684626,0.03114325899136028,0.26763110307414106,0.3556359252561784,0.21660031245275402,0.689383953892636,0.46913510617297893,0.7776120891873957,0.47614453957152625,0.5513485268700512,0.1944209976285221,0.36748650494428925,0.6078852526857444,0.577757833534944,0.7084927658300874,0.0
FARM0418,East Africa,Soybean,0.8584147041929925,0.41708542713567853,0.19707661290322576,0.20065115157361635,0.9081776170383767,0.7846410684474125,0.0,Organic,0.6683002895967921,2024-03-23,2024-07-20,0.4833333333333334,0.5976481421379566,SENS0418,2024-05-04,0.8526135423509552,0.5658914934397763,0.3333333333333333,Moderate,0.8333333333333333,0.5714285714285714,0.5,0.7711085582998277,0.38627225732337744,0.6039632395175188,0.7499498754045771,0.4180147128286226,0.7641860615673453,0.5025613126548465,0.4087701612903225,0.20766129032258063,0.14868951612903225,0.5085454762758452,0.616914965562711,0.4081429990069516,0.5537954226183153,0.3674904560980511,0.8079164155113522,0.5764516777175005,0.29980345713853773,0.844224281412541,0.5716984856603027,0.8219216506378565,0.7929981108565459,0.7552956308533303,0.24791993247317018,0.3564846432346971,0.6221996322176594,0.48448901549147405,0.7415983091618209,0.75
FARM0073,Central USA,Maize,0.3848363009764504,0.7738693467336684,0.6844758064516128,0.05193134772297925,0.6290938316254774,0.333889816360601,0.0,Organic,0.5582535085765205,2024-02-10,2024-05-26,0.2666666666666666,0.7224063018116954,SENS0073,2024-05-04,0.965117109591722,0.6025469309849654,0.14999999999999997,,0.8333333333333333,0.5714285714285714,0.5,0.8584147041929925,0.833429063756462,0.6504882251579553,0.696961017386074,0.44955644147094465,0.7768102806461008,0.4871575091972814,0.19707661290322576,0.4828629032258063,0.47933467741935476,0.5571889566152746,0.6529274448544831,0.43834822906322435,0.5792830312054742,0.9081776170383767,0.03114325899136028,0.05746433594534872,0.44317895479514235,0.8153884618215719,0.5872366825526636,0.8284868001079317,0.20065115157361635,0.47614453957152625,0.15093050363760602,0.33344247878680155,0.6654689287855936,0.32398642057205285,0.7585742981271061,0.25
FARM0431,North India,Rice,0.10022975301550835,0.5527638190954778,0.032258064516129115,0.6917078660717876,0.4862366887683346,0.1853088480801336,0.0,Inorganic,0.28335932278903986,2024-01-10,2024-05-21,0.7000000000000002,0.5218014808553034,SENS0431,2024-05-05,0.0573355682170138,0.518259322607586,0.16666666666666669,Severe,1.0,0.5714285714285714,0.5,0.3848363009764504,0.7711085582998277,0.29609419873635845,0.6578924755821612,0.5385363712075749,0.7332729097206485,0.5435296141441021,0.6844758064516128,0.4087701612903225,0.9198588709677418,0.34671925421297933,0.5805476833477122,0.38356504468718944,0.6556577801926462,0.6290938316254774,0.3674904560980511,0.01707856138235886,0.5608526936451146,0.7009138292476897,0.5423704915259018,0.7935901746598272,0.05193134772297925,0.7929981108565459,0.15929096828650674,0.4573631082130396,0.6382725750345905,0.2661802005697118,0.6814222418697722,0.5
FARM0174,North India,Maize,0.8078690407811603,0.4120603015075379,0.7626008064516128,0.22794324530728732,0.05666063893911988,0.38564273789649417,0.0,Mixed,0.6876809979950992,2024-02-19,2024-07-14,0.9333333333333331,0.2312131893235515,SENS0174,2024-05-05,0.07885695997099451,0.9030458324404109,0.7166666666666666,Mild,1.0,0.5714285714285714,0.5,0.10022975301550835,0.8584147041929925,0.5580126364158531,0.7077306447455102,0.5682526826372687,0.7227203573625092,0.528521478520157,0.032258064516129115,0.19707661290322576,0.546875,0.3978725947173418,0.6808082819135222,0.39357828533598127,0.6709324224562159,0.4862366887683346,0.9081776170383767,0.26763110307414106,0.5079373078667546,0.7801395483798356,0.4119737176052567,0.73437031197983,0.6917078660717876,0.20065115157361635,0.5513485268700512,0.3820901666183312,0.67581988932767,0.19584812892652304,0.6876354156441932,0.25
FARM0200,East Africa,Soybean,0.20333141872487076,0.6683417085427137,0.9581653225806448,0.3644439085172234,0.04982921438617649,0.22203672787979967,0.0,Inorganic,0.5604811762085098,2024-03-20,2024-07-18,0.5,0.7152863213350341,SENS0200,2024-05-05,0.7163946301936385,0.11318143309493145,0.7666666666666666,Mild,1.0,0.5714285714285714,0.5,0.8078690407811603,0.3848363009764504,0.38627225732337744,0.6712399392776328,0.6209643982848954,0.6407924125206357,0.509062139062528,0.7626008064516128,0.6844758064516128,0.20766129032258063,0.5758336321262099,0.8227995471259817,0.46549155908639506,0.7683325896703056,0.05666063893911988,0.6290938316254774,0.8079164155113522,0.31779468830318014,0.7687507689854978,0.3729449254110144,0.7694438205905617,0.22794324530728732,0.05193134772297925,0.7552956308533303,0.2911189903733711,0.6082553288029403,0.1590588051664259,0.6814892500450591,0.75
FARM0421,East Africa,Rice,0.17489948305571518,0.015075376884422287,0.849798387096774,0.9143856264319308,0.016475788627687393,0.6761268781302172,0.0,Mixed,0.788148808197817,2024-01-11,2024-06-08,0.9833333333333334,0.2056466728557662,SENS0421,2024-05-06,0.24019841545647402,0.8096250327961116,0.6666666666666665,Severe,0.0,0.5714285714285714,0.5,0.20333141872487076,0.10022975301550835,0.833429063756462,0.539884856643657,0.6301142088050562,0.6328941831482859,0.5196320369783658,0.9581653225806448,0.032258064516129115,0.4828629032258063,0.6628421178439106,0.8855581320590008,0.5520523005627274,0.804430090174716,0.04982921438617649,0.4862366887683346,0.03114325899136028,0.31411580910144665,0.7742659018370655,0.29531034093793185,0.7895970899725153,0.3644439085172234,0.6917078660717876,0.47614453957152625,0.39312009430167194,0.7517905196761191,0.17557263823311353,0.7089714766491718,0.5
FARM0043,Central USA,Cotton,0.8130384836300978,0.5477386934673367,0.45866935483870974,0.3153663732465132,0.32007233273056046,0.969949916527546,0.0,Mixed,0.8257963911784362,2024-01-22,2024-06-15,0.9166666666666665,0.540114674455875,SENS0043,2024-05-06,0.054083493772422386,0.5181668926510672,0.6166666666666667,Severe,0.0,0.5714285714285714,0.5,0.17489948305571518,0.8078690407811603,0.7711085582998277,0.5482485034227939,0.6427412113344875,0.704884601689703,0.514443639628736,0.849798387096774,0.7626008064516128,0.4087701612903225,0.674674315764312,0.8779190002470576,0.5516385302879843,0.8045187374679678,0.016475788627687393,0.05666063893911988,0.3674904560980511,0.30222244620269145,0.7748978244852264,0.29031894193621177,0.7894047471730913,0.9143856264319308,0.22794324530728732,0.7929981108565459,0.2819507722820441,0.681343579554177,0.19905568345885194,0.695385813841914,0.0
FARM0277,South USA,Wheat,0.24669730040206783,0.6884422110552761,0.914314516129032,0.799670404759034,0.7170986538075147,0.12186978297161943,0.0,Mixed,0.4493205613722433,2024-02-03,2024-06-05,0.5499999999999998,0.705849202335756,SENS0277,2024-05-06,0.7916160473466937,0.5113844064755049,0.95,Severe,0.0,0.5714285714285714,0.5,0.8130384836300978,0.20333141872487076,0.8584147041929925,0.4262309168504568,0.5704767400190983,0.6646165798077233,0.5322205174087115,0.45866935483870974,0.9581653225806448,0.19707661290322576,0.8447472212262461,0.8248284393601897,0.6773419397550482,0.8014755210211115,0.32007233273056046,0.04982921438617649,0.9081776170383767,0.25429622536914787,0.6665370632410591,0.3100589379882126,0.8166779415595692,0.3153663732465132,0.3644439085172234,0.20065115157361635,0.42137317454229084,0.7261358659732423,0.3061848831310727,0.7265628636963961,1.0
FARM0451,South USA,Maize,0.0017231476163124815,0.16582914572864338,0.49546370967741926,0.09666787250291414,0.7727546714888486,0.41736227045075114,0.0,Mixed,0.2880374248162174,2024-02-06,2024-05-17,0.18333333333333335,0.3711069682720587,SENS0451,2024-05-06,0.13428435465051292,0.48615373214739943,0.49999999999999994,,0.0,0.5714285714285714,0.5,0.24669730040206783,0.17489948305571518,0.3848363009764504,0.3498123907999886,0.6354700145919124,0.5914932185284691,0.5830297652651993,0.914314516129032,0.849798387096774,0.6844758064516128,0.7999282897095732,0.8399788360018562,0.6799900695134058,0.8005897435421507,0.7170986538075147,0.016475788627687393,0.6290938316254774,0.2903290833039358,0.7313432380548534,0.4104509179098166,0.8387805345002135,0.799670404759034,0.9143856264319308,0.05193134772297925,0.43178565080315456,0.7044480960962114,0.2956491200686777,0.7386305752010651,0.25
FARM0168,South India,Soybean,0.8141872487076393,0.37688442211055273,0.7399193548387095,0.29526910245588656,0.17400040184850318,0.0,0.0,Mixed,0.03141011361104923,2024-03-11,2024-08-06,0.9666666666666668,0.8080221801229265,SENS0168,2024-05-06,0.6400585203645809,0.10325437565216733,0.49999999999999994,Moderate,0.0,0.5714285714285714,0.5,0.0017231476163124815,0.8130384836300978,0.10022975301550835,0.49222352705296035,0.681799018268177,0.6498883242158418,0.6017704776695977,0.49546370967741926,0.45866935483870974,0.032258064516129115,0.9677303693079957,0.4958275179730175,0.6504468718967229,0.7653503030436826,0.7727546714888486,0.32007233273056046,0.4862366887683346,0.21201431235196266,0.7288235970135774,0.43247511350497714,0.8105266114908822,0.09666787250291414,0.3153663732465132,0.6917078660717876,0.3395140844411597,0.6877513297302285,0.32205096187614624,0.717329972238141,0.75
FARM0026,East Africa,Soybean,0.5939115450890294,0.949748743718593,0.898689516129032,0.6149362916515938,0.7179023508137431,0.5041736227045075,0.0,Organic,0.7442637558476276,2024-02-15,2024-05-31,0.2666666666666666,0.7506296025138813,SENS0026,2024-05-06,0.2773936465800452,0.7777673408812791,0.4833333333333332,Mild,0.0,0.5714285714285714,0.5,0.8141872487076393,0.24669730040206783,0.8078690407811603,0.4495460143785983,0.6267775571285,0.6539345482795453,0.6030646334734282,0.7399193548387095,0.914314516129032,0.7626008064516128,1.0,0.5191191292969484,0.7082092022509103,0.8053041825910774,0.17400040184850318,0.7170986538075147,0.05666063893911988,0.37786625006299457,0.7587747471070593,0.49567130086574007,0.8313120853944053,0.29526910245588656,0.799670404759034,0.22794324530728732,0.42958714952615296,0.670025135847413,0.3343973153314863,0.7222334293658066,0.75
FARM0306,East Africa,Wheat,0.09333716255025853,0.5276381909547738,0.35685483870967727,0.8476626874070503,0.6085995579666464,0.651085141903172,0.0,Inorganic,0.26977055023390517,2024-01-09,2024-05-19,0.6833333333333331,0.5819640579360107,SENS0306,2024-05-06,0.7736841565825724,0.7491431452622392,0.7333333333333332,Mild,0.0,0.5714285714285714,0.5,0.5939115450890294,0.0017231476163124815,0.20333141872487076,0.42760576289634245,0.6527847212164597,0.6209173599197229,0.635866558065088,0.898689516129032,0.49546370967741926,0.9581653225806448,0.8574160392016257,0.5875994658442799,0.7327044025157234,0.7730718128629641,0.7179023508137431,0.7727546714888486,0.04982921438617649,0.5180164289673945,0.6880681902412903,0.4676969064606191,0.7969408958967581,0.6149362916515938,0.09666787250291414,0.3644439085172234,0.5420568616628154,0.7204537917618857,0.3523315253443633,0.7422825476780234,1.0
FARM0222,Central USA,Soybean,0.5425043078690409,0.170854271356784,0.6587701612903225,0.36637324651312353,0.6517982720514367,0.8347245409015025,0.0,Inorganic,0.9739362887057252,2024-01-17,2024-05-11,0.41666666666666674,0.34921365727986553,SENS0222,2024-05-07,0.3451761856611495,0.7927710360767244,0.8833333333333331,,0.16666666666666666,0.5714285714285714,0.5,0.09333716255025853,0.8141872487076393,0.17489948305571518,0.5009308853435682,0.6325301998379617,0.5881267601074678,0.6071810756897839,0.35685483870967727,0.7399193548387095,0.849798387096774,0.8121190390821083,0.5536958117336536,0.7615855676928174,0.7699679373271451,0.6085995579666464,0.17400040184850318,0.016475788627687393,0.6773673335685129,0.5187004291421561,0.5548066890386618,0.7577326336603656,0.8476626874070503,0.29526910245588656,0.9143856264319308,0.4145063662983788,0.6351320840275467,0.33101806688258506,0.7460590729324197,0.75
FARM0118,South India,Soybean,0.318782309017806,0.2814070351758797,0.4702620967741933,0.6511917681578844,0.30520393811533053,0.3589315525876462,0.0,Inorganic,0.09779460904433057,2024-03-16,2024-08-01,0.7999999999999998,0.8391412750048431,SENS0118,2024-05-07,0.3708721299125831,0.4135104957570346,0.5666666666666667,Mild,0.16666666666666666,0.5714285714285714,0.5,0.5425043078690409,0.5939115450890294,0.8130384836300978,0.4023429668031965,0.5532418272779778,0.5371443369048006,0.5853044082820269,0.6587701612903225,0.898689516129032,0.45866935483870974,0.8148679335484643,0.5495882158634231,0.7716815623965574,0.7625209845734178,0.6517982720514367,0.7179023508137431,0.32007233273056046,0.673638058761276,0.5249012390443762,0.5460646907870621,0.7627749862670399,0.36637324651312353,0.6149362916515938,0.3153663732465132,0.4926701031892302,0.6273542070481329,0.30348460607952554,0.721904991930229,0.75
FARM0281,East Africa,Soybean,0.5706490522688111,0.5577889447236184,0.9742943548387095,0.7522810402347363,0.3572433192686356,0.035058430717863076,0.0,Inorganic,0.36845622633103137,2024-02-27,2024-05-31,0.06666666666666665,0.757336976348079,SENS0281,2024-05-07,0.06481504317041947,0.47047729107124603,0.11666666666666664,Moderate,0.16666666666666666,0.5714285714285714,0.5,0.318782309017806,0.09333716255025853,0.24669730040206783,0.4669607309598145,0.5576466052447837,0.5047098048101513,0.542732798693852,0.4702620967741933,0.35685483870967727,0.914314516129032,0.8290904744830883,0.5827568667426429,0.8992883151274409,0.7345256794026995,0.30520393811533053,0.6085995579666464,0.7170986538075147,0.5833795293050448,0.5255118311034973,0.4687403062519384,0.6896389503602577,0.6511917681578844,0.8476626874070503,0.799670404759034,0.4816401755058892,0.6108439115716188,0.4105903929449408,0.7207500496922602,0.75
FARM0466,South India,Wheat,0.1148765077541643,0.391959798994975,0.30493951612903225,0.5983761405201174,0.16857544705645966,0.7445742904841404,0.0,Inorganic,0.8658944085542438,2024-03-13,2024-06-28,0.2833333333333332,0.6304252112722121,SENS0466,2024-05-08,0.36748717474851555,0.11916689865951513,0.08333333333333331,Severe,0.3333333333333333,0.5714285714285714,0.5,0.5706490522688111,0.5425043078690409,0.0017231476163124815,0.4895311202131011,0.5104488744597689,0.4742821998510989,0.562493930552374,0.9742943548387095,0.6587701612903225,0.49546370967741926,0.7839129915142826,0.6622677429779782,0.8369745117510758,0.777959960499428,0.3572433192686356,0.6517982720514367,0.7727546714888486,0.4318399435569218,0.5242010386866723,0.4041059191788161,0.6907984852624433,0.7522810402347363,0.36637324651312353,0.09666787250291414,0.5984133369507256,0.4450806881376082,0.5166894291177273,0.6454443142910873,1.0
FARM0355,East Africa,Maize,0.36071223434807587,0.4321608040201008,0.501008064516129,0.8507576671088068,0.7862165963431785,0.8397328881469113,0.0,Inorganic,0.26464691468032975,2024-02-19,2024-06-13,0.41666666666666674,0.8037904461435116,SENS0355,2024-05-08,0.7433936782888521,0.09108486532064086,0.8499999999999999,,0.3333333333333333,0.5714285714285714,0.5,0.1148765077541643,0.318782309017806,0.8141872487076393,0.39907770744421855,0.39954048139276266,0.5036416016573335,0.5408895820737918,0.30493951612903225,0.4702620967741933,0.7399193548387095,0.7272618620772082,0.6590040248709264,0.9139357828533599,0.6334577851269054,0.16857544705645966,0.30520393811533053,0.17400040184850318,0.585395353525173,0.5343657656798751,0.4462085107582978,0.7406419343782906,0.5983761405201174,0.6511917681578844,0.29526910245588656,0.7277039226875979,0.3812297516874324,0.5475709212939475,0.6721171450515397,0.25
FARM0496,Central USA,Rice,0.9388282596209078,0.5979899497487438,0.798891129032258,0.008762410064713233,0.7906369298774362,0.5409015025041737,0.0,Mixed,0.0839830697259969,2024-01-16,2024-06-02,0.7999999999999998,0.5605009648454108,SENS0496,2024-05-08,0.8160365528875674,0.3068153323572944,0.4833333333333332,Mild,0.3333333333333333,0.5714285714285714,0.5,0.36071223434807587,0.5706490522688111,0.5939115450890294,0.46787729499040476,0.5604628283835403,0.5184022270417246,0.5713679100956276,0.501008064516129,0.9742943548387095,0.898689516129032,0.7035974662364048,0.6152166066257448,0.9198940748096658,0.6370834531316186,0.7862165963431785,0.3572433192686356,0.7179023508137431,0.6036385627173317,0.561321726336924,0.5492230901553818,0.7357661632379403,0.8507576671088068,0.7522810402347363,0.6149362916515938,0.5866162726515796,0.6835186221367566,0.5050142427908066,0.7362010377337079,0.5
FARM0495,North India,Rice,0.06777713957495696,0.24120603015075393,0.91633064516129,0.9744362715543233,0.09604179224432385,0.5258764607679467,0.0,Mixed,0.09890844286032524,2024-02-01,2024-05-08,0.1166666666666667,0.8258900604569367,SENS0495,2024-05-08,0.8311024399446411,0.9349912977646571,0.13333333333333336,,0.3333333333333333,0.5714285714285714,0.5,0.9388282596209078,0.1148765077541643,0.09333716255025853,0.4627789075702461,0.5696787119330958,0.5031236849771792,0.589133214556583,0.798891129032258,0.30493951612903225,0.35685483870967727,0.8362615035257561,0.630528421956826,0.9130254882489242,0.6270070540478437,0.7906369298774362,0.16857544705645966,0.6085995579666464,0.4750793730786673,0.6591866527518159,0.5557090888581824,0.7235562431253609,0.008762410064713233,0.5983761405201174,0.8476626874070503,0.6161229663863188,0.7320038010701007,0.6234518281499983,0.7806376974422418,0.5
FARM0236,South USA,Rice,0.23147616312464103,0.2361809045226133,0.267641129032258,0.22963141605369997,0.8342374924653405,0.8363939899833055,0.0,Organic,0.7796836711962575,2024-01-03,2024-05-15,0.7166666666666668,0.9559290819753793,SENS0236,2024-05-08,0.6142152422632915,0.764317780799805,0.5333333333333332,,0.3333333333333333,0.5714285714285714,0.5,0.06777713957495696,0.36071223434807587,0.5425043078690409,0.40073897974966355,0.572012768229528,0.5095005341015764,0.5836898390822564,0.91633064516129,0.501008064516129,0.6587701612903225,0.7435161945739215,0.7345784317736712,0.8174445547831843,0.6714551351961021,0.09604179224432385,0.7862165963431785,0.6517982720514367,0.5208385828755737,0.7227553734793906,0.6704830659033867,0.6850090606433622,0.9744362715543233,0.8507576671088068,0.36637324651312353,0.584296152154999,0.7768844675549297,0.49049830257150684,0.7725432312016063,0.5
FARM0009,Central USA,Soybean,0.8724870763928777,0.42211055276381915,0.21370967741935476,0.5412195023915753,0.7287522603978301,0.20033388981636058,0.0,Inorganic,0.9964357317888173,2024-03-12,2024-07-08,0.46666666666666656,0.8994070037461664,SENS0009,2024-05-08,0.12094435552811023,0.22401125983132308,0.3333333333333333,Mild,0.3333333333333333,0.5714285714285714,0.5,0.23147616312464103,0.9388282596209078,0.318782309017806,0.5111849454357974,0.6710600006605443,0.5162010811510696,0.5958448946883171,0.267641129032258,0.798891129032258,0.4702620967741933,0.6826819648619575,0.8209593073348984,0.7772260840781193,0.727115960333675,0.8342374924653405,0.7906369298774362,0.30520393811533053,0.6270725192763196,0.7277140904262862,0.7278418544316292,0.6815541390525154,0.22963141605369997,0.008762410064713233,0.6511917681578844,0.5586999840959483,0.7740895701007211,0.5343504897178757,0.7569734018698028,0.75
FARM0211,North India,Maize,0.3788052843193568,0.7939698492462313,0.11441532258064513,0.25716467703685847,0.7227245328511153,0.023372287145242088,0.0,Mixed,0.8037424816217421,2024-02-16,2024-05-18,0.033333333333333215,0.29239218764545005,SENS0211,2024-05-09,0.19251757836959726,0.5136157938060912,0.95,Mild,0.5,0.5714285714285714,0.5,0.8724870763928777,0.06777713957495696,0.5706490522688111,0.47291839715865147,0.6645654654428413,0.5310911857054996,0.5893890393472212,0.21370967741935476,0.91633064516129,0.9742943548387095,0.478785705748775,0.7775578814319055,0.6458953988745448,0.7665548111458028,0.7287522603978301,0.09604179224432385,0.3572433192686356,0.7187421256866406,0.717459703384106,0.7286314542737093,0.6822463661389023,0.5412195023915753,0.9744362715543233,0.7522810402347363,0.44346109588272165,0.7874964279612905,0.42901627190073,0.7559308447167421,0.25
FARM0300,East Africa,Maize,0.40838598506605406,0.5427135678391961,0.36995967741935476,0.9823144017042489,0.5662045408880853,0.7045075125208682,0.0,Mixed,0.4816217420360883,2024-03-03,2024-06-10,0.1499999999999999,0.7288998246421768,SENS0300,2024-05-09,0.9843035801164645,0.9840509256013958,0.7833333333333332,Severe,0.5,0.5714285714285714,0.5,0.3788052843193568,0.23147616312464103,0.1148765077541643,0.5314639246126084,0.6138786825071646,0.5769268118991355,0.5432000572950567,0.11441532258064513,0.267641129032258,0.30493951612903225,0.4942034181905104,0.7674166661171893,0.6252896391923204,0.777019940011333,0.7227245328511153,0.8342374924653405,0.16857544705645966,0.8184750289774734,0.5855504829038083,0.6996418600716274,0.66307448079364,0.25716467703685847,0.22963141605369997,0.5983761405201174,0.5328231562994081,0.8914714851995945,0.6009755336168887,0.7569603794027151,0.25
FARM0436,Central USA,Cotton,0.8555427914991386,0.391959798994975,0.010584677419354871,0.11455444350657185,0.9168173598553345,0.325542570951586,0.0,Inorganic,0.4613499665849856,2024-01-18,2024-05-29,0.7000000000000002,0.23790546779278088,SENS0436,2024-05-09,0.14021342108879076,0.8205793846147684,0.8333333333333333,Mild,0.5,0.5714285714285714,0.5,0.40838598506605406,0.8724870763928777,0.36071223434807587,0.630166413656804,0.6640255922266164,0.5815880620205225,0.5512608348307939,0.36995967741935476,0.21370967741935476,0.501008064516129,0.3779132305485837,0.8723382758474405,0.5055445216815619,0.8484606310704136,0.5662045408880853,0.7287522603978301,0.7862165963431785,0.8512321725545535,0.6220715583122627,0.8038972392205523,0.6533201100933314,0.9823144017042489,0.5412195023915753,0.8507576671088068,0.36147103123742896,0.9011643176546614,0.5658875404846457,0.797423755585757,0.0
FARM0050,South USA,Rice,0.2409534750143596,0.4070351758793973,0.6875,0.1802323244503397,0.1711874623267029,0.6093489148580968,0.0,Mixed,0.6836711962575185,2024-02-19,2024-05-28,0.1499999999999999,0.22773622359254586,SENS0050,2024-05-10,0.25403838879545304,0.2546837353318767,0.016666666666666663,Severe,0.6666666666666666,0.5714285714285714,0.5,0.8555427914991386,0.3788052843193568,0.9388282596209078,0.4909632515108987,0.594724237135366,0.5418055870261871,0.5554179210210457,0.010584677419354871,0.11441532258064513,0.798891129032258,0.3514999402414247,0.8206530364706154,0.47087057265806065,0.8034281982185417,0.9168173598553345,0.7227245328511153,0.7906369298774362,0.6958625207881879,0.7324269838828652,0.727165054566989,0.7034289664164498,0.11455444350657185,0.25716467703685847,0.008762410064713233,0.4013808459084489,0.8408835811327398,0.48148437195145743,0.8345365491220493,0.5
FARM0303,South India,Soybean,0.07265939115450892,0.78391959798995,0.254032258064516,0.6181116604365128,0.27185051235684143,0.25542570951585974,0.0,Mixed,0.17398084205836487,2024-03-24,2024-07-01,0.1499999999999999,0.6574182397294911,SENS0303,2024-05-10,0.8084053801197314,0.2606179788783032,0.7,Severe,0.6666666666666666,0.5714285714285714,0.5,0.2409534750143596,0.40838598506605406,0.06777713957495696,0.4919371007934009,0.5929049688882619,0.5394749619654939,0.5589790221081993,0.6875,0.36995967741935476,0.91633064516129,0.19445440420700377,0.5468158032625903,0.45398874544852674,0.8153411361952896,0.1711874623267029,0.5662045408880853,0.09604179224432385,0.7399586756034882,0.6431041572326499,0.679901864019627,0.7263507732017916,0.1802323244503397,0.9823144017042489,0.9744362715543233,0.3184458934802743,0.7028642905029505,0.4369141920630586,0.8051712402585214,0.75
FARM0213,North India,Wheat,0.06892590465249859,0.17587939698492505,0.254032258064516,0.0700992805177057,0.8207755676110106,0.9115191986644409,0.0,Inorganic,0.45110269547783477,2024-02-14,2024-06-03,0.33333333333333326,0.01106993431000347,SENS0213,2024-05-10,0.1182434618201944,0.004904796143378132,0.7166666666666666,,0.6666666666666666,0.5714285714285714,0.5,0.07265939115450892,0.8555427914991386,0.23147616312464103,0.45951364821126806,0.6368427265211192,0.48609717411711384,0.5830332893449097,0.254032258064516,0.010584677419354871,0.267641129032258,0.1912274411378032,0.5471401363311624,0.3875372393247267,0.814343314439131,0.27185051235684143,0.9168173598553345,0.8342374924653405,0.7365821700347739,0.6389969390378345,0.7036180592763883,0.7495338613460694,0.6181116604365128,0.11455444350657185,0.22963141605369997,0.2813146102104014,0.7504990230906313,0.37938892574238103,0.8538158290809351,1.0
FARM0500,North India,Wheat,0.5761056863871339,0.9597989949748742,0.2807459677419355,0.09019655130833237,0.9947759694595136,0.1803005008347245,0.0,Inorganic,0.31900200490086883,2024-02-16,2024-06-29,0.7333333333333334,0.9731076073091757,SENS0500,2024-05-11,0.1381770911237441,0.9443569658940469,0.9166666666666665,Severe,0.8333333333333333,0.5714285714285714,0.5,0.06892590465249859,0.2409534750143596,0.8724870763928777,0.40039526823819216,0.5356966224660937,0.5151005082057425,0.5885805582247042,0.254032258064516,0.6875,0.21370967741935476,0.2071232221823831,0.5432420152772488,0.3564217146640183,0.821709478063591,0.8207755676110106,0.1711874623267029,0.7287522603978301,0.8033059517210106,0.7209842299892991,0.8004004399199123,0.7882749528678566,0.0700992805177057,0.1802323244503397,0.5412195023915753,0.17633851306471082,0.7739835559919374,0.2704647442150858,0.884277910730263,1.0
FARM0087,East Africa,Maize,0.39546237794371053,0.6482412060301508,0.2515120967741935,0.11330841271755299,0.7343781394414307,0.4974958263772955,0.0,Mixed,0.11695255067943866,2024-02-23,2024-06-20,0.46666666666666656,0.21000671743741084,SENS0087,2024-05-11,0.28566668246768834,0.9167668241547617,0.4833333333333332,,0.8333333333333333,0.5714285714285714,0.5,0.5761056863871339,0.07265939115450892,0.3788052843193568,0.4037178128490819,0.5359652689497407,0.495354934774868,0.5820764174463385,0.2807459677419355,0.254032258064516,0.11441532258064513,0.23963188717580963,0.5130887363048011,0.23775239986759367,0.7071666186376483,0.9947759694595136,0.27185051235684143,0.7227245328511153,0.806228896840196,0.7222371035026797,0.853331829333634,0.7750497394167579,0.09019655130833237,0.6181116604365128,0.25716467703685847,0.14285580638220252,0.7949186691285148,0.14640028095368174,0.8815014644960666,0.25
FARM0347,South India,Wheat,0.8948879954049399,0.7989949748743719,0.9465725806451613,0.3685437517585113,0.008237894313843697,0.6727879799666108,0.0,Inorganic,0.43795945644909784,2024-03-22,2024-06-25,0.08333333333333326,0.11404799822881051,SENS0347,2024-05-11,0.40081869576873197,0.5903862831140585,0.10000000000000003,Mild,0.8333333333333333,0.5714285714285714,0.5,0.39546237794371053,0.06892590465249859,0.40838598506605406,0.5007590295878327,0.6556614783352703,0.5832712912310232,0.6105837876332096,0.2515120967741935,0.254032258064516,0.36995967741935476,0.37635950758933867,0.8083948723580585,0.34309831181727857,0.8166976789210344,0.7343781394414307,0.8207755676110106,0.5662045408880853,0.6662803003578095,0.906770384277935,0.8308282338343531,0.8267516003613474,0.11330841271755299,0.0700992805177057,0.9823144017042489,0.0,0.45439103355219806,0.101775471182737,0.870071972076889,1.0
FARM0320,East Africa,Soybean,0.3230901780585871,0.1959798994974875,0.6824596774193548,0.3265806503476828,0.7779787020293351,0.325542570951586,0.0,Organic,0.7384718200044554,2024-01-13,2024-06-08,0.9500000000000002,0.2161379515086559,SENS0320,2024-05-12,0.5854543936075047,0.05341339923933042,0.4333333333333334,Mild,1.0,0.5714285714285714,0.5,0.8948879954049399,0.5761056863871339,0.8555427914991386,0.39455217254317876,0.5583296971503279,0.5790308484122617,0.6124903963331545,0.9465725806451613,0.2807459677419355,0.010584677419354871,0.5356758694872714,0.7287600530663755,0.3728897715988082,0.8373526361269719,0.008237894313843697,0.9947759694595136,0.9168173598553345,0.6314569369550977,0.8665828872920229,0.8296720340655934,0.825864318347595,0.3685437517585113,0.09019655130833237,0.11455444350657185,0.04934933717525336,0.44773586945008403,0.0,0.8025087137727619,0.75
FARM0455,East Africa,Maize,0.9514646754738657,0.7487437185929648,0.2505040322580645,0.45343462357811815,0.6847498493068115,0.8697829716193657,0.0,Mixed,0.18734684785030079,2024-03-27,2024-07-15,0.33333333333333326,0.010808281317221557,SENS0455,2024-05-12,0.8740588249613009,0.9699603142017676,0.7333333333333332,Severe,1.0,0.5714285714285714,0.5,0.3230901780585871,0.39546237794371053,0.2409534750143596,0.5362758857732076,0.6814759657385626,0.5804551192826852,0.6153164837532962,0.6824596774193548,0.2515120967741935,0.6875,0.4320544998207243,0.7153621247621488,0.28285335981463033,0.7946162447437825,0.7779787020293351,0.7343781394414307,0.1711874623267029,0.7602681046212776,0.7869794877911983,0.8148106370378723,0.8169715990154193,0.3265806503476828,0.11330841271755299,0.1802323244503397,0.11293747836581192,0.4703450241727578,0.08633862722909424,0.7658410149035086,0.25
FARM0219,Central USA,Rice,0.891441700172315,0.19095477386934645,0.739415322580645,0.6289641866634512,0.726140245127587,0.8914858096828047,0.0,Mixed,0.5791935843172199,2024-03-07,2024-08-02,0.9666666666666668,0.030963109443911896,SENS0219,2024-05-12,0.5437936256330151,0.9991319294928673,0.4666666666666666,Mild,1.0,0.5714285714285714,0.5,0.9514646754738657,0.8948879954049399,0.07265939115450892,0.6995961389740212,0.6477360803447947,0.6732916842003043,0.6143749160520883,0.2505040322580645,0.9465725806451613,0.254032258064516,0.5471495159555393,0.7473073008437582,0.25380668652763916,0.7368544786054566,0.6847498493068115,0.008237894313843697,0.27185051235684143,0.874212568664013,0.7101998981359975,0.9032458193508361,0.7337620796798,0.45343462357811815,0.3685437517585113,0.6181116604365128,0.1154634160032183,0.4767714504937664,0.019260935731845397,0.663860596578722,0.5
FARM0019,Central USA,Soybean,0.8839747271682942,0.40201005025125625,0.6255040322580645,0.15462840146308138,0.9294755877034356,0.8647746243739565,0.0,Inorganic,0.02383604366228559,2024-03-11,2024-07-29,0.8333333333333335,0.9308053628799943,SENS0019,2024-05-13,0.2668784537376516,0.7874806477907943,0.10000000000000003,,0.0,0.5714285714285714,0.5,0.891441700172315,0.3230901780585871,0.06892590465249859,0.8621716838999799,0.5045720448062749,0.7468358527821837,0.6211048528528474,0.739415322580645,0.6824596774193548,0.254032258064516,0.6352336560296399,0.7072389471034066,0.3125620655412118,0.7514484888642897,0.726140245127587,0.7779787020293351,0.8207755676110106,0.9014765912412444,0.7347511983649839,0.9166126166774768,0.74896996856236,0.6289641866634512,0.3265806503476828,0.0700992805177057,0.13513766360123858,0.44787915053902605,0.004698169898934568,0.6726186400957841,0.75
FARM0231,South India,Maize,0.07581849511774846,0.03517587939698519,0.387600806451613,0.9885445556493431,0.6122161944946757,0.5208681135225375,0.0,Organic,0.6406772109601249,2024-02-01,2024-05-13,0.19999999999999996,0.850047676194358,SENS0231,2024-05-13,0.5184545656037597,0.19401823964494103,0.7833333333333332,Mild,0.0,0.5714285714285714,0.5,0.8839747271682942,0.9514646754738657,0.5761056863871339,0.7623807750694583,0.6784609448994425,0.6570420483604698,0.6406457733347595,0.6255040322580645,0.2505040322580645,0.2807459677419355,0.6605712919803994,0.671882208070387,0.34111221449851037,0.736708924559729,0.9294755877034356,0.6847498493068115,0.9947759694595136,0.8055233583631514,0.6703461582627662,0.9002566199486761,0.7468102400536667,0.15462840146308138,0.45343462357811815,0.09019655130833237,0.344229168030985,0.6777148871775164,0.09155187887774607,0.7911619230557638,0.25
FARM0254,East Africa,Cotton,0.18609994256174617,0.18090452261306567,0.3503024193548385,0.7352787491458661,0.2720514366083987,0.8313856427378965,0.0,Organic,0.5312987302294497,2024-02-10,2024-07-01,0.8666666666666667,0.2590968443139534,SENS0254,2024-05-13,0.4543219824346022,0.7760079171314875,0.49999999999999994,Mild,0.0,0.5714285714285714,0.5,0.07581849511774846,0.891441700172315,0.39546237794371053,0.7206198264256868,0.7365317861560926,0.6353219175865084,0.6581628698082778,0.387600806451613,0.739415322580645,0.2515120967741935,0.6839966535197801,0.6294397937471252,0.379841112214498,0.7005865364116541,0.6122161944946757,0.726140245127587,0.7343781394414307,0.6895630701002877,0.728923894286018,0.8370040325991934,0.7833267289785668,0.9885445556493431,0.6289641866634512,0.11330841271755299,0.48899346062811655,0.6347445568540317,0.18438365786084954,0.8192327812412455,0.0
FARM0094,South USA,Rice,0.13699023549684092,0.045226130653266416,0.9531249999999996,0.8676795691145145,0.41551135222021285,0.9632721202003338,0.0,Inorganic,0.9349521051459124,2024-03-11,2024-06-21,0.19999999999999996,0.7620467302181532,SENS0094,2024-05-13,0.9967051667098527,0.4664699066888045,0.8833333333333331,Severe,0.0,0.5714285714285714,0.5,0.18609994256174617,0.8839747271682942,0.8948879954049399,0.569444046630195,0.7554748033059596,0.6047324636649078,0.6813151881486955,0.3503024193548385,0.6255040322580645,0.9465725806451613,0.685550376479025,0.6336684868931696,0.4755875537901355,0.7916465324293845,0.2720514366083987,0.9294755877034356,0.008237894313843697,0.7917149624552742,0.50717530137629,0.8158540368291924,0.7937557875843951,0.7352787491458661,0.15462840146308138,0.3685437517585113,0.6051678812996417,0.6736088977835322,0.1621258828579235,0.7835551687056306,0.5
FARM0032,North India,Maize,0.8500861573808157,0.5979899497487438,0.12197580645161299,0.9879416375256242,0.7815953385573639,0.345575959933222,0.0,Mixed,0.3704611271998218,2024-03-21,2024-07-10,0.34999999999999987,0.006805493706490751,SENS0032,2024-05-13,0.8229087961831566,0.10468498709185114,0.9666666666666666,Severe,0.0,0.5714285714285714,0.5,0.13699023549684092,0.07581849511774846,0.3230901780585871,0.6745624838885228,0.7787963278519306,0.6041174376072247,0.6804559238552208,0.9531249999999996,0.387600806451613,0.6824596774193548,0.552647304888251,0.7448177678835108,0.49387619993379683,0.7578954400752078,0.41551135222021285,0.6122161944946757,0.7779787020293351,0.7926220833543318,0.5080869216872883,0.7968754406249117,0.7715829394482749,0.8676795691145145,0.9885445556493431,0.3265806503476828,0.7591003919881001,0.6871305450773325,0.331704842548874,0.8421575511190474,0.25
FARM0014,North India,Soybean,0.07581849511774846,0.18090452261306567,0.599798387096774,0.677800554684674,0.23166566204540884,0.11853088480801333,0.0,Mixed,0.594787257741145,2024-03-03,2024-06-27,0.43333333333333335,0.6556244071924381,SENS0014,2024-05-14,0.5230882151817284,0.9350198378920767,0.2,Moderate,0.16666666666666666,0.5714285714285714,0.5,0.8500861573808157,0.18609994256174617,0.9514646754738657,0.49989975080915416,0.7732080239914417,0.5855048069141875,0.7006679962535372,0.12197580645161299,0.3503024193548385,0.2505040322580645,0.6354726903310626,0.6983692794446736,0.4794769943727242,0.7471927248633279,0.7815953385573639,0.2720514366083987,0.6847498493068115,0.6789799929446152,0.6069809985963791,0.8053636389272723,0.7563982771731756,0.9879416375256242,0.7352787491458661,0.45343462357811815,0.8113218138103304,0.6477280896183018,0.4283138876965702,0.8250345706019064,0.75
FARM0119,South India,Wheat,0.25761056863871346,0.9346733668341711,0.5836693548387095,0.4189075123598216,0.14848302190074336,0.3288814691151921,0.0,Mixed,0.8342615281799955,2024-02-18,2024-06-28,0.6833333333333331,0.9435357873364981,SENS0119,2024-05-14,0.2573908744616309,0.82174627526302,0.9666666666666666,Severe,0.16666666666666666,0.5714285714285714,0.5,0.07581849511774846,0.13699023549684092,0.891441700172315,0.3734711998396013,0.6800720882759537,0.6063509532903892,0.6784489017514255,0.599798387096774,0.9531249999999996,0.739415322580645,0.5985418907613247,0.6658391923890976,0.5335981463091692,0.729150941085366,0.23166566204540884,0.41551135222021285,0.726140245127587,0.5340926271229154,0.6756347318447821,0.7880488423902317,0.7862072451571029,0.677800554684674,0.8676795691145145,0.6289641866634512,0.7624308875396433,0.6956863589690568,0.38963593085417725,0.8227035433101038,1.0
FARM0122,South India,Wheat,0.9181504882251582,0.5226130653266332,0.24294354838709675,0.6221311145946381,0.24894514767932485,0.353923205342237,0.0,Organic,0.37291156159501004,2024-02-15,2024-06-20,0.6000000000000001,0.23882628505584025,SENS0122,2024-05-14,0.22589273903555906,0.6840023072439858,0.8499999999999999,,0.16666666666666666,0.5714285714285714,0.5,0.25761056863871346,0.8500861573808157,0.8839747271682942,0.3802881448171168,0.6964437382305492,0.7020684297413653,0.676382211408312,0.5836693548387095,0.12197580645161299,0.6255040322580645,0.5078283733715789,0.6993851404154384,0.5317775571002978,0.7313277770608738,0.14848302190074336,0.7815953385573639,0.9294755877034356,0.36340271128357604,0.5257676149933055,0.7077916584416681,0.7955387665309259,0.4189075123598216,0.9879416375256242,0.15462840146308138,0.8712426677643583,0.4677096054226176,0.49681976040894416,0.7669345440958718,1.0
FARM0139,South India,Rice,0.8147616312464102,0.9648241206030148,0.5095766129032258,0.4966839503195467,0.6831424552943542,0.41402337228714536,0.0,Inorganic,0.16662953887280016,2024-03-01,2024-07-19,0.8333333333333335,0.7599686016408661,SENS0139,2024-05-14,0.032554935507810134,0.22415751546674656,0.28333333333333327,Severe,0.16666666666666666,0.5714285714285714,0.5,0.9181504882251582,0.07581849511774846,0.07581849511774846,0.5276830979864234,0.7186834064056911,0.7289677273168678,0.6916532132854101,0.24294354838709675,0.599798387096774,0.387600806451613,0.5367515238436713,0.6950940165434786,0.5693478980470044,0.7108042600821447,0.24894514767932485,0.23166566204540884,0.6122161944946757,0.38119236002620593,0.5546860082193174,0.6640534671893064,0.7328732930740034,0.6221311145946381,0.677800554684674,0.9885445556493431,0.7567615608423535,0.44876684112477333,0.575744332149686,0.698971018008553,0.5
FARM0477,South USA,Soybean,0.9327972429638142,0.1306532663316582,0.502016129032258,0.6877688009968248,0.6753064094836249,0.5308848080133557,0.0,Inorganic,0.012920472265537997,2024-01-27,2024-06-12,0.7833333333333332,0.0014089007303640377,SENS0477,2024-05-14,0.7030607165998167,0.7497210077368783,0.25000000000000006,,0.16666666666666666,0.5714285714285714,0.5,0.8147616312464102,0.25761056863871346,0.18609994256174617,0.6766247529573511,0.7453562882694327,0.7895316091023854,0.7125681530890356,0.5095766129032258,0.5836693548387095,0.3503024193548385,0.5727261862077206,0.6797557373333212,0.6104766633565042,0.6802659995523452,0.6831424552943542,0.14848302190074336,0.2720514366083987,0.4823363402711285,0.5837276255720711,0.6557626688474656,0.7252829008572292,0.4966839503195467,0.4189075123598216,0.7352787491458661,0.7457035671852636,0.4462249538629646,0.6872829437702428,0.6229087015692527,0.75
FARM0259,East Africa,Cotton,0.5025847214244687,0.6582914572864325,0.538306451612903,0.6021544274287552,0.9332931484830221,0.9015025041736227,0.0,Inorganic,0.4123412786812207,2024-03-14,2024-08-03,0.8666666666666667,0.7245548754255006,SENS0259,2024-05-14,0.5634869165939873,0.21322689701720643,0.7666666666666666,Moderate,0.16666666666666666,0.5714285714285714,0.5,0.9327972429638142,0.9181504882251582,0.13699023549684092,0.7495488786411938,0.6586728098053153,0.7453144725342309,0.6927334615398463,0.502016129032258,0.24294354838709675,0.9531249999999996,0.4743635711724632,0.46799358439717226,0.5434458788480634,0.6002054738721614,0.6753064094836249,0.24894514767932485,0.41551135222021285,0.6122058156528751,0.7097164850697958,0.7855954428809113,0.6753048670657656,0.6877688009968248,0.6221311145946381,0.8676795691145145,0.6839022929900553,0.4072299364575712,0.732641354821087,0.5998635759337404,0.0
FARM0004,Central USA,Maize,0.20591614014933945,0.2613065326633168,0.9440524193548383,0.650508460951003,0.6073940124573035,0.1702838063439066,0.0,Organic,0.46224103363778135,2024-02-21,2024-07-04,0.7333333333333334,0.5545634546245909,SENS0004,2024-05-14,0.8434484560533554,0.7760900325858162,0.23333333333333334,,0.16666666666666666,0.5714285714285714,0.5,0.5025847214244687,0.8147616312464102,0.8500861573808157,0.6210580586028128,0.6862359134637226,0.7321075971903019,0.7061962971152445,0.538306451612903,0.5095766129032258,0.12197580645161299,0.6692960439823117,0.5242324574062303,0.5863952333664351,0.6696813127359853,0.9332931484830221,0.6831424552943542,0.7815953385573639,0.5685128256816008,0.6709758140211874,0.7616536476692701,0.6602515980963758,0.6021544274287552,0.4966839503195467,0.9879416375256242,0.6053643431158846,0.22534624349784393,0.7955359581691186,0.5616920090397739,0.25
FARM0396,North India,Wheat,0.4224583572659393,0.12562814070351758,0.216733870967742,0.07777643795972505,0.6753064094836249,0.40233722871452415,0.0,Inorganic,0.5845399866339942,2024-03-14,2024-07-10,0.46666666666666656,0.687470595486989,SENS0396,2024-05-15,0.7322124403578164,0.4165069087136515,0.16666666666666669,Mild,0.3333333333333333,0.5714285714285714,0.5,0.20591614014933945,0.9327972429638142,0.07581849511774846,0.6902013576604703,0.585816144726497,0.6724824393875635,0.6726311677780641,0.9440524193548383,0.502016129032258,0.599798387096774,0.578463009441855,0.6139516594738086,0.5808507116848722,0.6779173680493232,0.6073940124573035,0.6753064094836249,0.23166566204540884,0.6797863226326666,0.6223195037315393,0.7603282479343503,0.6594524895514386,0.650508460951003,0.6877688009968248,0.677800554684674,0.4657080577410633,0.4759945688848031,0.722597260701604,0.6690835558694329,1.0
FARM0472,Central USA,Soybean,0.6562320505456635,0.8190954773869343,0.6098790322580645,0.421037823063628,0.14948764315852936,0.9916527545909848,0.0,Inorganic,0.024949877478280258,2024-03-08,2024-06-10,0.06666666666666665,0.26591491749125096,SENS0472,2024-05-15,0.10992026035813018,0.548138432636287,0.06666666666666671,,0.3333333333333333,0.5714285714285714,0.5,0.4224583572659393,0.5025847214244687,0.25761056863871346,0.7697132873141806,0.5202414298283694,0.6459715793221763,0.6456736834331216,0.216733870967742,0.538306451612903,0.5836693548387095,0.5846779012788335,0.618034463186048,0.5595829195630584,0.6607299772411156,0.6753064094836249,0.9332931484830221,0.14848302190074336,0.6800383006601829,0.6217365947513069,0.6793942641211475,0.7050778919896177,0.07777643795972505,0.6021544274287552,0.4189075123598216,0.4662038899439618,0.4756604433971616,0.6822257775002927,0.6813043242218491,0.75
FARM0245,South India,Soybean,0.8383113153360139,0.025125628140703515,0.6688508064516128,0.8638610876642954,0.32208157524613223,0.4757929883138565,0.0,Mixed,0.44486522610826473,2024-03-18,2024-06-27,0.18333333333333335,0.5886588522994013,SENS0245,2024-05-15,0.6314514610233105,0.635743956002139,0.5666666666666667,Moderate,0.3333333333333333,0.5714285714285714,0.5,0.6562320505456635,0.20591614014933945,0.9181504882251582,0.7537879872826739,0.4967588288583706,0.6408247823131454,0.6383720610862449,0.6098790322580645,0.9440524193548383,0.24294354838709675,0.6856698936297358,0.5528863255949424,0.5666997682886459,0.6656315435482628,0.14948764315852936,0.6073940124573035,0.24894514767932485,0.6983823010633479,0.5918771747672096,0.5941456811708639,0.6510737181347169,0.421037823063628,0.650508460951003,0.6221311145946381,0.5224668119860418,0.5614551719848879,0.8199321028602651,0.6202200841140372,0.75
FARM0336,South USA,Rice,0.8351522113727744,0.5979899497487438,0.14465725806451613,0.3040315125205998,0.9883463934096847,0.5242070116861437,0.0,Organic,0.9342838048563156,2024-03-25,2024-07-17,0.3999999999999999,0.08308237289073717,SENS0336,2024-05-16,0.6392169958563957,0.27271123199218117,0.16666666666666669,Severe,0.5,0.5714285714285714,0.5,0.8383113153360139,0.4224583572659393,0.8147616312464102,0.7578552401684185,0.5016591581076446,0.7264105137086072,0.6172789589315946,0.6688508064516128,0.216733870967742,0.5095766129032258,0.5991394765148801,0.6893002839986234,0.5268123138033762,0.7138264417767953,0.32208157524613223,0.6753064094836249,0.6831424552943542,0.7749332258227082,0.6888574936942132,0.6469360706127856,0.7331309788168806,0.8638610876642954,0.07777643795972505,0.4966839503195467,0.4776267412597881,0.5976694228523606,0.6870254028953842,0.6089178781133621,0.5
FARM0489,Central USA,Cotton,0.628661688684664,0.11055276381909573,0.439516129032258,0.48450500422042697,0.521599357042395,0.951585976627713,0.0,Organic,0.5994653597683226,2024-03-05,2024-06-21,0.30000000000000004,0.03980647742110788,SENS0489,2024-05-16,0.06067880548120358,0.9728407641143444,0.1833333333333333,Severe,0.5,0.5714285714285714,0.5,0.8351522113727744,0.6562320505456635,0.9327972429638142,0.6971901583937213,0.4329929557545626,0.7762923639659467,0.5857922283862746,0.14465725806451613,0.6098790322580645,0.502016129032258,0.5843193498267003,0.6934214013823793,0.5414597815292947,0.7061911144977994,0.9883463934096847,0.14948764315852936,0.6753064094836249,0.7363805876127605,0.6911954947994878,0.6819604636079073,0.7123002878775389,0.3040315125205998,0.421037823063628,0.6877688009968248,0.43031686484362575,0.5725727375789713,0.6383345690092483,0.605327525977302,0.0
FARM0215,East Africa,Maize,0.9603676048248134,0.14070351758793986,0.6829637096774193,0.917922746091081,0.7940526421539079,0.7295492487479134,0.0,Organic,0.5537981733125418,2024-03-05,2024-06-10,0.1166666666666667,0.03611062889806349,SENS0215,2024-05-17,0.5970275475864314,0.536905889680892,0.95,Moderate,0.6666666666666666,0.5714285714285714,0.5,0.628661688684664,0.8383113153360139,0.5025847214244687,0.7885028499412824,0.5008028200152578,0.8690965590910562,0.5628078612694768,0.439516129032258,0.6688508064516128,0.538306451612903,0.6186207720807935,0.7135649657731392,0.4971036080767961,0.6324923530819268,0.521599357042395,0.32208157524613223,0.9332931484830221,0.7014564329990429,0.6418346741804275,0.7350892529821493,0.7289755451130312,0.48450500422042697,0.8638610876642954,0.6021544274287552,0.503812294767567,0.6798009468561892,0.6480899051781324,0.6176289572054838,0.25
FARM0048,North India,Soybean,0.9106835152211373,0.010050251256281673,0.14516129032258063,0.8744724466417464,0.9698613622664255,0.07345575959933226,0.0,Inorganic,0.623746936957006,2024-02-21,2024-05-26,0.08333333333333326,0.8512527894976515,SENS0048,2024-05-17,0.8599537307653259,0.37954198603236167,0.3166666666666666,Severe,0.6666666666666666,0.5714285714285714,0.5,0.9603676048248134,0.8351522113727744,0.20591614014933945,0.9290808581330737,0.3609972987667788,0.8759265853105882,0.5700371389262112,0.6829637096774193,0.14465725806451613,0.9440524193548383,0.4291860882036571,0.6210340682379479,0.5009102946044357,0.625112214888152,0.7940526421539079,0.9883463934096847,0.6073940124573035,0.792370105326816,0.725501737470134,0.7615126476974705,0.7682489264189758,0.917922746091081,0.3040315125205998,0.650508460951003,0.5559401633439673,0.7373529060753751,0.6260584539743241,0.5856650213383603,0.75
FARM0080,South India,Rice,0.5470993681792075,0.7236180904522613,0.5322580645161288,0.1110575183890028,0.2849105887080571,0.3005008347245408,0.0,Organic,0.4196925818667855,2024-03-15,2024-06-17,0.06666666666666665,0.10563484815320778,SENS0080,2024-05-17,0.5971117841136316,0.015456031179838625,0.5166666666666666,Mild,0.6666666666666666,0.5714285714285714,0.5,0.9106835152211373,0.628661688684664,0.4224583572659393,0.9539426574628361,0.2983890478864671,0.9290454148188907,0.48401502118365936,0.14516129032258063,0.439516129032258,0.216733870967742,0.5040038245488225,0.585491036313107,0.48982125124131093,0.6201521935355344,0.9698613622664255,0.521599357042395,0.6753064094836249,0.6944514438340981,0.7807306220169806,0.768985646202871,0.7574624574491601,0.8744724466417464,0.48450500422042697,0.07777643795972505,0.56368637209868,0.7191202551663453,0.5160182619893081,0.6582590930300892,0.5
FARM0056,North India,Rice,0.8871338311315337,0.1306532663316582,0.457157258064516,0.6730575987780861,0.7420132610006028,0.9465776293823038,0.0,Mixed,0.742927155268434,2024-01-14,2024-05-24,0.6833333333333331,0.09372460519330872,SENS0056,2024-05-18,0.6160421419651326,0.939372758097885,0.28333333333333327,Moderate,0.8333333333333333,0.5714285714285714,0.5,0.5470993681792075,0.9603676048248134,0.6562320505456635,0.9999999999999999,0.29231043292167164,1.0,0.4368901243176085,0.5322580645161288,0.6829637096774193,0.6098790322580645,0.4677901278833514,0.5615409973104366,0.4690499834491888,0.6152755842221544,0.2849105887080571,0.7940526421539079,0.14948764315852936,0.8430680844630347,0.6583404961805869,0.8522884295423139,0.6977344600503739,0.1110575183890028,0.917922746091081,0.421037823063628,0.6223442572340048,0.7074323915220081,0.5653646544659929,0.6580426876494623,0.5
FARM0190,South USA,Rice,0.3400344629523263,0.8994974874371859,0.362399193548387,0.18867317818240287,0.9477596945951378,0.9181969949916526,0.0,Organic,0.22789039875250613,2024-03-05,2024-06-16,0.21666666666666656,0.7328170718514214,SENS0190,2024-05-19,0.5049225520400775,0.12233295012788004,0.7166666666666666,,1.0,0.5714285714285714,0.5,0.8871338311315337,0.9106835152211373,0.8383113153360139,0.9006100879328617,0.4375850345755059,0.9348396076781145,0.4615728806954981,0.457157258064516,0.14516129032258063,0.6688508064516128,0.3951237002509862,0.5004176538596335,0.4886626944720289,0.5956658874373247,0.7420132610006028,0.9698613622664255,0.32208157524613223,1.0000000000000002,0.598059163662736,0.9503680099263976,0.677260397631944,0.6730575987780861,0.8744724466417464,0.8638610876642954,0.4651935148889992,0.730981316030848,0.4812034182697935,0.700039970465486,0.5
FARM0035,South USA,Soybean,0.7576105686387135,0.6884422110552761,0.6512096774193548,0.4925439125366776,0.7920433996383366,0.09181969949916524,0.0,Inorganic,0.6923591000222767,2024-02-22,2024-06-28,0.6166666666666667,0.3654386587265046,SENS0035,2024-05-20,0.42572083886769463,0.7459832524529495,0.3333333333333333,Severe,0.0,0.5714285714285714,0.5,0.3400344629523263,0.5470993681792075,0.8351522113727744,0.8851430699166499,0.4298108211321733,0.9283980189686982,0.457730910574872,0.362399193548387,0.5322580645161288,0.14465725806451613,0.5152384367156686,0.46310978875359377,0.5119165839126119,0.6080554847941344,0.9477596945951378,0.2849105887080571,0.9883463934096847,0.9507634934233742,0.552619407058826,0.9656524068695185,0.6828082912451134,0.18867317818240287,0.1110575183890028,0.3040315125205998,0.5090699871832056,0.7036533526850514,0.48039957856947746,0.7001276253382206,0.75
FARM0129,North India,Maize,0.24842044801838026,0.24120603015075393,0.630040322580645,0.5960046625668235,0.19188266023709077,0.10517529215358923,0.0,Organic,0.9501002450434397,2024-02-27,2024-07-05,0.6499999999999999,0.3763777665401171,SENS0129,2024-05-21,0.4404533430530969,0.4302200393753619,0.8166666666666667,Mild,0.16666666666666666,0.5714285714285714,0.5,0.7576105686387135,0.8871338311315337,0.628661688684664,0.8092973963853004,0.5485488268693133,0.8512608034182501,0.4813473985750601,0.6512096774193548,0.457157258064516,0.439516129032258,0.5604159196844747,0.48629769624542923,0.5329361138695798,0.6162236920171099,0.7920433996383366,0.7420132610006028,0.521599357042395,0.8680643047926224,0.7068071565970265,0.8978032204393562,0.7564265919537113,0.4925439125366776,0.6730575987780861,0.48450500422042697,0.5350216575764097,0.7033429095834927,0.46258243259062715,0.6924255691186666,0.25
FARM0098,East Africa,Maize,0.505456634118323,0.5075376884422109,0.49395161290322576,0.564974476466096,0.4723729154108901,0.015025041736226985,0.0,Mixed,0.10871018044107819,2024-02-19,2024-06-07,0.31666666666666665,0.7958930543709889,SENS0098,2024-05-21,0.8727222507103255,0.6291440265012613,0.5999999999999999,Moderate,0.16666666666666666,0.5714285714285714,0.5,0.24842044801838026,0.3400344629523263,0.9603676048248134,0.7185575573568584,0.49546405514263353,0.8515845013433461,0.48114722662598947,0.630040322580645,0.362399193548387,0.6829637096774193,0.5155969881678022,0.4392620392072319,0.5256537570340942,0.6155686264762896,0.19188266023709077,0.9477596945951378,0.7940526421539079,0.7873809403819989,0.7140145116230281,0.8331124333775133,0.7311623535776102,0.5960046625668235,0.18867317818240287,0.917922746091081,0.45287255241320623,0.604612098916779,0.45536348382565284,0.690687656367363,0.25
FARM0111,North India,Cotton,0.027283170591614003,0.4070351758793973,0.7752016129032255,0.768881385907794,0.9783001808318265,0.646076794657763,0.0,Inorganic,0.9942080641568278,2024-02-15,2024-07-09,0.9166666666666665,0.9170182628757174,SENS0111,2024-05-21,0.3758172224302335,0.6826891609603103,0.6666666666666665,Mild,0.16666666666666666,0.5714285714285714,0.5,0.505456634118323,0.7576105686387135,0.9106835152211373,0.5423481224758685,0.5633514479731809,0.8314504904023563,0.5304883013355245,0.49395161290322576,0.6512096774193548,0.14516129032258063,0.6649934265567112,0.3498377958932738,0.4979311486262823,0.5555938449288436,0.4723729154108901,0.7920433996383366,0.9698613622664255,0.7894975558131334,0.7175202209707627,0.8851696229660755,0.7740566284278053,0.564974476466096,0.4925439125366776,0.8744724466417464,0.4282961147337008,0.5538291628911589,0.47834705583954396,0.7063184731375235,0.0
FARM0440,South India,Wheat,0.6568064330844344,0.27638190954773867,0.629032258064516,0.04345029944933479,0.8848704038577456,0.41068447412353914,0.0,Organic,0.7130764089997773,2024-03-06,2024-06-20,0.2666666666666666,0.959204776173476,SENS0440,2024-05-21,0.3244793429935229,0.6307596981355794,0.38333333333333336,Mild,0.16666666666666666,0.5714285714285714,0.5,0.027283170591614003,0.24842044801838026,0.5470993681792075,0.5642310887062124,0.5773780194404968,0.8578642410902144,0.5204859716654661,0.7752016129032255,0.630040322580645,0.5322580645161288,0.6879407194932474,0.35462730252735675,0.5656239655743134,0.5216546398188482,0.9783001808318265,0.19188266023709077,0.2849105887080571,0.9399788338456891,0.651086649714835,0.9145822170835567,0.792891744696171,0.768881385907794,0.5960046625668235,0.1110575183890028,0.4125604587851175,0.5940069304285751,0.4716822101689624,0.7171593350877321,1.0
FARM0291,North India,Cotton,0.04939689833429067,0.42211055276381915,0.18044354838709664,0.5983359459785362,0.5909182238296163,0.8363939899833055,0.0,Mixed,0.35531298730229455,2024-02-27,2024-06-08,0.19999999999999996,0.711502416516342,SENS0291,2024-05-22,0.8098658669428004,0.0776537311459915,0.9166666666666665,Severe,0.3333333333333333,0.5714285714285714,0.5,0.6568064330844344,0.505456634118323,0.8871338311315337,0.397130008879214,0.5420201793528792,0.7894668695173661,0.5973177332044777,0.629032258064516,0.49395161290322576,0.457157258064516,0.6223258037528385,0.5135468864703121,0.49511751075802657,0.5686774145168335,0.8848704038577456,0.4723729154108901,0.7420132610006028,0.9020813385072832,0.6587167695908763,0.9765376046924783,0.7078614155217703,0.04345029944933479,0.564974476466096,0.6730575987780861,0.39516891038534574,0.5760976123569949,0.5061068404417217,0.714945231422881,0.0
FARM0178,Central USA,Maize,0.015795519816197645,0.8140703517587937,0.30544354838709675,0.28104023473612294,0.4892505525416918,0.696160267111853,0.0,Organic,0.13366005791935845,2024-03-15,2024-08-01,0.8166666666666664,0.8251453557851728,SENS0178,2024-05-22,0.729292227402751,0.6048284888553304,0.08333333333333331,Severe,0.3333333333333333,0.5714285714285714,0.5,0.04939689833429067,0.027283170591614003,0.3400344629523263,0.33245495947068426,0.5996847989127906,0.6967597837697859,0.6448131832023135,0.18044354838709664,0.7752016129032255,0.362399193548387,0.6088203657224813,0.5360737319897868,0.43545183714002,0.5632493351224197,0.5909182238296163,0.9783001808318265,0.9477596945951378,0.7870785667489797,0.6234129237500939,1.0,0.6745517181931668,0.5983359459785362,0.768881385907794,0.18867317818240287,0.41666744627704877,0.5430633133597396,0.39294494088266263,0.6912272971840091,0.25
FARM0326,North India,Soybean,0.8808156232050547,0.7336683417085426,0.055443548387096864,0.9492342939828773,0.673096242716496,0.8881469115191987,0.0,Inorganic,0.3653374916462464,2024-03-02,2024-06-23,0.3833333333333333,0.3628347082694925,SENS0326,2024-05-23,0.5591286772206815,0.06609778348357809,0.7166666666666666,Mild,0.5,0.5714285714285714,0.5,0.015795519816197645,0.6568064330844344,0.7576105686387135,0.35703033254088734,0.6573544059998534,0.701906580778817,0.6512891086260348,0.30544354838709675,0.629032258064516,0.6512096774193548,0.4675510935819289,0.6711345787884581,0.4208043694141015,0.5943346931119021,0.4892505525416918,0.8848704038577456,0.7920433996383366,0.7572443682910854,0.6046100056075869,0.9557542088491582,0.6381224407710578,0.28104023473612294,0.04345029944933479,0.4925439125366776,0.5229626441889401,0.6764364257779603,0.5182190658290085,0.7398037644934852,0.75
FARM0113,North India,Wheat,0.809017805858702,0.41708542713567853,0.7721774193548385,0.8873748944893285,0.01105083383564398,0.20534223706176968,0.0,Mixed,0.0325239474270439,2024-03-22,2024-08-04,0.75,0.8718302878434511,SENS0113,2024-05-23,0.7410445841838394,0.4018292719563705,0.23333333333333334,Mild,0.5,0.5714285714285714,0.5,0.8808156232050547,0.04939689833429067,0.24842044801838026,0.468851144272907,0.729615653746122,0.7222348104748648,0.6652343464389455,0.055443548387096864,0.18044354838709664,0.630040322580645,0.5012549300824669,0.726153937386247,0.47542204568023827,0.6375035195002987,0.673096242716496,0.5909182238296163,0.19188266023709077,0.711888323338205,0.7215362884495139,0.8840980231803952,0.7751257843225553,0.9492342939828773,0.5983359459785362,0.5960046625668235,0.5907793920910087,0.7384040556027639,0.596441253365591,0.7741344619257651,1.0
FARM0232,East Africa,Rice,0.6728891441700174,0.35678391959798983,0.660282258064516,0.9797017565014674,0.08257986738999412,0.27545909849749584,0.0,Inorganic,0.6700824237023837,2024-02-19,2024-05-31,0.19999999999999996,0.5151066864919126,SENS0232,2024-05-23,0.7040918533669468,0.9194691235877648,0.5499999999999998,Moderate,0.5,0.5714285714285714,0.5,0.809017805858702,0.015795519816197645,0.505456634118323,0.5022484461375417,0.7509866140578676,0.689832648172725,0.6300781527905016,0.7721774193548385,0.30544354838709675,0.49395161290322576,0.5406955898171386,0.7518143625328714,0.47169811320754684,0.6335449867988784,0.01105083383564398,0.4892505525416918,0.4723729154108901,0.6141208486619967,0.8420918076242327,0.7842418431516314,0.8475613137926035,0.8873748944893285,0.28104023473612294,0.564974476466096,0.6873076311382622,0.8100253823924971,0.6084364147188512,0.7887001655721388,0.5
FARM0268,North India,Wheat,0.3859850660539921,0.26633165829145744,0.8588709677419353,0.6626472125085415,0.8635724331926863,0.016694490818030094,0.0,Organic,0.9810648251280911,2024-03-23,2024-06-27,0.10000000000000009,0.90369157150297,SENS0268,2024-05-24,0.8673910474187593,0.5313066171036476,0.1833333333333333,Severe,0.6666666666666666,0.5714285714285714,0.5,0.6728891441700174,0.8808156232050547,0.027283170591614003,0.573797725775499,0.6707183211330658,0.6306930372576309,0.5954828471931701,0.660282258064516,0.055443548387096864,0.7752016129032255,0.560535436835186,0.7900061635329981,0.5888778550148954,0.634509214139106,0.08257986738999412,0.673096242716496,0.9783001808318265,0.5853449579196697,0.793812344844028,0.7693240461351909,0.8260556774967304,0.9797017565014674,0.9492342939828773,0.768881385907794,0.6625815082654294,0.8011683246183925,0.5673079174308346,0.761589018733087,1.0
FARM0363,Central USA,Soybean,0.38196438828259627,0.6381909547738696,0.706149193548387,0.9068692471562365,0.6837452280490256,0.5342237061769617,0.0,Inorganic,0.3882824682557363,2024-02-09,2024-05-28,0.31666666666666665,0.08489633258108098,SENS0363,2024-05-24,0.7571860884176057,0.29683920592352875,0.8666666666666665,Mild,0.6666666666666666,0.5714285714285714,0.5,0.3859850660539921,0.809017805858702,0.6568064330844344,0.5189757396958153,0.6599472994612706,0.612080406564594,0.5965728777209839,0.8588709677419353,0.7721774193548385,0.629032258064516,0.5788215608939882,0.8073374206490385,0.617428003972194,0.6478749374802842,0.8635724331926863,0.01105083383564398,0.8848704038577456,0.5348989568109663,0.7288695370337355,0.8253010349397933,0.8013226487543771,0.6626472125085415,0.8873748944893285,0.04345029944933479,0.8635432356325605,0.5719404442831506,0.7218246380770286,0.7217424185951817,0.75
FARM0365,Central USA,Cotton,0.6005169442848939,0.8140703517587937,0.7439516129032258,0.45480123799188077,0.022905364677516582,0.05008347245409006,0.0,Mixed,0.44330585876587214,2024-03-05,2024-06-03,0.0,0.39728233112689415,SENS0365,2024-05-24,0.3056554818921894,0.5756176183714303,0.11666666666666664,Mild,0.6666666666666666,0.5714285714285714,0.5,0.38196438828259627,0.6728891441700174,0.04939689833429067,0.6289061381147424,0.5672725013611863,0.5797753536399832,0.5576563225905514,0.706149193548387,0.660282258064516,0.18044354838709664,0.712441735389028,0.742202819640166,0.6645150612380011,0.6607607811460844,0.6837452280490256,0.08257986738999412,0.5909182238296163,0.39243058005341935,0.8160077083879006,0.7243732551253492,0.8827430754754534,0.9068692471562365,0.9797017565014674,0.5983359459785362,0.8301353715467159,0.6159898385979294,0.6794474577593943,0.7278976419321509,0.0
FARM0369,North India,Maize,0.9764503159103964,0.23115577889447225,0.4546370967741935,0.24884440692953902,0.5810729355033154,0.646076794657763,0.0,Organic,0.46892403653374926,2024-02-23,2024-06-17,0.41666666666666674,0.6852918311432473,SENS0369,2024-05-24,0.3836742804102672,0.42288447557265485,0.5999999999999999,,0.6666666666666666,0.5714285714285714,0.5,0.6005169442848939,0.3859850660539921,0.015795519816197645,0.8205253057600318,0.4436414599105028,0.6515068138413231,0.6131443074107022,0.7439516129032258,0.8588709677419353,0.30544354838709675,0.7478188119995219,0.6939809003033776,0.6796590532936113,0.648494675586791,0.022905364677516582,0.8635724331926863,0.4892505525416918,0.41546137176838216,0.8280360366042745,0.6729082654183465,0.8342798522129578,0.45480123799188077,0.6626472125085415,0.28104023473612294,0.822641756555744,0.6362046958524534,0.6911304483552507,0.7123980108708527,0.25
FARM0159,South India,Soybean,0.10482481332567495,0.10050251256281406,0.4531249999999998,0.3148840387475381,0.11673699015471173,0.3572621035058432,0.0,Inorganic,0.30786366674092225,2024-02-28,2024-06-04,0.1166666666666667,0.08506741338405366,SENS0159,2024-05-25,0.30432175022364316,0.7046945505380564,0.5999999999999999,Mild,0.8333333333333333,0.5714285714285714,0.5,0.9764503159103964,0.38196438828259627,0.8808156232050547,0.6657405550940908,0.5596627069987176,0.577930275466934,0.6258284920969961,0.4546370967741935,0.706149193548387,0.055443548387096864,0.8421178439106014,0.3956954928025683,0.647136709698775,0.6495746137017606,0.5810729355033154,0.6837452280490256,0.673096242716496,0.2759159401300211,0.8176588768970707,0.578128084374383,0.8518434888686416,0.24884440692953902,0.9068692471562365,0.9492342939828773,0.6749960239870523,0.6768499428916681,0.6566355796620755,0.7353570065461206,0.75
FARM0175,North India,Cotton,0.16915565766800694,0.9849246231155777,0.979838709677419,0.8117287672334099,0.12216194494675514,0.42237061769616036,0.0,Organic,0.9986633994208065,2024-03-05,2024-07-26,0.8833333333333333,0.5929031657496232,SENS0175,2024-05-25,0.9114628057297495,0.9144586288321377,0.06666666666666671,Severe,0.8333333333333333,0.5714285714285714,0.5,0.10482481332567495,0.6005169442848939,0.809017805858702,0.5381090138343884,0.5779085280814201,0.5689962127342763,0.6342219606227906,0.4531249999999998,0.7439516129032258,0.7721774193548385,0.8913589100035857,0.49419158525545953,0.704568023833168,0.7193748768406223,0.11673699015471173,0.022905364677516582,0.01105083383564398,0.30378470997329043,0.7843160961618532,0.5683426863314627,0.864541525187988,0.3148840387475381,0.45480123799188077,0.8873748944893285,0.657389303121872,0.6558532965065266,0.6985210910367969,0.7503745916123025,0.0
FARM0266,South India,Maize,0.15221137277426772,0.728643216080402,0.08669354838709675,0.7425137666304917,0.23950170785613822,0.621035058430718,0.0,Inorganic,0.012697705502339063,2024-03-26,2024-07-01,0.1166666666666667,0.30112988806786867,SENS0266,2024-05-25,0.022598930676541007,0.20830137172865015,0.5333333333333332,Mild,0.8333333333333333,0.5714285714285714,0.5,0.16915565766800694,0.9764503159103964,0.6728891441700174,0.4342508521181223,0.5889577638690906,0.5291813679474313,0.6501580937027222,0.979838709677419,0.4546370967741935,0.660282258064516,0.7553483924943234,0.7665230315004516,0.6377027474346244,0.8017187831133012,0.12216194494675514,0.5810729355033154,0.08257986738999412,0.34314367787128996,0.7483935799229225,0.5356588928682213,0.8784944749969854,0.8117287672334099,0.24884440692953902,0.9797017565014674,0.602183532757669,0.5734045606982638,0.7329925469231668,0.7552137302032443,0.25
FARM0031,South USA,Maize,0.766226306720276,0.16582914572864338,0.6118951612903225,0.7508742312793923,0.11050833835643958,0.8196994991652755,0.0,Organic,0.578970817554021,2024-02-19,2024-07-01,0.7166666666666668,0.9078704717049965,SENS0031,2024-05-25,0.396845245969058,0.715018966667134,0.08333333333333331,Mild,0.8333333333333333,0.5714285714285714,0.5,0.15221137277426772,0.10482481332567495,0.3859850660539921,0.5100965256494717,0.6458558116837192,0.6124688440747095,0.6341764785625368,0.08669354838709675,0.4531249999999998,0.8588709677419353,0.6967849886458706,0.7161560908647706,0.6108904336312477,0.7839661689964624,0.23950170785613822,0.11673699015471173,0.8635724331926863,0.15426094844529592,0.5878482994817624,0.4138631172273768,0.8162043454824298,0.7425137666304917,0.3148840387475381,0.6626472125085415,0.6227184702173241,0.5873912746594625,0.7294962344402387,0.7535584292837382,0.25
FARM0218,Central USA,Cotton,0.16484778862722577,0.3115577889447234,0.7918346774193548,0.7149805056473333,0.6391400442033356,0.27545909849749584,0.0,Organic,0.6801069280463355,2024-02-16,2024-06-14,0.4833333333333334,0.4422614869437672,SENS0218,2024-05-25,0.3055796930395326,0.5514461332633691,0.1833333333333333,,0.8333333333333333,0.5714285714285714,0.5,0.766226306720276,0.16915565766800694,0.38196438828259627,0.46678887520407863,0.6777887575262976,0.5570193895057132,0.6437434955765673,0.6118951612903225,0.979838709677419,0.706149193548387,0.717102904266762,0.737157770596643,0.6376199933796758,0.80360679776576,0.11050833835643958,0.12216194494675514,0.6837452280490256,0.14307312402358496,0.5612997334814762,0.3793745241250952,0.7573137724420473,0.7508742312793923,0.8117287672334099,0.9068692471562365,0.5780561506581472,0.5229476083089499,0.8598821555390803,0.6302357331004813,0.0
FARM0444,South USA,Wheat,0.9540493968983345,0.045226130653266416,1.0,0.9421600546645768,0.12155917219208368,0.1719532554257095,0.0,Organic,0.5074626865671642,2024-02-24,2024-06-22,0.4833333333333334,0.3075152274494116,SENS0444,2024-05-26,0.19754602661425857,0.4236113475546617,0.5999999999999999,Moderate,1.0,0.5714285714285714,0.5,0.16484778862722577,0.15221137277426772,0.6005169442848939,0.5373070203076219,0.7755271156517269,0.6589842359110476,0.6559778223643311,0.7918346774193548,0.08669354838709675,0.7439516129032258,0.7778176168280151,0.8298704661047092,0.7721780867262495,0.8115132891265991,0.6391400442033356,0.23950170785613822,0.022905364677516582,0.16781736632565658,0.5306742676053436,0.31349933730013246,0.7574064673374641,0.7149805056473333,0.7425137666304917,0.45480123799188077,0.6914894612268574,0.5873874369193638,0.9266398720099895,0.6545413730332841,1.0
FARM0101,Central USA,Soybean,0.48219414129810456,0.9547738693467336,0.2812499999999998,0.29924836207243066,0.9411291942937511,0.981636060100167,0.0,Mixed,0.2067275562486077,2024-03-16,2024-07-04,0.33333333333333326,0.47692547669904617,SENS0101,2024-05-26,0.9343795050927869,0.79552280506392,0.26666666666666666,,1.0,0.5714285714285714,0.5,0.9540493968983345,0.766226306720276,0.9764503159103964,0.43871910176725015,0.6522835485517272,0.7115527789466867,0.6000937743510719,1.0,0.6118951612903225,0.4546370967741935,0.7367037169833872,0.8830270670944068,0.7682058920887127,0.816757570746129,0.12155917219208368,0.11050833835643958,0.5810729355033154,0.2581262913873912,0.7530109430261739,0.3769211246157753,0.8572082365290726,0.9421600546645768,0.7508742312793923,0.24884440692953902,0.7032210382539223,0.559401576858637,0.9301752058375932,0.6491143358351962,0.75
FARM0298,South USA,Cotton,0.3788052843193568,0.5427135678391961,0.6678427419354838,0.47650629044575754,0.1844484629294756,0.38397328881469117,0.0,Inorganic,0.15348629984406328,2024-03-05,2024-06-11,0.1333333333333333,0.00574881815871775,SENS0298,2024-05-26,0.015552208870714845,0.7213524215046356,0.4833333333333332,Severe,1.0,0.5714285714285714,0.5,0.48219414129810456,0.16484778862722577,0.10482481332567495,0.4933692320911981,0.6057997316951379,0.6549703816398535,0.5734145853294823,0.2812499999999998,0.7918346774193548,0.4531249999999998,0.7876180231863272,0.8684456005539427,0.8687520688513741,0.6955264547633395,0.9411291942937511,0.6391400442033356,0.11673699015471173,0.2751096104419697,0.7388023263083001,0.3083387383322522,0.8359620221922874,0.29924836207243066,0.7149805056473333,0.3148840387475381,0.7408387984021105,0.48904007401375343,0.8383891988917942,0.6350350734460186,0.0
FARM0207,North India,Cotton,0.3848363009764504,0.9547738693467336,0.9838709677419355,0.3134772297921943,0.5501306007635122,0.0116861435726211,0.0,Organic,0.6210737357986189,2024-02-27,2024-06-10,0.2333333333333334,0.911354985118486,SENS0207,2024-05-27,0.7100207596597358,0.3672564125159976,0.5833333333333333,Mild,0.0,0.5714285714285714,0.5,0.3788052843193568,0.9540493968983345,0.16915565766800694,0.5363904562770315,0.5665775987070335,0.60716019810313,0.5498216391853415,0.6678427419354838,1.0,0.979838709677419,0.7885741603920167,0.8701858704577926,0.9035087719298245,0.7329202780181399,0.1844484629294756,0.12155917219208368,0.12216194494675514,0.3824522501637857,0.7229740182355302,0.3839993232001353,0.811336584324343,0.47650629044575754,0.9421600546645768,0.8117287672334099,0.6248701948714113,0.5527331742211115,0.7269598470363288,0.6505438778077707,0.0
FARM0428,South USA,Rice,0.22343480758184964,0.7487437185929648,0.47832661290322576,0.517665501024961,0.7850110508338356,0.7579298831385644,0.0,Inorganic,0.7928269102249945,2024-02-28,2024-06-09,0.19999999999999996,0.42559117223056664,SENS0428,2024-05-27,0.4178978118040678,0.4382959941678002,0.8499999999999999,,0.0,0.5714285714285714,0.5,0.3848363009764504,0.48219414129810456,0.15221137277426772,0.5505971987511816,0.5444235209044122,0.5565014728255593,0.5510557793441394,0.9838709677419355,0.2812499999999998,0.08669354838709675,0.8814389864945622,0.6637591145611096,0.8736345580933462,0.7450650089616069,0.5501306007635122,0.9411291942937511,0.23950170785613822,0.5192763191049743,0.7703751459378476,0.4825865034826995,0.8254158010282996,0.3134772297921943,0.29924836207243066,0.7425137666304917,0.5725365091541852,0.5386179654591636,0.6372497756272681,0.59668558912537,0.5
