filepath,label,split,class_id,predicted_class_id,predicted_label,confidence
R:\Developments\ARIS\Disease\Validation\American Bollworm on Cotton\Image_1.jpg,American Bollworm on Cotton,val,0,0,American Bollworm on Cotton,0.36348316
R:\Developments\ARIS\Disease\Validation\American Bollworm on Cotton\Image_10.jpg,American Bollworm on Cotton,val,0,36,bollworm on Cotton,0.40820363
R:\Developments\ARIS\Disease\Validation\American Bollworm on Cotton\Image_12.jpg,American Bollworm on Cotton,val,0,35,bollrot on Cotton,0.19516318
R:\Developments\ARIS\Disease\Validation\American Bollworm on Cotton\Image_13.jpg,American Bollworm on Cotton,val,0,35,bollrot on Cotton,0.15407641
R:\Developments\ARIS\Disease\Validation\American Bollworm on Cotton\Image_14.jpg,American Bollworm on Cotton,val,0,42,pink bollworm in cotton,0.41455817
R:\Developments\ARIS\Disease\Validation\American Bollworm on Cotton\Image_15.jpg,American Bollworm on Cotton,val,0,36,bollworm on Cotton,0.6148996
R:\Developments\ARIS\Disease\Validation\American Bollworm on Cotton\Image_16.jpg,American Bollworm on Cotton,val,0,0,American Bollworm on Cotton,0.21182811
R:\Developments\ARIS\Disease\Validation\American Bollworm on Cotton\Image_17.jpg,American Bollworm on Cotton,val,0,36,bollworm on Cotton,0.665268
R:\Developments\ARIS\Disease\Validation\American Bollworm on Cotton\Image_18.jpg,American Bollworm on Cotton,val,0,36,bollworm on Cotton,0.52758163
R:\Developments\ARIS\Disease\Validation\American Bollworm on Cotton\Image_19.jpg,American Bollworm on Cotton,val,0,40,maize fall armyworm,0.47564456
R:\Developments\ARIS\Disease\Validation\American Bollworm on Cotton\Image_2.jpg,American Bollworm on Cotton,val,0,36,bollworm on Cotton,0.22723071
R:\Developments\ARIS\Disease\Validation\American Bollworm on Cotton\Image_20.jpg,American Bollworm on Cotton,val,0,0,American Bollworm on Cotton,0.20669098
R:\Developments\ARIS\Disease\Validation\American Bollworm on Cotton\Image_21.jpg,American Bollworm on Cotton,val,0,36,bollworm on Cotton,0.22200246
R:\Developments\ARIS\Disease\Validation\American Bollworm on Cotton\Image_22.jpg,American Bollworm on Cotton,val,0,36,bollworm on Cotton,0.37556434
R:\Developments\ARIS\Disease\Validation\American Bollworm on Cotton\Image_23.jpg,American Bollworm on Cotton,val,0,36,bollworm on Cotton,0.39814112
R:\Developments\ARIS\Disease\Validation\American Bollworm on Cotton\Image_24.jpg,American Bollworm on Cotton,val,0,0,American Bollworm on Cotton,0.5521062
R:\Developments\ARIS\Disease\Validation\American Bollworm on Cotton\Image_25.jpg,American Bollworm on Cotton,val,0,36,bollworm on Cotton,0.81740874
R:\Developments\ARIS\Disease\Validation\American Bollworm on Cotton\Image_26.jpg,American Bollworm on Cotton,val,0,0,American Bollworm on Cotton,0.18337072
R:\Developments\ARIS\Disease\Validation\American Bollworm on Cotton\Image_27.jpg,American Bollworm on Cotton,val,0,36,bollworm on Cotton,0.25312963
R:\Developments\ARIS\Disease\Validation\American Bollworm on Cotton\Image_28.jpg,American Bollworm on Cotton,val,0,36,bollworm on Cotton,0.69347906
R:\Developments\ARIS\Disease\Validation\American Bollworm on Cotton\Image_29.jpg,American Bollworm on Cotton,val,0,36,bollworm on Cotton,0.50141424
R:\Developments\ARIS\Disease\Validation\American Bollworm on Cotton\Image_3.jpg,American Bollworm on Cotton,val,0,36,bollworm on Cotton,0.58669317
R:\Developments\ARIS\Disease\Validation\American Bollworm on Cotton\Image_31.jpg,American Bollworm on Cotton,val,0,36,bollworm on Cotton,0.34750447
R:\Developments\ARIS\Disease\Validation\American Bollworm on Cotton\Image_32.jpeg,American Bollworm on Cotton,val,0,36,bollworm on Cotton,0.4735684
R:\Developments\ARIS\Disease\Validation\American Bollworm on Cotton\Image_4.jpg,American Bollworm on Cotton,val,0,36,bollworm on Cotton,0.34595072
R:\Developments\ARIS\Disease\Validation\American Bollworm on Cotton\Image_5.jpg,American Bollworm on Cotton,val,0,36,bollworm on Cotton,0.75754625
R:\Developments\ARIS\Disease\Validation\American Bollworm on Cotton\Image_6.jpg,American Bollworm on Cotton,val,0,0,American Bollworm on Cotton,0.29960725
R:\Developments\ARIS\Disease\Validation\American Bollworm on Cotton\Image_7.jpg,American Bollworm on Cotton,val,0,36,bollworm on Cotton,0.5165594
R:\Developments\ARIS\Disease\Validation\American Bollworm on Cotton\Image_8.jpg,American Bollworm on Cotton,val,0,36,bollworm on Cotton,0.44137073
R:\Developments\ARIS\Disease\Validation\American Bollworm on Cotton\Image_9.jpg,American Bollworm on Cotton,val,0,1,Anthracnose on Cotton,0.23996091
R:\Developments\ARIS\Disease\Validation\Anthracnose on Cotton\Image_10.jpg,Anthracnose on Cotton,val,1,1,Anthracnose on Cotton,0.68291044
R:\Developments\ARIS\Disease\Validation\Anthracnose on Cotton\Image_11.jpg,Anthracnose on Cotton,val,1,1,Anthracnose on Cotton,0.7689468
R:\Developments\ARIS\Disease\Validation\Anthracnose on Cotton\Image_12.jpg,Anthracnose on Cotton,val,1,1,Anthracnose on Cotton,0.6297015
R:\Developments\ARIS\Disease\Validation\Anthracnose on Cotton\Image_13.jpg,Anthracnose on Cotton,val,1,1,Anthracnose on Cotton,0.7540679
R:\Developments\ARIS\Disease\Validation\Anthracnose on Cotton\Image_14.jpg,Anthracnose on Cotton,val,1,1,Anthracnose on Cotton,0.5047634
R:\Developments\ARIS\Disease\Validation\Anthracnose on Cotton\Image_5.jpg,Anthracnose on Cotton,val,1,1,Anthracnose on Cotton,0.49654317
R:\Developments\ARIS\Disease\Validation\Anthracnose on Cotton\Image_6.jpg,Anthracnose on Cotton,val,1,1,Anthracnose on Cotton,0.4616787
R:\Developments\ARIS\Disease\Validation\Anthracnose on Cotton\Image_7.jpg,Anthracnose on Cotton,val,1,1,Anthracnose on Cotton,0.90590745
R:\Developments\ARIS\Disease\Validation\Anthracnose on Cotton\Image_8.jpg,Anthracnose on Cotton,val,1,1,Anthracnose on Cotton,0.73313445
R:\Developments\ARIS\Disease\Validation\Anthracnose on Cotton\Image_9.jpg,Anthracnose on Cotton,val,1,1,Anthracnose on Cotton,0.8750644
R:\Developments\ARIS\Disease\Validation\Army worm\1.jpg,Army worm,val,2,2,Army worm,0.5886496
R:\Developments\ARIS\Disease\Validation\Army worm\10.jpg,Army worm,val,2,2,Army worm,0.43644798
R:\Developments\ARIS\Disease\Validation\Army worm\11.jpg,Army worm,val,2,2,Army worm,0.5463478
R:\Developments\ARIS\Disease\Validation\Army worm\12.jpg,Army worm,val,2,2,Army worm,0.41026163
R:\Developments\ARIS\Disease\Validation\Army worm\13.jpg,Army worm,val,2,36,bollworm on Cotton,0.35650656
R:\Developments\ARIS\Disease\Validation\Army worm\14.jpg,Army worm,val,2,2,Army worm,0.40529016
R:\Developments\ARIS\Disease\Validation\Army worm\15.jpg,Army worm,val,2,2,Army worm,0.3570168
R:\Developments\ARIS\Disease\Validation\Army worm\16.jpg,Army worm,val,2,1,Anthracnose on Cotton,0.48730552
R:\Developments\ARIS\Disease\Validation\Army worm\17.jpg,Army worm,val,2,40,maize fall armyworm,0.29688415
R:\Developments\ARIS\Disease\Validation\Army worm\18.jpg,Army worm,val,2,2,Army worm,0.4018146
R:\Developments\ARIS\Disease\Validation\Army worm\19.jpg,Army worm,val,2,1,Anthracnose on Cotton,0.19607122
R:\Developments\ARIS\Disease\Validation\Army worm\2.jpg,Army worm,val,2,2,Army worm,0.1988454
R:\Developments\ARIS\Disease\Validation\Army worm\20.jpg,Army worm,val,2,2,Army worm,0.3700684
R:\Developments\ARIS\Disease\Validation\Army worm\21.jpg,Army worm,val,2,1,Anthracnose on Cotton,0.19475877
R:\Developments\ARIS\Disease\Validation\Army worm\22.jpg,Army worm,val,2,2,Army worm,0.11808673
R:\Developments\ARIS\Disease\Validation\Army worm\23.jpg,Army worm,val,2,2,Army worm,0.25544456
R:\Developments\ARIS\Disease\Validation\Army worm\24.jpg,Army worm,val,2,2,Army worm,0.3004903
R:\Developments\ARIS\Disease\Validation\Army worm\25.jpg,Army worm,val,2,2,Army worm,0.20542276
R:\Developments\ARIS\Disease\Validation\Army worm\26.jpg,Army worm,val,2,38,cotton whitefly,0.35832843
R:\Developments\ARIS\Disease\Validation\Army worm\27.jpg,Army worm,val,2,2,Army worm,0.427886
R:\Developments\ARIS\Disease\Validation\Army worm\28.jpg,Army worm,val,2,2,Army worm,0.27179387
R:\Developments\ARIS\Disease\Validation\Army worm\29.jpg,Army worm,val,2,0,American Bollworm on Cotton,0.15663978
R:\Developments\ARIS\Disease\Validation\Army worm\3.jpg,Army worm,val,2,2,Army worm,0.8072779
R:\Developments\ARIS\Disease\Validation\Army worm\30.jpg,Army worm,val,2,2,Army worm,0.6183771
R:\Developments\ARIS\Disease\Validation\Army worm\31.jpg,Army worm,val,2,2,Army worm,0.38444003
R:\Developments\ARIS\Disease\Validation\Army worm\32.jpg,Army worm,val,2,2,Army worm,0.4386905
R:\Developments\ARIS\Disease\Validation\Army worm\33.jpg,Army worm,val,2,2,Army worm,0.68502575
R:\Developments\ARIS\Disease\Validation\Army worm\34.jpg,Army worm,val,2,2,Army worm,0.63222885
R:\Developments\ARIS\Disease\Validation\Army worm\35.jpg,Army worm,val,2,2,Army worm,0.9314043
R:\Developments\ARIS\Disease\Validation\Army worm\36.jpg,Army worm,val,2,2,Army worm,0.5428694
R:\Developments\ARIS\Disease\Validation\Army worm\37.jpg,Army worm,val,2,2,Army worm,0.69540405
R:\Developments\ARIS\Disease\Validation\Army worm\38.jpg,Army worm,val,2,2,Army worm,0.5543829
R:\Developments\ARIS\Disease\Validation\Army worm\39.jpg,Army worm,val,2,2,Army worm,0.38131225
R:\Developments\ARIS\Disease\Validation\Army worm\4.jpg,Army worm,val,2,2,Army worm,0.6564026
R:\Developments\ARIS\Disease\Validation\Army worm\40.jpg,Army worm,val,2,2,Army worm,0.57050246
R:\Developments\ARIS\Disease\Validation\Army worm\5.jpg,Army worm,val,2,2,Army worm,0.2513081
R:\Developments\ARIS\Disease\Validation\Army worm\6.jpg,Army worm,val,2,12,Healthy cotton,0.37946245
R:\Developments\ARIS\Disease\Validation\Army worm\7.jpg,Army worm,val,2,2,Army worm,0.60747176
R:\Developments\ARIS\Disease\Validation\Army worm\8.jpg,Army worm,val,2,36,bollworm on Cotton,0.28057912
R:\Developments\ARIS\Disease\Validation\Army worm\9.jpg,Army worm,val,2,37,cotton mealy bug,0.21049452
R:\Developments\ARIS\Disease\Validation\Army worm\contrast_1.jpg,Army worm,val,2,2,Army worm,0.58408433
R:\Developments\ARIS\Disease\Validation\Army worm\contrast_10.jpg,Army worm,val,2,2,Army worm,0.45092162
R:\Developments\ARIS\Disease\Validation\Army worm\contrast_11.jpg,Army worm,val,2,2,Army worm,0.5117747
R:\Developments\ARIS\Disease\Validation\Army worm\contrast_12.jpg,Army worm,val,2,2,Army worm,0.33768597
R:\Developments\ARIS\Disease\Validation\Army worm\contrast_13.jpg,Army worm,val,2,36,bollworm on Cotton,0.34924737
R:\Developments\ARIS\Disease\Validation\Army worm\contrast_14.jpg,Army worm,val,2,2,Army worm,0.52206784
R:\Developments\ARIS\Disease\Validation\Army worm\contrast_15.jpg,Army worm,val,2,2,Army worm,0.37100506
R:\Developments\ARIS\Disease\Validation\Army worm\contrast_16.jpg,Army worm,val,2,1,Anthracnose on Cotton,0.43196902
R:\Developments\ARIS\Disease\Validation\Army worm\contrast_17.jpg,Army worm,val,2,40,maize fall armyworm,0.21764182
R:\Developments\ARIS\Disease\Validation\Army worm\contrast_18.jpg,Army worm,val,2,2,Army worm,0.45801416
R:\Developments\ARIS\Disease\Validation\Army worm\contrast_19.jpg,Army worm,val,2,1,Anthracnose on Cotton,0.16099147
R:\Developments\ARIS\Disease\Validation\Army worm\contrast_2.jpg,Army worm,val,2,2,Army worm,0.30691555
R:\Developments\ARIS\Disease\Validation\Army worm\contrast_20.jpg,Army worm,val,2,2,Army worm,0.5364749
R:\Developments\ARIS\Disease\Validation\Army worm\contrast_21.jpg,Army worm,val,2,1,Anthracnose on Cotton,0.20463832
R:\Developments\ARIS\Disease\Validation\Army worm\contrast_22.jpg,Army worm,val,2,2,Army worm,0.11573834
R:\Developments\ARIS\Disease\Validation\Army worm\contrast_23.jpg,Army worm,val,2,2,Army worm,0.26586398
R:\Developments\ARIS\Disease\Validation\Army worm\contrast_24.jpg,Army worm,val,2,2,Army worm,0.2900264
R:\Developments\ARIS\Disease\Validation\Army worm\contrast_25.jpg,Army worm,val,2,2,Army worm,0.2331148
R:\Developments\ARIS\Disease\Validation\Army worm\contrast_26.jpg,Army worm,val,2,38,cotton whitefly,0.25618222
R:\Developments\ARIS\Disease\Validation\Army worm\contrast_27.jpg,Army worm,val,2,2,Army worm,0.5273577
R:\Developments\ARIS\Disease\Validation\Army worm\contrast_28.jpg,Army worm,val,2,2,Army worm,0.24912791
R:\Developments\ARIS\Disease\Validation\Army worm\contrast_29.jpg,Army worm,val,2,0,American Bollworm on Cotton,0.17180128
R:\Developments\ARIS\Disease\Validation\Army worm\contrast_3.jpg,Army worm,val,2,2,Army worm,0.7832357
R:\Developments\ARIS\Disease\Validation\Army worm\contrast_30.jpg,Army worm,val,2,2,Army worm,0.4586297
R:\Developments\ARIS\Disease\Validation\Army worm\contrast_31.jpg,Army worm,val,2,2,Army worm,0.22843926
R:\Developments\ARIS\Disease\Validation\Army worm\contrast_32.jpg,Army worm,val,2,2,Army worm,0.43488154
R:\Developments\ARIS\Disease\Validation\Army worm\contrast_33.jpg,Army worm,val,2,2,Army worm,0.67003345
R:\Developments\ARIS\Disease\Validation\Army worm\contrast_34.jpg,Army worm,val,2,2,Army worm,0.72762585
R:\Developments\ARIS\Disease\Validation\Army worm\contrast_35.jpg,Army worm,val,2,2,Army worm,0.74634886
R:\Developments\ARIS\Disease\Validation\Army worm\contrast_36.jpg,Army worm,val,2,2,Army worm,0.521416
R:\Developments\ARIS\Disease\Validation\Army worm\contrast_37.jpg,Army worm,val,2,2,Army worm,0.6421693
R:\Developments\ARIS\Disease\Validation\Army worm\contrast_38.jpg,Army worm,val,2,2,Army worm,0.5275318
R:\Developments\ARIS\Disease\Validation\Army worm\contrast_39.jpg,Army worm,val,2,2,Army worm,0.38918075
R:\Developments\ARIS\Disease\Validation\Army worm\contrast_4.jpg,Army worm,val,2,2,Army worm,0.49415842
R:\Developments\ARIS\Disease\Validation\Army worm\contrast_40.jpg,Army worm,val,2,2,Army worm,0.5064922
R:\Developments\ARIS\Disease\Validation\Army worm\contrast_5.jpg,Army worm,val,2,2,Army worm,0.3817447
R:\Developments\ARIS\Disease\Validation\Army worm\contrast_6.jpg,Army worm,val,2,12,Healthy cotton,0.3475411
R:\Developments\ARIS\Disease\Validation\Army worm\contrast_7.jpg,Army worm,val,2,2,Army worm,0.6631163
R:\Developments\ARIS\Disease\Validation\Army worm\contrast_8.jpg,Army worm,val,2,2,Army worm,0.24670458
R:\Developments\ARIS\Disease\Validation\Army worm\contrast_9.jpg,Army worm,val,2,38,cotton whitefly,0.22894776
R:\Developments\ARIS\Disease\Validation\Army worm\crop_1.jpg,Army worm,val,2,2,Army worm,0.59991914
R:\Developments\ARIS\Disease\Validation\Army worm\crop_10.jpg,Army worm,val,2,2,Army worm,0.13677987
R:\Developments\ARIS\Disease\Validation\Army worm\crop_11.jpg,Army worm,val,2,2,Army worm,0.32342184
R:\Developments\ARIS\Disease\Validation\Army worm\crop_12.jpg,Army worm,val,2,2,Army worm,0.6133507
R:\Developments\ARIS\Disease\Validation\Army worm\crop_13.jpg,Army worm,val,2,2,Army worm,0.32085195
R:\Developments\ARIS\Disease\Validation\Army worm\crop_14.jpg,Army worm,val,2,2,Army worm,0.24915099
R:\Developments\ARIS\Disease\Validation\Army worm\crop_15.jpg,Army worm,val,2,36,bollworm on Cotton,0.30274722
R:\Developments\ARIS\Disease\Validation\Army worm\crop_16.jpg,Army worm,val,2,1,Anthracnose on Cotton,0.23026906
R:\Developments\ARIS\Disease\Validation\Army worm\crop_17.jpg,Army worm,val,2,2,Army worm,0.23955615
R:\Developments\ARIS\Disease\Validation\Army worm\crop_18.jpg,Army worm,val,2,36,bollworm on Cotton,0.20468672
R:\Developments\ARIS\Disease\Validation\Army worm\crop_19.jpg,Army worm,val,2,34,bacterial_blight in Cotton,0.22778958
R:\Developments\ARIS\Disease\Validation\Army worm\crop_2.jpg,Army worm,val,2,2,Army worm,0.3993632
R:\Developments\ARIS\Disease\Validation\Army worm\crop_20.jpg,Army worm,val,2,2,Army worm,0.3604355
R:\Developments\ARIS\Disease\Validation\Army worm\crop_21.jpg,Army worm,val,2,43,red cotton bug,0.118559234
R:\Developments\ARIS\Disease\Validation\Army worm\crop_22.jpg,Army worm,val,2,3,Bacterial Blight in cotton,0.17471226
R:\Developments\ARIS\Disease\Validation\Army worm\crop_23.jpg,Army worm,val,2,44,thirps on  cotton,0.28148064
R:\Developments\ARIS\Disease\Validation\Army worm\crop_24.jpg,Army worm,val,2,2,Army worm,0.41345787
R:\Developments\ARIS\Disease\Validation\Army worm\crop_25.jpg,Army worm,val,2,2,Army worm,0.1714815
R:\Developments\ARIS\Disease\Validation\Army worm\crop_26.jpg,Army worm,val,2,38,cotton whitefly,0.2758045
R:\Developments\ARIS\Disease\Validation\Army worm\crop_27.jpg,Army worm,val,2,2,Army worm,0.49246797
R:\Developments\ARIS\Disease\Validation\Army worm\crop_28.jpg,Army worm,val,2,2,Army worm,0.28539857
R:\Developments\ARIS\Disease\Validation\Army worm\crop_29.jpg,Army worm,val,2,36,bollworm on Cotton,0.19675016
R:\Developments\ARIS\Disease\Validation\Army worm\crop_3.jpg,Army worm,val,2,2,Army worm,0.8169765
R:\Developments\ARIS\Disease\Validation\Army worm\crop_30.jpg,Army worm,val,2,2,Army worm,0.6813097
R:\Developments\ARIS\Disease\Validation\Army worm\crop_31.jpg,Army worm,val,2,2,Army worm,0.2590199
R:\Developments\ARIS\Disease\Validation\Army worm\crop_32.jpg,Army worm,val,2,2,Army worm,0.37010726
R:\Developments\ARIS\Disease\Validation\Army worm\crop_33.jpg,Army worm,val,2,2,Army worm,0.7508576
R:\Developments\ARIS\Disease\Validation\Army worm\crop_34.jpg,Army worm,val,2,43,red cotton bug,0.39341065
R:\Developments\ARIS\Disease\Validation\Army worm\crop_35.jpg,Army worm,val,2,2,Army worm,0.8701992
R:\Developments\ARIS\Disease\Validation\Army worm\crop_36.jpg,Army worm,val,2,2,Army worm,0.59815973
R:\Developments\ARIS\Disease\Validation\Army worm\crop_37.jpg,Army worm,val,2,2,Army worm,0.7844517
R:\Developments\ARIS\Disease\Validation\Army worm\crop_38.jpg,Army worm,val,2,2,Army worm,0.48743907
R:\Developments\ARIS\Disease\Validation\Army worm\crop_39.jpg,Army worm,val,2,2,Army worm,0.7033534
R:\Developments\ARIS\Disease\Validation\Army worm\crop_4.jpg,Army worm,val,2,2,Army worm,0.4325074
R:\Developments\ARIS\Disease\Validation\Army worm\crop_40.jpg,Army worm,val,2,2,Army worm,0.382545
R:\Developments\ARIS\Disease\Validation\Army worm\crop_5.jpg,Army worm,val,2,0,American Bollworm on Cotton,0.21471913
R:\Developments\ARIS\Disease\Validation\Army worm\crop_6.jpg,Army worm,val,2,2,Army worm,0.50193393
R:\Developments\ARIS\Disease\Validation\Army worm\crop_7.jpg,Army worm,val,2,2,Army worm,0.7827638
R:\Developments\ARIS\Disease\Validation\Army worm\crop_8.jpg,Army worm,val,2,36,bollworm on Cotton,0.34098622
R:\Developments\ARIS\Disease\Validation\Army worm\crop_9.jpg,Army worm,val,2,38,cotton whitefly,0.15199696
R:\Developments\ARIS\Disease\Validation\Army worm\flip_1.jpg,Army worm,val,2,2,Army worm,0.58927935
R:\Developments\ARIS\Disease\Validation\Army worm\flip_10.jpg,Army worm,val,2,2,Army worm,0.5585403
R:\Developments\ARIS\Disease\Validation\Army worm\flip_11.jpg,Army worm,val,2,2,Army worm,0.4622457
R:\Developments\ARIS\Disease\Validation\Army worm\flip_12.jpg,Army worm,val,2,2,Army worm,0.33957252
R:\Developments\ARIS\Disease\Validation\Army worm\flip_13.jpg,Army worm,val,2,36,bollworm on Cotton,0.348583
R:\Developments\ARIS\Disease\Validation\Army worm\flip_14.jpg,Army worm,val,2,2,Army worm,0.43323398
R:\Developments\ARIS\Disease\Validation\Army worm\flip_15.jpg,Army worm,val,2,2,Army worm,0.3524715
R:\Developments\ARIS\Disease\Validation\Army worm\flip_16.jpg,Army worm,val,2,1,Anthracnose on Cotton,0.36698425
R:\Developments\ARIS\Disease\Validation\Army worm\flip_17.jpg,Army worm,val,2,40,maize fall armyworm,0.2919753
R:\Developments\ARIS\Disease\Validation\Army worm\flip_18.jpg,Army worm,val,2,2,Army worm,0.46387866
R:\Developments\ARIS\Disease\Validation\Army worm\flip_19.jpg,Army worm,val,2,12,Healthy cotton,0.22197036
R:\Developments\ARIS\Disease\Validation\Army worm\flip_2.jpg,Army worm,val,2,2,Army worm,0.22471838
R:\Developments\ARIS\Disease\Validation\Army worm\flip_20.jpg,Army worm,val,2,2,Army worm,0.3801016
R:\Developments\ARIS\Disease\Validation\Army worm\flip_21.jpg,Army worm,val,2,44,thirps on  cotton,0.23866397
R:\Developments\ARIS\Disease\Validation\Army worm\flip_22.jpg,Army worm,val,2,2,Army worm,0.13188644
R:\Developments\ARIS\Disease\Validation\Army worm\flip_23.jpg,Army worm,val,2,2,Army worm,0.19949657
R:\Developments\ARIS\Disease\Validation\Army worm\flip_24.jpg,Army worm,val,2,2,Army worm,0.36662325
R:\Developments\ARIS\Disease\Validation\Army worm\flip_25.jpg,Army worm,val,2,1,Anthracnose on Cotton,0.18571548
R:\Developments\ARIS\Disease\Validation\Army worm\flip_26.jpg,Army worm,val,2,38,cotton whitefly,0.34807137
R:\Developments\ARIS\Disease\Validation\Army worm\flip_27.jpg,Army worm,val,2,2,Army worm,0.37663642
R:\Developments\ARIS\Disease\Validation\Army worm\flip_28.jpg,Army worm,val,2,2,Army worm,0.23676074
R:\Developments\ARIS\Disease\Validation\Army worm\flip_29.jpg,Army worm,val,2,44,thirps on  cotton,0.14357977
R:\Developments\ARIS\Disease\Validation\Army worm\flip_3.jpg,Army worm,val,2,2,Army worm,0.78408164
R:\Developments\ARIS\Disease\Validation\Army worm\flip_30.jpg,Army worm,val,2,2,Army worm,0.58182037
R:\Developments\ARIS\Disease\Validation\Army worm\flip_31.jpg,Army worm,val,2,2,Army worm,0.4112672
R:\Developments\ARIS\Disease\Validation\Army worm\flip_32.jpg,Army worm,val,2,2,Army worm,0.60774124
R:\Developments\ARIS\Disease\Validation\Army worm\flip_33.jpg,Army worm,val,2,2,Army worm,0.6805632
R:\Developments\ARIS\Disease\Validation\Army worm\flip_34.jpg,Army worm,val,2,2,Army worm,0.6315287
R:\Developments\ARIS\Disease\Validation\Army worm\flip_35.jpg,Army worm,val,2,2,Army worm,0.94648165
R:\Developments\ARIS\Disease\Validation\Army worm\flip_36.jpg,Army worm,val,2,2,Army worm,0.32265833
R:\Developments\ARIS\Disease\Validation\Army worm\flip_37.jpg,Army worm,val,2,2,Army worm,0.64337295
R:\Developments\ARIS\Disease\Validation\Army worm\flip_38.jpg,Army worm,val,2,2,Army worm,0.56075144
R:\Developments\ARIS\Disease\Validation\Army worm\flip_39.jpg,Army worm,val,2,2,Army worm,0.41011214
R:\Developments\ARIS\Disease\Validation\Army worm\flip_4.jpg,Army worm,val,2,2,Army worm,0.6053595
R:\Developments\ARIS\Disease\Validation\Army worm\flip_40.jpg,Army worm,val,2,2,Army worm,0.59999245
R:\Developments\ARIS\Disease\Validation\Army worm\flip_5.jpg,Army worm,val,2,2,Army worm,0.27563277
R:\Developments\ARIS\Disease\Validation\Army worm\flip_6.jpg,Army worm,val,2,12,Healthy cotton,0.37095812
R:\Developments\ARIS\Disease\Validation\Army worm\flip_7.jpg,Army worm,val,2,2,Army worm,0.6291775
R:\Developments\ARIS\Disease\Validation\Army worm\flip_8.jpg,Army worm,val,2,0,American Bollworm on Cotton,0.27315906
R:\Developments\ARIS\Disease\Validation\Army worm\flip_9.jpg,Army worm,val,2,2,Army worm,0.18190426
R:\Developments\ARIS\Disease\Validation\Army worm\flip_horizontal_1.jpg,Army worm,val,2,2,Army worm,0.5832776
R:\Developments\ARIS\Disease\Validation\Army worm\flip_horizontal_10.jpg,Army worm,val,2,2,Army worm,0.44430646
R:\Developments\ARIS\Disease\Validation\Army worm\flip_horizontal_11.jpg,Army worm,val,2,2,Army worm,0.57420355
R:\Developments\ARIS\Disease\Validation\Army worm\flip_horizontal_12.jpg,Army worm,val,2,2,Army worm,0.3366684
R:\Developments\ARIS\Disease\Validation\Army worm\flip_horizontal_13.jpg,Army worm,val,2,36,bollworm on Cotton,0.37771425
R:\Developments\ARIS\Disease\Validation\Army worm\flip_horizontal_14.jpg,Army worm,val,2,2,Army worm,0.40997648
R:\Developments\ARIS\Disease\Validation\Army worm\flip_horizontal_15.jpg,Army worm,val,2,2,Army worm,0.37082538
R:\Developments\ARIS\Disease\Validation\Army worm\flip_horizontal_16.jpg,Army worm,val,2,1,Anthracnose on Cotton,0.4540007
R:\Developments\ARIS\Disease\Validation\Army worm\flip_horizontal_17.jpg,Army worm,val,2,40,maize fall armyworm,0.29135787
R:\Developments\ARIS\Disease\Validation\Army worm\flip_horizontal_18.jpg,Army worm,val,2,2,Army worm,0.39964804
R:\Developments\ARIS\Disease\Validation\Army worm\flip_horizontal_19.jpg,Army worm,val,2,1,Anthracnose on Cotton,0.26274228
R:\Developments\ARIS\Disease\Validation\Army worm\flip_horizontal_2.jpg,Army worm,val,2,0,American Bollworm on Cotton,0.20839591
R:\Developments\ARIS\Disease\Validation\Army worm\flip_horizontal_20.jpg,Army worm,val,2,2,Army worm,0.35903582
R:\Developments\ARIS\Disease\Validation\Army worm\flip_horizontal_21.jpg,Army worm,val,2,1,Anthracnose on Cotton,0.19600202
R:\Developments\ARIS\Disease\Validation\Army worm\flip_horizontal_22.jpg,Army worm,val,2,2,Army worm,0.11519292
R:\Developments\ARIS\Disease\Validation\Army worm\flip_horizontal_23.jpg,Army worm,val,2,2,Army worm,0.26752985
R:\Developments\ARIS\Disease\Validation\Army worm\flip_horizontal_24.jpg,Army worm,val,2,2,Army worm,0.30753762
R:\Developments\ARIS\Disease\Validation\Army worm\flip_horizontal_25.jpg,Army worm,val,2,2,Army worm,0.1704203
R:\Developments\ARIS\Disease\Validation\Army worm\flip_horizontal_26.jpg,Army worm,val,2,38,cotton whitefly,0.34837103
R:\Developments\ARIS\Disease\Validation\Army worm\flip_horizontal_27.jpg,Army worm,val,2,2,Army worm,0.42102203
R:\Developments\ARIS\Disease\Validation\Army worm\flip_horizontal_28.jpg,Army worm,val,2,2,Army worm,0.2785362
R:\Developments\ARIS\Disease\Validation\Army worm\flip_horizontal_29.jpg,Army worm,val,2,2,Army worm,0.15918376
R:\Developments\ARIS\Disease\Validation\Army worm\flip_horizontal_3.jpg,Army worm,val,2,2,Army worm,0.7949869
R:\Developments\ARIS\Disease\Validation\Army worm\flip_horizontal_30.jpg,Army worm,val,2,2,Army worm,0.62581044
R:\Developments\ARIS\Disease\Validation\Army worm\flip_horizontal_31.jpg,Army worm,val,2,2,Army worm,0.45287618
R:\Developments\ARIS\Disease\Validation\Army worm\flip_horizontal_32.jpg,Army worm,val,2,2,Army worm,0.5357878
R:\Developments\ARIS\Disease\Validation\Army worm\flip_horizontal_33.jpg,Army worm,val,2,2,Army worm,0.686578
R:\Developments\ARIS\Disease\Validation\Army worm\flip_horizontal_34.jpg,Army worm,val,2,2,Army worm,0.7139414
R:\Developments\ARIS\Disease\Validation\Army worm\flip_horizontal_35.jpg,Army worm,val,2,2,Army worm,0.8979163
R:\Developments\ARIS\Disease\Validation\Army worm\flip_horizontal_36.jpg,Army worm,val,2,2,Army worm,0.5736957
R:\Developments\ARIS\Disease\Validation\Army worm\flip_horizontal_37.jpg,Army worm,val,2,2,Army worm,0.6940832
R:\Developments\ARIS\Disease\Validation\Army worm\flip_horizontal_38.jpg,Army worm,val,2,2,Army worm,0.55241126
R:\Developments\ARIS\Disease\Validation\Army worm\flip_horizontal_39.jpg,Army worm,val,2,2,Army worm,0.36792722
R:\Developments\ARIS\Disease\Validation\Army worm\flip_horizontal_4.jpg,Army worm,val,2,2,Army worm,0.67543674
R:\Developments\ARIS\Disease\Validation\Army worm\flip_horizontal_40.jpg,Army worm,val,2,2,Army worm,0.5986944
R:\Developments\ARIS\Disease\Validation\Army worm\flip_horizontal_5.jpg,Army worm,val,2,2,Army worm,0.2608334
R:\Developments\ARIS\Disease\Validation\Army worm\flip_horizontal_6.jpg,Army worm,val,2,12,Healthy cotton,0.37167144
R:\Developments\ARIS\Disease\Validation\Army worm\flip_horizontal_7.jpg,Army worm,val,2,2,Army worm,0.62692046
R:\Developments\ARIS\Disease\Validation\Army worm\flip_horizontal_8.jpg,Army worm,val,2,36,bollworm on Cotton,0.3291137
R:\Developments\ARIS\Disease\Validation\Army worm\flip_horizontal_9.jpg,Army worm,val,2,37,cotton mealy bug,0.22242005
R:\Developments\ARIS\Disease\Validation\Army worm\rescale_1.jpg,Army worm,val,2,2,Army worm,0.54476136
R:\Developments\ARIS\Disease\Validation\Army worm\rescale_10.jpg,Army worm,val,2,2,Army worm,0.31494728
R:\Developments\ARIS\Disease\Validation\Army worm\rescale_11.jpg,Army worm,val,2,43,red cotton bug,0.1755389
R:\Developments\ARIS\Disease\Validation\Army worm\rescale_12.jpg,Army worm,val,2,2,Army worm,0.28258446
R:\Developments\ARIS\Disease\Validation\Army worm\rescale_13.jpg,Army worm,val,2,36,bollworm on Cotton,0.31621388
R:\Developments\ARIS\Disease\Validation\Army worm\rescale_14.jpg,Army worm,val,2,36,bollworm on Cotton,0.18540935
R:\Developments\ARIS\Disease\Validation\Army worm\rescale_15.jpg,Army worm,val,2,2,Army worm,0.31652728
R:\Developments\ARIS\Disease\Validation\Army worm\rescale_16.jpg,Army worm,val,2,1,Anthracnose on Cotton,0.52845293
R:\Developments\ARIS\Disease\Validation\Army worm\rescale_17.jpg,Army worm,val,2,40,maize fall armyworm,0.2572334
R:\Developments\ARIS\Disease\Validation\Army worm\rescale_18.jpg,Army worm,val,2,2,Army worm,0.3489695
R:\Developments\ARIS\Disease\Validation\Army worm\rescale_19.jpg,Army worm,val,2,1,Anthracnose on Cotton,0.21694106
R:\Developments\ARIS\Disease\Validation\Army worm\rescale_2.jpg,Army worm,val,2,43,red cotton bug,0.18625598
R:\Developments\ARIS\Disease\Validation\Army worm\rescale_20.jpg,Army worm,val,2,2,Army worm,0.383523
R:\Developments\ARIS\Disease\Validation\Army worm\rescale_21.jpg,Army worm,val,2,43,red cotton bug,0.26082942
R:\Developments\ARIS\Disease\Validation\Army worm\rescale_22.jpg,Army worm,val,2,2,Army worm,0.17489898
R:\Developments\ARIS\Disease\Validation\Army worm\rescale_23.jpg,Army worm,val,2,38,cotton whitefly,0.22342736
R:\Developments\ARIS\Disease\Validation\Army worm\rescale_24.jpg,Army worm,val,2,44,thirps on  cotton,0.24224605
R:\Developments\ARIS\Disease\Validation\Army worm\rescale_25.jpg,Army worm,val,2,3,Bacterial Blight in cotton,0.1289304
R:\Developments\ARIS\Disease\Validation\Army worm\rescale_26.jpg,Army worm,val,2,38,cotton whitefly,0.35235527
R:\Developments\ARIS\Disease\Validation\Army worm\rescale_27.jpg,Army worm,val,2,2,Army worm,0.4340316
R:\Developments\ARIS\Disease\Validation\Army worm\rescale_28.jpg,Army worm,val,2,2,Army worm,0.2990822
R:\Developments\ARIS\Disease\Validation\Army worm\rescale_29.jpg,Army worm,val,2,2,Army worm,0.22264051
R:\Developments\ARIS\Disease\Validation\Army worm\rescale_3.jpg,Army worm,val,2,2,Army worm,0.16490076
R:\Developments\ARIS\Disease\Validation\Army worm\rescale_30.jpg,Army worm,val,2,1,Anthracnose on Cotton,0.11206504
R:\Developments\ARIS\Disease\Validation\Army worm\rescale_31.jpg,Army worm,val,2,23,Wheat Stem fly,0.19498353
R:\Developments\ARIS\Disease\Validation\Army worm\rescale_32.jpg,Army worm,val,2,2,Army worm,0.5318515
R:\Developments\ARIS\Disease\Validation\Army worm\rescale_33.jpg,Army worm,val,2,2,Army worm,0.80186766
R:\Developments\ARIS\Disease\Validation\Army worm\rescale_34.jpg,Army worm,val,2,2,Army worm,0.3140393
R:\Developments\ARIS\Disease\Validation\Army worm\rescale_35.jpg,Army worm,val,2,2,Army worm,0.80990887
R:\Developments\ARIS\Disease\Validation\Army worm\rescale_36.jpg,Army worm,val,2,2,Army worm,0.38751224
R:\Developments\ARIS\Disease\Validation\Army worm\rescale_37.jpg,Army worm,val,2,2,Army worm,0.72998446
R:\Developments\ARIS\Disease\Validation\Army worm\rescale_38.jpg,Army worm,val,2,2,Army worm,0.38244882
R:\Developments\ARIS\Disease\Validation\Army worm\rescale_39.jpg,Army worm,val,2,2,Army worm,0.11338713
R:\Developments\ARIS\Disease\Validation\Army worm\rescale_4.jpg,Army worm,val,2,2,Army worm,0.5075872
R:\Developments\ARIS\Disease\Validation\Army worm\rescale_40.jpg,Army worm,val,2,2,Army worm,0.56991667
R:\Developments\ARIS\Disease\Validation\Army worm\rescale_5.jpg,Army worm,val,2,23,Wheat Stem fly,0.14801869
R:\Developments\ARIS\Disease\Validation\Army worm\rescale_6.jpg,Army worm,val,2,12,Healthy cotton,0.33899245
R:\Developments\ARIS\Disease\Validation\Army worm\rescale_7.jpg,Army worm,val,2,2,Army worm,0.5240769
R:\Developments\ARIS\Disease\Validation\Army worm\rescale_8.jpg,Army worm,val,2,2,Army worm,0.22525285
R:\Developments\ARIS\Disease\Validation\Army worm\rescale_9.jpg,Army worm,val,2,44,thirps on  cotton,0.12524147
R:\Developments\ARIS\Disease\Validation\Army worm\rotation_1.jpg,Army worm,val,2,2,Army worm,0.514334
R:\Developments\ARIS\Disease\Validation\Army worm\rotation_10.jpg,Army worm,val,2,2,Army worm,0.45119593
R:\Developments\ARIS\Disease\Validation\Army worm\rotation_11.jpg,Army worm,val,2,2,Army worm,0.568103
R:\Developments\ARIS\Disease\Validation\Army worm\rotation_12.jpg,Army worm,val,2,2,Army worm,0.4007715
R:\Developments\ARIS\Disease\Validation\Army worm\rotation_13.jpg,Army worm,val,2,36,bollworm on Cotton,0.32498616
R:\Developments\ARIS\Disease\Validation\Army worm\rotation_14.jpg,Army worm,val,2,2,Army worm,0.439332
R:\Developments\ARIS\Disease\Validation\Army worm\rotation_15.jpg,Army worm,val,2,2,Army worm,0.3528323
R:\Developments\ARIS\Disease\Validation\Army worm\rotation_16.jpg,Army worm,val,2,1,Anthracnose on Cotton,0.37706932
R:\Developments\ARIS\Disease\Validation\Army worm\rotation_17.jpg,Army worm,val,2,40,maize fall armyworm,0.33101207
R:\Developments\ARIS\Disease\Validation\Army worm\rotation_18.jpg,Army worm,val,2,2,Army worm,0.4283514
R:\Developments\ARIS\Disease\Validation\Army worm\rotation_19.jpg,Army worm,val,2,12,Healthy cotton,0.21945448
R:\Developments\ARIS\Disease\Validation\Army worm\rotation_2.jpg,Army worm,val,2,2,Army worm,0.20491914
R:\Developments\ARIS\Disease\Validation\Army worm\rotation_20.jpg,Army worm,val,2,2,Army worm,0.34657004
R:\Developments\ARIS\Disease\Validation\Army worm\rotation_21.jpg,Army worm,val,2,44,thirps on  cotton,0.17133854
R:\Developments\ARIS\Disease\Validation\Army worm\rotation_22.jpg,Army worm,val,2,2,Army worm,0.1290227
R:\Developments\ARIS\Disease\Validation\Army worm\rotation_23.jpg,Army worm,val,2,2,Army worm,0.26496997
R:\Developments\ARIS\Disease\Validation\Army worm\rotation_24.jpg,Army worm,val,2,2,Army worm,0.3240675
R:\Developments\ARIS\Disease\Validation\Army worm\rotation_25.jpg,Army worm,val,2,1,Anthracnose on Cotton,0.18587577
R:\Developments\ARIS\Disease\Validation\Army worm\rotation_26.jpg,Army worm,val,2,38,cotton whitefly,0.35730633
R:\Developments\ARIS\Disease\Validation\Army worm\rotation_27.jpg,Army worm,val,2,2,Army worm,0.34343776
R:\Developments\ARIS\Disease\Validation\Army worm\rotation_28.jpg,Army worm,val,2,2,Army worm,0.2824029
R:\Developments\ARIS\Disease\Validation\Army worm\rotation_29.jpg,Army worm,val,2,2,Army worm,0.15885863
R:\Developments\ARIS\Disease\Validation\Army worm\rotation_3.jpg,Army worm,val,2,2,Army worm,0.7839033
R:\Developments\ARIS\Disease\Validation\Army worm\rotation_30.jpg,Army worm,val,2,2,Army worm,0.5849025
R:\Developments\ARIS\Disease\Validation\Army worm\rotation_31.jpg,Army worm,val,2,2,Army worm,0.3091703
R:\Developments\ARIS\Disease\Validation\Army worm\rotation_32.jpg,Army worm,val,2,2,Army worm,0.52959913
R:\Developments\ARIS\Disease\Validation\Army worm\rotation_33.jpg,Army worm,val,2,2,Army worm,0.6851457
R:\Developments\ARIS\Disease\Validation\Army worm\rotation_34.jpg,Army worm,val,2,2,Army worm,0.73308396
R:\Developments\ARIS\Disease\Validation\Army worm\rotation_35.jpg,Army worm,val,2,2,Army worm,0.9336705
R:\Developments\ARIS\Disease\Validation\Army worm\rotation_36.jpg,Army worm,val,2,2,Army worm,0.51171285
R:\Developments\ARIS\Disease\Validation\Army worm\rotation_37.jpg,Army worm,val,2,2,Army worm,0.6950693
R:\Developments\ARIS\Disease\Validation\Army worm\rotation_38.jpg,Army worm,val,2,2,Army worm,0.4805553
R:\Developments\ARIS\Disease\Validation\Army worm\rotation_39.jpg,Army worm,val,2,2,Army worm,0.3692483
R:\Developments\ARIS\Disease\Validation\Army worm\rotation_4.jpg,Army worm,val,2,2,Army worm,0.61029214
R:\Developments\ARIS\Disease\Validation\Army worm\rotation_40.jpg,Army worm,val,2,2,Army worm,0.483063
R:\Developments\ARIS\Disease\Validation\Army worm\rotation_5.jpg,Army worm,val,2,2,Army worm,0.30015743
R:\Developments\ARIS\Disease\Validation\Army worm\rotation_6.jpg,Army worm,val,2,12,Healthy cotton,0.23216002
R:\Developments\ARIS\Disease\Validation\Army worm\rotation_7.jpg,Army worm,val,2,2,Army worm,0.70028925
R:\Developments\ARIS\Disease\Validation\Army worm\rotation_8.jpg,Army worm,val,2,36,bollworm on Cotton,0.3274958
R:\Developments\ARIS\Disease\Validation\Army worm\rotation_9.jpg,Army worm,val,2,37,cotton mealy bug,0.17580493
R:\Developments\ARIS\Disease\Validation\Army worm\rotozoom1.jpg,Army worm,val,2,2,Army worm,0.497157
R:\Developments\ARIS\Disease\Validation\Army worm\rotozoom10.jpg,Army worm,val,2,2,Army worm,0.18952881
R:\Developments\ARIS\Disease\Validation\Army worm\rotozoom11.jpg,Army worm,val,2,22,Wheat Brown leaf rust,0.11781778
R:\Developments\ARIS\Disease\Validation\Army worm\rotozoom12.jpg,Army worm,val,2,8,Flag Smut,0.1920917
R:\Developments\ARIS\Disease\Validation\Army worm\rotozoom13.jpg,Army worm,val,2,22,Wheat Brown leaf rust,0.14616589
R:\Developments\ARIS\Disease\Validation\Army worm\rotozoom14.jpg,Army worm,val,2,22,Wheat Brown leaf rust,0.26524797
R:\Developments\ARIS\Disease\Validation\Army worm\rotozoom15.jpg,Army worm,val,2,40,maize fall armyworm,0.34679222
R:\Developments\ARIS\Disease\Validation\Army worm\rotozoom16.jpg,Army worm,val,2,44,thirps on  cotton,0.12621361
R:\Developments\ARIS\Disease\Validation\Army worm\rotozoom17.jpg,Army worm,val,2,40,maize fall armyworm,0.3626769
R:\Developments\ARIS\Disease\Validation\Army worm\rotozoom18.jpg,Army worm,val,2,2,Army worm,0.3584248
R:\Developments\ARIS\Disease\Validation\Army worm\rotozoom19.jpg,Army worm,val,2,12,Healthy cotton,0.15864456
R:\Developments\ARIS\Disease\Validation\Army worm\rotozoom2.jpg,Army worm,val,2,44,thirps on  cotton,0.20852035
R:\Developments\ARIS\Disease\Validation\Army worm\rotozoom20.jpg,Army worm,val,2,2,Army worm,0.21304762
R:\Developments\ARIS\Disease\Validation\Army worm\rotozoom21.jpg,Army worm,val,2,2,Army worm,0.26032797
R:\Developments\ARIS\Disease\Validation\Army worm\rotozoom22.jpg,Army worm,val,2,1,Anthracnose on Cotton,0.16792583
R:\Developments\ARIS\Disease\Validation\Army worm\rotozoom23.jpg,Army worm,val,2,38,cotton whitefly,0.3006582
R:\Developments\ARIS\Disease\Validation\Army worm\rotozoom24.jpg,Army worm,val,2,22,Wheat Brown leaf rust,0.21194701
R:\Developments\ARIS\Disease\Validation\Army worm\rotozoom25.jpg,Army worm,val,2,44,thirps on  cotton,0.10261295
R:\Developments\ARIS\Disease\Validation\Army worm\rotozoom26.jpg,Army worm,val,2,38,cotton whitefly,0.48961923
R:\Developments\ARIS\Disease\Validation\Army worm\rotozoom27.jpg,Army worm,val,2,38,cotton whitefly,0.40551233
R:\Developments\ARIS\Disease\Validation\Army worm\rotozoom28.jpg,Army worm,val,2,2,Army worm,0.24232115
R:\Developments\ARIS\Disease\Validation\Army worm\rotozoom29.jpg,Army worm,val,2,2,Army worm,0.30232325
R:\Developments\ARIS\Disease\Validation\Army worm\rotozoom3.jpg,Army worm,val,2,2,Army worm,0.32284632
R:\Developments\ARIS\Disease\Validation\Army worm\rotozoom30.jpg,Army worm,val,2,1,Anthracnose on Cotton,0.15218498
R:\Developments\ARIS\Disease\Validation\Army worm\rotozoom31.jpg,Army worm,val,2,22,Wheat Brown leaf rust,0.44402274
R:\Developments\ARIS\Disease\Validation\Army worm\rotozoom32.jpg,Army worm,val,2,2,Army worm,0.13461705
R:\Developments\ARIS\Disease\Validation\Army worm\rotozoom33.jpg,Army worm,val,2,2,Army worm,0.6028369
R:\Developments\ARIS\Disease\Validation\Army worm\rotozoom34.jpg,Army worm,val,2,38,cotton whitefly,0.14626427
R:\Developments\ARIS\Disease\Validation\Army worm\rotozoom35.jpg,Army worm,val,2,2,Army worm,0.40264198
R:\Developments\ARIS\Disease\Validation\Army worm\rotozoom36.jpg,Army worm,val,2,2,Army worm,0.5903789
R:\Developments\ARIS\Disease\Validation\Army worm\rotozoom37.jpg,Army worm,val,2,2,Army worm,0.32850817
R:\Developments\ARIS\Disease\Validation\Army worm\rotozoom38.jpg,Army worm,val,2,24,Wheat aphid,0.18617423
R:\Developments\ARIS\Disease\Validation\Army worm\rotozoom39.jpg,Army worm,val,2,2,Army worm,0.42191336
R:\Developments\ARIS\Disease\Validation\Army worm\rotozoom4.jpg,Army worm,val,2,8,Flag Smut,0.3033738
R:\Developments\ARIS\Disease\Validation\Army worm\rotozoom40.jpg,Army worm,val,2,22,Wheat Brown leaf rust,0.12712306
R:\Developments\ARIS\Disease\Validation\Army worm\rotozoom5.jpg,Army worm,val,2,36,bollworm on Cotton,0.34888443
R:\Developments\ARIS\Disease\Validation\Army worm\rotozoom6.jpg,Army worm,val,2,2,Army worm,0.48548654
R:\Developments\ARIS\Disease\Validation\Army worm\rotozoom7.jpg,Army worm,val,2,2,Army worm,0.503294
R:\Developments\ARIS\Disease\Validation\Army worm\rotozoom8.jpg,Army worm,val,2,1,Anthracnose on Cotton,0.18178366
R:\Developments\ARIS\Disease\Validation\Army worm\rotozoom9.jpg,Army worm,val,2,2,Army worm,0.15439719
R:\Developments\ARIS\Disease\Validation\Army worm\translation_1.jpg,Army worm,val,2,2,Army worm,0.22168322
R:\Developments\ARIS\Disease\Validation\Army worm\translation_10.jpg,Army worm,val,2,2,Army worm,0.4734346
R:\Developments\ARIS\Disease\Validation\Army worm\translation_11.jpg,Army worm,val,2,2,Army worm,0.6390029
R:\Developments\ARIS\Disease\Validation\Army worm\translation_12.jpg,Army worm,val,2,2,Army worm,0.4097962
R:\Developments\ARIS\Disease\Validation\Army worm\translation_13.jpg,Army worm,val,2,0,American Bollworm on Cotton,0.11783562
R:\Developments\ARIS\Disease\Validation\Army worm\translation_14.jpg,Army worm,val,2,2,Army worm,0.21449743
R:\Developments\ARIS\Disease\Validation\Army worm\translation_15.jpg,Army worm,val,2,2,Army worm,0.43790185
R:\Developments\ARIS\Disease\Validation\Army worm\translation_16.jpg,Army worm,val,2,44,thirps on  cotton,0.195656
R:\Developments\ARIS\Disease\Validation\Army worm\translation_17.jpg,Army worm,val,2,40,maize fall armyworm,0.32316244
R:\Developments\ARIS\Disease\Validation\Army worm\translation_18.jpg,Army worm,val,2,2,Army worm,0.34828624
R:\Developments\ARIS\Disease\Validation\Army worm\translation_19.jpg,Army worm,val,2,35,bollrot on Cotton,0.17782934
R:\Developments\ARIS\Disease\Validation\Army worm\translation_2.jpg,Army worm,val,2,2,Army worm,0.38371405
R:\Developments\ARIS\Disease\Validation\Army worm\translation_20.jpg,Army worm,val,2,2,Army worm,0.44967207
R:\Developments\ARIS\Disease\Validation\Army worm\translation_21.jpg,Army worm,val,2,1,Anthracnose on Cotton,0.16429201
R:\Developments\ARIS\Disease\Validation\Army worm\translation_22.jpg,Army worm,val,2,3,Bacterial Blight in cotton,0.21598828
R:\Developments\ARIS\Disease\Validation\Army worm\translation_3.jpg,Army worm,val,2,2,Army worm,0.85228235
R:\Developments\ARIS\Disease\Validation\Army worm\translation_4.jpg,Army worm,val,2,2,Army worm,0.29556832
R:\Developments\ARIS\Disease\Validation\Army worm\translation_5.jpg,Army worm,val,2,2,Army worm,0.5830043
R:\Developments\ARIS\Disease\Validation\Army worm\translation_6.jpg,Army worm,val,2,12,Healthy cotton,0.21063645
R:\Developments\ARIS\Disease\Validation\Army worm\translation_7.jpg,Army worm,val,2,2,Army worm,0.78700256
R:\Developments\ARIS\Disease\Validation\Army worm\translation_8.jpg,Army worm,val,2,2,Army worm,0.35903907
R:\Developments\ARIS\Disease\Validation\Army worm\translation_9.jpg,Army worm,val,2,44,thirps on  cotton,0.18852825
R:\Developments\ARIS\Disease\Validation\Army worm\zoom_32.jpg,Army worm,val,2,2,Army worm,0.42256832
R:\Developments\ARIS\Disease\Validation\Army worm\zoom_33.jpg,Army worm,val,2,2,Army worm,0.73623866
R:\Developments\ARIS\Disease\Validation\Army worm\zoom_34.jpg,Army worm,val,2,2,Army worm,0.67833805
R:\Developments\ARIS\Disease\Validation\Army worm\zoom_35.jpg,Army worm,val,2,2,Army worm,0.87355834
R:\Developments\ARIS\Disease\Validation\Army worm\zoom_36.jpg,Army worm,val,2,2,Army worm,0.4821454
R:\Developments\ARIS\Disease\Validation\Army worm\zoom_37.jpg,Army worm,val,2,2,Army worm,0.4075713
R:\Developments\ARIS\Disease\Validation\Army worm\zoom_38.jpg,Army worm,val,2,2,Army worm,0.60047686
R:\Developments\ARIS\Disease\Validation\Army worm\zoom_39.jpg,Army worm,val,2,2,Army worm,0.6128092
R:\Developments\ARIS\Disease\Validation\Army worm\zoom_40.jpg,Army worm,val,2,2,Army worm,0.6725332
R:\Developments\ARIS\Disease\Validation\Bacterial Blight in cotton\1.jpg,Bacterial Blight in cotton,val,3,3,Bacterial Blight in cotton,0.6005557
R:\Developments\ARIS\Disease\Validation\Bacterial Blight in cotton\10.jpg,Bacterial Blight in cotton,val,3,3,Bacterial Blight in cotton,0.85411996
R:\Developments\ARIS\Disease\Validation\Bacterial Blight in cotton\11.jpg,Bacterial Blight in cotton,val,3,13,Leaf Curl,0.30851433
R:\Developments\ARIS\Disease\Validation\Bacterial Blight in cotton\12.jpg,Bacterial Blight in cotton,val,3,3,Bacterial Blight in cotton,0.8094222
R:\Developments\ARIS\Disease\Validation\Bacterial Blight in cotton\13.jpg,Bacterial Blight in cotton,val,3,3,Bacterial Blight in cotton,0.4418327
R:\Developments\ARIS\Disease\Validation\Bacterial Blight in cotton\14.jpg,Bacterial Blight in cotton,val,3,3,Bacterial Blight in cotton,0.5633367
R:\Developments\ARIS\Disease\Validation\Bacterial Blight in cotton\15.jpg,Bacterial Blight in cotton,val,3,1,Anthracnose on Cotton,0.33059934
R:\Developments\ARIS\Disease\Validation\Bacterial Blight in cotton\16.jpg,Bacterial Blight in cotton,val,3,3,Bacterial Blight in cotton,0.37303138
R:\Developments\ARIS\Disease\Validation\Bacterial Blight in cotton\17.jpg,Bacterial Blight in cotton,val,3,3,Bacterial Blight in cotton,0.280515
R:\Developments\ARIS\Disease\Validation\Bacterial Blight in cotton\18.jpg,Bacterial Blight in cotton,val,3,1,Anthracnose on Cotton,0.55075175
R:\Developments\ARIS\Disease\Validation\Bacterial Blight in cotton\19.jpg,Bacterial Blight in cotton,val,3,1,Anthracnose on Cotton,0.40658453
R:\Developments\ARIS\Disease\Validation\Bacterial Blight in cotton\2.jpg,Bacterial Blight in cotton,val,3,3,Bacterial Blight in cotton,0.63170075
R:\Developments\ARIS\Disease\Validation\Bacterial Blight in cotton\20.jpg,Bacterial Blight in cotton,val,3,1,Anthracnose on Cotton,0.32479826
R:\Developments\ARIS\Disease\Validation\Bacterial Blight in cotton\21.jpg,Bacterial Blight in cotton,val,3,3,Bacterial Blight in cotton,0.41825795
R:\Developments\ARIS\Disease\Validation\Bacterial Blight in cotton\22.jpg,Bacterial Blight in cotton,val,3,3,Bacterial Blight in cotton,0.8314437
R:\Developments\ARIS\Disease\Validation\Bacterial Blight in cotton\23.jpg,Bacterial Blight in cotton,val,3,3,Bacterial Blight in cotton,0.33266303
R:\Developments\ARIS\Disease\Validation\Bacterial Blight in cotton\24.jpg,Bacterial Blight in cotton,val,3,3,Bacterial Blight in cotton,0.39261016
R:\Developments\ARIS\Disease\Validation\Bacterial Blight in cotton\25.jpg,Bacterial Blight in cotton,val,3,3,Bacterial Blight in cotton,0.77134466
R:\Developments\ARIS\Disease\Validation\Bacterial Blight in cotton\26.jpg,Bacterial Blight in cotton,val,3,1,Anthracnose on Cotton,0.5880639
R:\Developments\ARIS\Disease\Validation\Bacterial Blight in cotton\27.jpg,Bacterial Blight in cotton,val,3,1,Anthracnose on Cotton,0.47270465
R:\Developments\ARIS\Disease\Validation\Bacterial Blight in cotton\28.jpg,Bacterial Blight in cotton,val,3,1,Anthracnose on Cotton,0.23709087
R:\Developments\ARIS\Disease\Validation\Bacterial Blight in cotton\29.jpg,Bacterial Blight in cotton,val,3,31,Wheat___Yellow_Rust,0.27630308
R:\Developments\ARIS\Disease\Validation\Bacterial Blight in cotton\3.jpg,Bacterial Blight in cotton,val,3,3,Bacterial Blight in cotton,0.72749776
R:\Developments\ARIS\Disease\Validation\Bacterial Blight in cotton\30.jpg,Bacterial Blight in cotton,val,3,3,Bacterial Blight in cotton,0.36760774
R:\Developments\ARIS\Disease\Validation\Bacterial Blight in cotton\31.jpg,Bacterial Blight in cotton,val,3,1,Anthracnose on Cotton,0.405241
R:\Developments\ARIS\Disease\Validation\Bacterial Blight in cotton\32.jpg,Bacterial Blight in cotton,val,3,34,bacterial_blight in Cotton,0.353879
R:\Developments\ARIS\Disease\Validation\Bacterial Blight in cotton\33.jpg,Bacterial Blight in cotton,val,3,1,Anthracnose on Cotton,0.3904818
R:\Developments\ARIS\Disease\Validation\Bacterial Blight in cotton\34.jpg,Bacterial Blight in cotton,val,3,1,Anthracnose on Cotton,0.5736864
R:\Developments\ARIS\Disease\Validation\Bacterial Blight in cotton\35.jpg,Bacterial Blight in cotton,val,3,3,Bacterial Blight in cotton,0.6125483
R:\Developments\ARIS\Disease\Validation\Bacterial Blight in cotton\36.jpg,Bacterial Blight in cotton,val,3,34,bacterial_blight in Cotton,0.21166956
R:\Developments\ARIS\Disease\Validation\Bacterial Blight in cotton\37.jpg,Bacterial Blight in cotton,val,3,3,Bacterial Blight in cotton,0.76561165
R:\Developments\ARIS\Disease\Validation\Bacterial Blight in cotton\38.jpg,Bacterial Blight in cotton,val,3,12,Healthy cotton,0.27361158
R:\Developments\ARIS\Disease\Validation\Bacterial Blight in cotton\39.jpg,Bacterial Blight in cotton,val,3,3,Bacterial Blight in cotton,0.65947676
R:\Developments\ARIS\Disease\Validation\Bacterial Blight in cotton\4.jpg,Bacterial Blight in cotton,val,3,3,Bacterial Blight in cotton,0.6330874
R:\Developments\ARIS\Disease\Validation\Bacterial Blight in cotton\40.jpg,Bacterial Blight in cotton,val,3,1,Anthracnose on Cotton,0.59665245
R:\Developments\ARIS\Disease\Validation\Bacterial Blight in cotton\5.jpg,Bacterial Blight in cotton,val,3,3,Bacterial Blight in cotton,0.37186694
R:\Developments\ARIS\Disease\Validation\Bacterial Blight in cotton\6.jpg,Bacterial Blight in cotton,val,3,3,Bacterial Blight in cotton,0.5092031
R:\Developments\ARIS\Disease\Validation\Bacterial Blight in cotton\7.jpg,Bacterial Blight in cotton,val,3,3,Bacterial Blight in cotton,0.9062355
R:\Developments\ARIS\Disease\Validation\Bacterial Blight in cotton\8.jpg,Bacterial Blight in cotton,val,3,3,Bacterial Blight in cotton,0.7106102
R:\Developments\ARIS\Disease\Validation\Bacterial Blight in cotton\9.jpg,Bacterial Blight in cotton,val,3,3,Bacterial Blight in cotton,0.5109139
R:\Developments\ARIS\Disease\Validation\Bacterial Blight in cotton\contrast_1.jpg,Bacterial Blight in cotton,val,3,3,Bacterial Blight in cotton,0.61970544
R:\Developments\ARIS\Disease\Validation\Bacterial Blight in cotton\contrast_10.jpg,Bacterial Blight in cotton,val,3,3,Bacterial Blight in cotton,0.843208
R:\Developments\ARIS\Disease\Validation\Bacterial Blight in cotton\contrast_11.jpg,Bacterial Blight in cotton,val,3,13,Leaf Curl,0.3123555
R:\Developments\ARIS\Disease\Validation\Bacterial Blight in cotton\contrast_12.jpg,Bacterial Blight in cotton,val,3,3,Bacterial Blight in cotton,0.77548677
R:\Developments\ARIS\Disease\Validation\Bacterial Blight in cotton\contrast_13.jpg,Bacterial Blight in cotton,val,3,3,Bacterial Blight in cotton,0.5454238
R:\Developments\ARIS\Disease\Validation\Bacterial Blight in cotton\contrast_14.jpg,Bacterial Blight in cotton,val,3,3,Bacterial Blight in cotton,0.3863982
R:\Developments\ARIS\Disease\Validation\Bacterial Blight in cotton\contrast_15.jpg,Bacterial Blight in cotton,val,3,1,Anthracnose on Cotton,0.31653622
R:\Developments\ARIS\Disease\Validation\Bacterial Blight in cotton\contrast_16.jpg,Bacterial Blight in cotton,val,3,3,Bacterial Blight in cotton,0.38608775
R:\Developments\ARIS\Disease\Validation\Bacterial Blight in cotton\contrast_17.jpg,Bacterial Blight in cotton,val,3,3,Bacterial Blight in cotton,0.25102916
R:\Developments\ARIS\Disease\Validation\Bacterial Blight in cotton\contrast_18.jpg,Bacterial Blight in cotton,val,3,1,Anthracnose on Cotton,0.5441744
R:\Developments\ARIS\Disease\Validation\Bacterial Blight in cotton\contrast_19.jpg,Bacterial Blight in cotton,val,3,1,Anthracnose on Cotton,0.3405454
R:\Developments\ARIS\Disease\Validation\Bacterial Blight in cotton\contrast_2.jpg,Bacterial Blight in cotton,val,3,3,Bacterial Blight in cotton,0.6328589
R:\Developments\ARIS\Disease\Validation\Bacterial Blight in cotton\contrast_20.jpg,Bacterial Blight in cotton,val,3,1,Anthracnose on Cotton,0.25507668
R:\Developments\ARIS\Disease\Validation\Bacterial Blight in cotton\contrast_21.jpg,Bacterial Blight in cotton,val,3,3,Bacterial Blight in cotton,0.42722526
R:\Developments\ARIS\Disease\Validation\Bacterial Blight in cotton\contrast_22.jpg,Bacterial Blight in cotton,val,3,3,Bacterial Blight in cotton,0.7956979
R:\Developments\ARIS\Disease\Validation\Bacterial Blight in cotton\contrast_23.jpg,Bacterial Blight in cotton,val,3,3,Bacterial Blight in cotton,0.23160934
R:\Developments\ARIS\Disease\Validation\Bacterial Blight in cotton\contrast_24.jpg,Bacterial Blight in cotton,val,3,3,Bacterial Blight in cotton,0.46986362
R:\Developments\ARIS\Disease\Validation\Bacterial Blight in cotton\contrast_25.jpg,Bacterial Blight in cotton,val,3,3,Bacterial Blight in cotton,0.7143108
R:\Developments\ARIS\Disease\Validation\Bacterial Blight in cotton\contrast_26.jpg,Bacterial Blight in cotton,val,3,1,Anthracnose on Cotton,0.5570252
R:\Developments\ARIS\Disease\Validation\Bacterial Blight in cotton\contrast_27.jpg,Bacterial Blight in cotton,val,3,1,Anthracnose on Cotton,0.16162056
R:\Developments\ARIS\Disease\Validation\Bacterial Blight in cotton\contrast_28.jpg,Bacterial Blight in cotton,val,3,1,Anthracnose on Cotton,0.23911135
R:\Developments\ARIS\Disease\Validation\Bacterial Blight in cotton\contrast_29.jpg,Bacterial Blight in cotton,val,3,3,Bacterial Blight in cotton,0.2743107
R:\Developments\ARIS\Disease\Validation\Bacterial Blight in cotton\contrast_3.jpg,Bacterial Blight in cotton,val,3,3,Bacterial Blight in cotton,0.687236
R:\Developments\ARIS\Disease\Validation\Bacterial Blight in cotton\contrast_30.jpg,Bacterial Blight in cotton,val,3,3,Bacterial Blight in cotton,0.3781992
R:\Developments\ARIS\Disease\Validation\Bacterial Blight in cotton\contrast_31.jpg,Bacterial Blight in cotton,val,3,3,Bacterial Blight in cotton,0.3922353
R:\Developments\ARIS\Disease\Validation\Bacterial Blight in cotton\contrast_32.jpg,Bacterial Blight in cotton,val,3,34,bacterial_blight in Cotton,0.3519219
R:\Developments\ARIS\Disease\Validation\Bacterial Blight in cotton\contrast_33.jpg,Bacterial Blight in cotton,val,3,1,Anthracnose on Cotton,0.48888826
R:\Developments\ARIS\Disease\Validation\Bacterial Blight in cotton\contrast_34.jpg,Bacterial Blight in cotton,val,3,1,Anthracnose on Cotton,0.6224231
R:\Developments\ARIS\Disease\Validation\Bacterial Blight in cotton\contrast_35.jpg,Bacterial Blight in cotton,val,3,3,Bacterial Blight in cotton,0.53351146
R:\Developments\ARIS\Disease\Validation\Bacterial Blight in cotton\contrast_36.jpg,Bacterial Blight in cotton,val,3,34,bacterial_blight in Cotton,0.21219754
R:\Developments\ARIS\Disease\Validation\Bacterial Blight in cotton\contrast_37.jpg,Bacterial Blight in cotton,val,3,3,Bacterial Blight in cotton,0.80940217
R:\Developments\ARIS\Disease\Validation\Bacterial Blight in cotton\contrast_38.jpg,Bacterial Blight in cotton,val,3,1,Anthracnose on Cotton,0.21964924
R:\Developments\ARIS\Disease\Validation\Bacterial Blight in cotton\contrast_39.jpg,Bacterial Blight in cotton,val,3,3,Bacterial Blight in cotton,0.7230577
R:\Developments\ARIS\Disease\Validation\Bacterial Blight in cotton\contrast_4.jpg,Bacterial Blight in cotton,val,3,3,Bacterial Blight in cotton,0.64522713
R:\Developments\ARIS\Disease\Validation\Bacterial Blight in cotton\contrast_40.jpg,Bacterial Blight in cotton,val,3,1,Anthracnose on Cotton,0.43701014
R:\Developments\ARIS\Disease\Validation\Bacterial Blight in cotton\contrast_5.jpg,Bacterial Blight in cotton,val,3,3,Bacterial Blight in cotton,0.5235581
R:\Developments\ARIS\Disease\Validation\Bacterial Blight in cotton\contrast_6.jpg,Bacterial Blight in cotton,val,3,3,Bacterial Blight in cotton,0.6117829
R:\Developments\ARIS\Disease\Validation\Bacterial Blight in cotton\contrast_7.jpg,Bacterial Blight in cotton,val,3,3,Bacterial Blight in cotton,0.7131446
R:\Developments\ARIS\Disease\Validation\Bacterial Blight in cotton\contrast_8.jpg,Bacterial Blight in cotton,val,3,3,Bacterial Blight in cotton,0.68762994
R:\Developments\ARIS\Disease\Validation\Bacterial Blight in cotton\contrast_9.jpg,Bacterial Blight in cotton,val,3,3,Bacterial Blight in cotton,0.5844299
R:\Developments\ARIS\Disease\Validation\Bacterial Blight in cotton\crop_1.jpg,Bacterial Blight in cotton,val,3,3,Bacterial Blight in cotton,0.84988785
R:\Developments\ARIS\Disease\Validation\Bacterial Blight in cotton\crop_10.jpg,Bacterial Blight in cotton,val,3,3,Bacterial Blight in cotton,0.7701625
R:\Developments\ARIS\Disease\Validation\Bacterial Blight in cotton\crop_11.jpg,Bacterial Blight in cotton,val,3,13,Leaf Curl,0.19278564
R:\Developments\ARIS\Disease\Validation\Bacterial Blight in cotton\crop_12.jpg,Bacterial Blight in cotton,val,3,3,Bacterial Blight in cotton,0.82851547
R:\Developments\ARIS\Disease\Validation\Bacterial Blight in cotton\crop_13.jpg,Bacterial Blight in cotton,val,3,3,Bacterial Blight in cotton,0.5261547
R:\Developments\ARIS\Disease\Validation\Bacterial Blight in cotton\crop_14.jpg,Bacterial Blight in cotton,val,3,3,Bacterial Blight in cotton,0.50282556
R:\Developments\ARIS\Disease\Validation\Bacterial Blight in cotton\crop_15.jpg,Bacterial Blight in cotton,val,3,1,Anthracnose on Cotton,0.37020227
R:\Developments\ARIS\Disease\Validation\Bacterial Blight in cotton\crop_16.jpg,Bacterial Blight in cotton,val,3,3,Bacterial Blight in cotton,0.5047491
R:\Developments\ARIS\Disease\Validation\Bacterial Blight in cotton\crop_17.jpg,Bacterial Blight in cotton,val,3,3,Bacterial Blight in cotton,0.7265008
R:\Developments\ARIS\Disease\Validation\Bacterial Blight in cotton\crop_18.jpg,Bacterial Blight in cotton,val,3,3,Bacterial Blight in cotton,0.21230547
R:\Developments\ARIS\Disease\Validation\Bacterial Blight in cotton\crop_19.jpg,Bacterial Blight in cotton,val,3,3,Bacterial Blight in cotton,0.6037689
R:\Developments\ARIS\Disease\Validation\Bacterial Blight in cotton\crop_2.jpg,Bacterial Blight in cotton,val,3,3,Bacterial Blight in cotton,0.7532323
R:\Developments\ARIS\Disease\Validation\Bacterial Blight in cotton\crop_20.jpg,Bacterial Blight in cotton,val,3,1,Anthracnose on Cotton,0.2652096
R:\Developments\ARIS\Disease\Validation\Bacterial Blight in cotton\crop_21.jpg,Bacterial Blight in cotton,val,3,3,Bacterial Blight in cotton,0.48436403
R:\Developments\ARIS\Disease\Validation\Bacterial Blight in cotton\crop_22.jpg,Bacterial Blight in cotton,val,3,3,Bacterial Blight in cotton,0.8406759
R:\Developments\ARIS\Disease\Validation\Bacterial Blight in cotton\crop_23.jpg,Bacterial Blight in cotton,val,3,3,Bacterial Blight in cotton,0.418679
R:\Developments\ARIS\Disease\Validation\Bacterial Blight in cotton\crop_24.jpg,Bacterial Blight in cotton,val,3,3,Bacterial Blight in cotton,0.5643602
R:\Developments\ARIS\Disease\Validation\Bacterial Blight in cotton\crop_25.jpg,Bacterial Blight in cotton,val,3,3,Bacterial Blight in cotton,0.8527445
R:\Developments\ARIS\Disease\Validation\Bacterial Blight in cotton\crop_26.jpg,Bacterial Blight in cotton,val,3,1,Anthracnose on Cotton,0.5205121
R:\Developments\ARIS\Disease\Validation\Bacterial Blight in cotton\crop_27.jpg,Bacterial Blight in cotton,val,3,1,Anthracnose on Cotton,0.566004
R:\Developments\ARIS\Disease\Validation\Bacterial Blight in cotton\crop_28.jpg,Bacterial Blight in cotton,val,3,22,Wheat Brown leaf rust,0.1563713
R:\Developments\ARIS\Disease\Validation\Bacterial Blight in cotton\crop_29.jpg,Bacterial Blight in cotton,val,3,3,Bacterial Blight in cotton,0.33797014
R:\Developments\ARIS\Disease\Validation\Bacterial Blight in cotton\crop_3.jpg,Bacterial Blight in cotton,val,3,3,Bacterial Blight in cotton,0.66542614
R:\Developments\ARIS\Disease\Validation\Bacterial Blight in cotton\crop_30.jpg,Bacterial Blight in cotton,val,3,3,Bacterial Blight in cotton,0.48105064
R:\Developments\ARIS\Disease\Validation\Bacterial Blight in cotton\crop_31.jpg,Bacterial Blight in cotton,val,3,3,Bacterial Blight in cotton,0.64141065
R:\Developments\ARIS\Disease\Validation\Bacterial Blight in cotton\crop_32.jpg,Bacterial Blight in cotton,val,3,1,Anthracnose on Cotton,0.37617087
R:\Developments\ARIS\Disease\Validation\Bacterial Blight in cotton\crop_33.jpg,Bacterial Blight in cotton,val,3,1,Anthracnose on Cotton,0.29798463
R:\Developments\ARIS\Disease\Validation\Bacterial Blight in cotton\crop_34.jpg,Bacterial Blight in cotton,val,3,7,Cotton Aphid,0.49247405
R:\Developments\ARIS\Disease\Validation\Bacterial Blight in cotton\crop_35.jpg,Bacterial Blight in cotton,val,3,3,Bacterial Blight in cotton,0.5272522
R:\Developments\ARIS\Disease\Validation\Bacterial Blight in cotton\crop_36.jpg,Bacterial Blight in cotton,val,3,3,Bacterial Blight in cotton,0.3298417
R:\Developments\ARIS\Disease\Validation\Bacterial Blight in cotton\crop_37.jpg,Bacterial Blight in cotton,val,3,3,Bacterial Blight in cotton,0.764877
R:\Developments\ARIS\Disease\Validation\Bacterial Blight in cotton\crop_38.jpg,Bacterial Blight in cotton,val,3,12,Healthy cotton,0.28555414
R:\Developments\ARIS\Disease\Validation\Bacterial Blight in cotton\crop_39.jpg,Bacterial Blight in cotton,val,3,3,Bacterial Blight in cotton,0.84261084
R:\Developments\ARIS\Disease\Validation\Bacterial Blight in cotton\crop_4.jpg,Bacterial Blight in cotton,val,3,3,Bacterial Blight in cotton,0.41534027
R:\Developments\ARIS\Disease\Validation\Bacterial Blight in cotton\crop_40.jpg,Bacterial Blight in cotton,val,3,1,Anthracnose on Cotton,0.28227392
R:\Developments\ARIS\Disease\Validation\Bacterial Blight in cotton\crop_5.jpg,Bacterial Blight in cotton,val,3,3,Bacterial Blight in cotton,0.55777866
R:\Developments\ARIS\Disease\Validation\Bacterial Blight in cotton\crop_6.jpg,Bacterial Blight in cotton,val,3,3,Bacterial Blight in cotton,0.5091978
R:\Developments\ARIS\Disease\Validation\Bacterial Blight in cotton\crop_7.jpg,Bacterial Blight in cotton,val,3,3,Bacterial Blight in cotton,0.82440823
R:\Developments\ARIS\Disease\Validation\Bacterial Blight in cotton\crop_8.jpg,Bacterial Blight in cotton,val,3,3,Bacterial Blight in cotton,0.69516975
R:\Developments\ARIS\Disease\Validation\Bacterial Blight in cotton\crop_9.jpg,Bacterial Blight in cotton,val,3,3,Bacterial Blight in cotton,0.50258857
R:\Developments\ARIS\Disease\Validation\Bacterial Blight in cotton\flip_1.jpg,Bacterial Blight in cotton,val,3,3,Bacterial Blight in cotton,0.6199022
R:\Developments\ARIS\Disease\Validation\Bacterial Blight in cotton\flip_10.jpg,Bacterial Blight in cotton,val,3,3,Bacterial Blight in cotton,0.87404627
R:\Developments\ARIS\Disease\Validation\Bacterial Blight in cotton\flip_11.jpg,Bacterial Blight in cotton,val,3,13,Leaf Curl,0.32185754
R:\Developments\ARIS\Disease\Validation\Bacterial Blight in cotton\flip_12.jpg,Bacterial Blight in cotton,val,3,3,Bacterial Blight in cotton,0.8670163
R:\Developments\ARIS\Disease\Validation\Bacterial Blight in cotton\flip_13.jpg,Bacterial Blight in cotton,val,3,3,Bacterial Blight in cotton,0.52012104
R:\Developments\ARIS\Disease\Validation\Bacterial Blight in cotton\flip_14.jpg,Bacterial Blight in cotton,val,3,3,Bacterial Blight in cotton,0.36607817
R:\Developments\ARIS\Disease\Validation\Bacterial Blight in cotton\flip_15.jpg,Bacterial Blight in cotton,val,3,34,bacterial_blight in Cotton,0.22412264
R:\Developments\ARIS\Disease\Validation\Bacterial Blight in cotton\flip_16.jpg,Bacterial Blight in cotton,val,3,3,Bacterial Blight in cotton,0.4030027
R:\Developments\ARIS\Disease\Validation\Bacterial Blight in cotton\flip_17.jpg,Bacterial Blight in cotton,val,3,3,Bacterial Blight in cotton,0.33292907
R:\Developments\ARIS\Disease\Validation\Bacterial Blight in cotton\flip_18.jpg,Bacterial Blight in cotton,val,3,1,Anthracnose on Cotton,0.472757
R:\Developments\ARIS\Disease\Validation\Bacterial Blight in cotton\flip_19.jpg,Bacterial Blight in cotton,val,3,1,Anthracnose on Cotton,0.46400204
R:\Developments\ARIS\Disease\Validation\Bacterial Blight in cotton\flip_2.jpg,Bacterial Blight in cotton,val,3,3,Bacterial Blight in cotton,0.68221855
R:\Developments\ARIS\Disease\Validation\Bacterial Blight in cotton\flip_20.jpg,Bacterial Blight in cotton,val,3,1,Anthracnose on Cotton,0.27655986
R:\Developments\ARIS\Disease\Validation\Bacterial Blight in cotton\flip_21.jpg,Bacterial Blight in cotton,val,3,3,Bacterial Blight in cotton,0.45840123
R:\Developments\ARIS\Disease\Validation\Bacterial Blight in cotton\flip_22.jpg,Bacterial Blight in cotton,val,3,3,Bacterial Blight in cotton,0.851065
R:\Developments\ARIS\Disease\Validation\Bacterial Blight in cotton\flip_23.jpg,Bacterial Blight in cotton,val,3,3,Bacterial Blight in cotton,0.2871609
R:\Developments\ARIS\Disease\Validation\Bacterial Blight in cotton\flip_24.jpg,Bacterial Blight in cotton,val,3,3,Bacterial Blight in cotton,0.42450753
R:\Developments\ARIS\Disease\Validation\Bacterial Blight in cotton\flip_25.jpg,Bacterial Blight in cotton,val,3,3,Bacterial Blight in cotton,0.7417405
R:\Developments\ARIS\Disease\Validation\Bacterial Blight in cotton\flip_26.jpg,Bacterial Blight in cotton,val,3,1,Anthracnose on Cotton,0.5175333
R:\Developments\ARIS\Disease\Validation\Bacterial Blight in cotton\flip_27.jpg,Bacterial Blight in cotton,val,3,1,Anthracnose on Cotton,0.47764954
R:\Developments\ARIS\Disease\Validation\Bacterial Blight in cotton\flip_28.jpg,Bacterial Blight in cotton,val,3,1,Anthracnose on Cotton,0.27135715
R:\Developments\ARIS\Disease\Validation\Bacterial Blight in cotton\flip_29.jpg,Bacterial Blight in cotton,val,3,3,Bacterial Blight in cotton,0.2867186
R:\Developments\ARIS\Disease\Validation\Bacterial Blight in cotton\flip_3.jpg,Bacterial Blight in cotton,val,3,3,Bacterial Blight in cotton,0.78098184
R:\Developments\ARIS\Disease\Validation\Bacterial Blight in cotton\flip_30.jpg,Bacterial Blight in cotton,val,3,3,Bacterial Blight in cotton,0.39745486
R:\Developments\ARIS\Disease\Validation\Bacterial Blight in cotton\flip_31.jpg,Bacterial Blight in cotton,val,3,1,Anthracnose on Cotton,0.38902315
R:\Developments\ARIS\Disease\Validation\Bacterial Blight in cotton\flip_32.jpg,Bacterial Blight in cotton,val,3,34,bacterial_blight in Cotton,0.42317152
R:\Developments\ARIS\Disease\Validation\Bacterial Blight in cotton\flip_33.jpg,Bacterial Blight in cotton,val,3,1,Anthracnose on Cotton,0.39772543
R:\Developments\ARIS\Disease\Validation\Bacterial Blight in cotton\flip_34.jpg,Bacterial Blight in cotton,val,3,1,Anthracnose on Cotton,0.5906707
R:\Developments\ARIS\Disease\Validation\Bacterial Blight in cotton\flip_35.jpg,Bacterial Blight in cotton,val,3,3,Bacterial Blight in cotton,0.60777193
R:\Developments\ARIS\Disease\Validation\Bacterial Blight in cotton\flip_36.jpg,Bacterial Blight in cotton,val,3,3,Bacterial Blight in cotton,0.25991964
R:\Developments\ARIS\Disease\Validation\Bacterial Blight in cotton\flip_37.jpg,Bacterial Blight in cotton,val,3,3,Bacterial Blight in cotton,0.7829101
R:\Developments\ARIS\Disease\Validation\Bacterial Blight in cotton\flip_38.jpg,Bacterial Blight in cotton,val,3,12,Healthy cotton,0.19324584
R:\Developments\ARIS\Disease\Validation\Bacterial Blight in cotton\flip_39.jpg,Bacterial Blight in cotton,val,3,3,Bacterial Blight in cotton,0.68609935
R:\Developments\ARIS\Disease\Validation\Bacterial Blight in cotton\flip_4.jpg,Bacterial Blight in cotton,val,3,3,Bacterial Blight in cotton,0.59523827
R:\Developments\ARIS\Disease\Validation\Bacterial Blight in cotton\flip_40.jpg,Bacterial Blight in cotton,val,3,1,Anthracnose on Cotton,0.6188598
R:\Developments\ARIS\Disease\Validation\Bacterial Blight in cotton\flip_5.jpg,Bacterial Blight in cotton,val,3,3,Bacterial Blight in cotton,0.39958128
R:\Developments\ARIS\Disease\Validation\Bacterial Blight in cotton\flip_6.jpg,Bacterial Blight in cotton,val,3,3,Bacterial Blight in cotton,0.47969118
R:\Developments\ARIS\Disease\Validation\Bacterial Blight in cotton\flip_7.jpg,Bacterial Blight in cotton,val,3,3,Bacterial Blight in cotton,0.9276113
R:\Developments\ARIS\Disease\Validation\Bacterial Blight in cotton\flip_8.jpg,Bacterial Blight in cotton,val,3,3,Bacterial Blight in cotton,0.5967255
R:\Developments\ARIS\Disease\Validation\Bacterial Blight in cotton\flip_9.jpg,Bacterial Blight in cotton,val,3,3,Bacterial Blight in cotton,0.60693294
R:\Developments\ARIS\Disease\Validation\Bacterial Blight in cotton\flip_horizontal_1.jpg,Bacterial Blight in cotton,val,3,3,Bacterial Blight in cotton,0.6192003
R:\Developments\ARIS\Disease\Validation\Bacterial Blight in cotton\flip_horizontal_10.jpg,Bacterial Blight in cotton,val,3,3,Bacterial Blight in cotton,0.8609821
R:\Developments\ARIS\Disease\Validation\Bacterial Blight in cotton\flip_horizontal_11.jpg,Bacterial Blight in cotton,val,3,13,Leaf Curl,0.31667367
R:\Developments\ARIS\Disease\Validation\Bacterial Blight in cotton\flip_horizontal_12.jpg,Bacterial Blight in cotton,val,3,3,Bacterial Blight in cotton,0.81236076
R:\Developments\ARIS\Disease\Validation\Bacterial Blight in cotton\flip_horizontal_13.jpg,Bacterial Blight in cotton,val,3,3,Bacterial Blight in cotton,0.51821846
R:\Developments\ARIS\Disease\Validation\Bacterial Blight in cotton\flip_horizontal_14.jpg,Bacterial Blight in cotton,val,3,3,Bacterial Blight in cotton,0.42232347
R:\Developments\ARIS\Disease\Validation\Bacterial Blight in cotton\flip_horizontal_15.jpg,Bacterial Blight in cotton,val,3,1,Anthracnose on Cotton,0.21552043
R:\Developments\ARIS\Disease\Validation\Bacterial Blight in cotton\flip_horizontal_16.jpg,Bacterial Blight in cotton,val,3,3,Bacterial Blight in cotton,0.36971906
R:\Developments\ARIS\Disease\Validation\Bacterial Blight in cotton\flip_horizontal_17.jpg,Bacterial Blight in cotton,val,3,3,Bacterial Blight in cotton,0.2984088
R:\Developments\ARIS\Disease\Validation\Bacterial Blight in cotton\flip_horizontal_18.jpg,Bacterial Blight in cotton,val,3,1,Anthracnose on Cotton,0.4709948
R:\Developments\ARIS\Disease\Validation\Bacterial Blight in cotton\flip_horizontal_19.jpg,Bacterial Blight in cotton,val,3,1,Anthracnose on Cotton,0.38905942
R:\Developments\ARIS\Disease\Validation\Bacterial Blight in cotton\flip_horizontal_2.jpg,Bacterial Blight in cotton,val,3,3,Bacterial Blight in cotton,0.6897428
R:\Developments\ARIS\Disease\Validation\Bacterial Blight in cotton\flip_horizontal_20.jpg,Bacterial Blight in cotton,val,3,1,Anthracnose on Cotton,0.33209166
R:\Developments\ARIS\Disease\Validation\Bacterial Blight in cotton\flip_horizontal_21.jpg,Bacterial Blight in cotton,val,3,3,Bacterial Blight in cotton,0.45327464
R:\Developments\ARIS\Disease\Validation\Bacterial Blight in cotton\flip_horizontal_22.jpg,Bacterial Blight in cotton,val,3,3,Bacterial Blight in cotton,0.84426117
R:\Developments\ARIS\Disease\Validation\Bacterial Blight in cotton\flip_horizontal_23.jpg,Bacterial Blight in cotton,val,3,3,Bacterial Blight in cotton,0.28743187
R:\Developments\ARIS\Disease\Validation\Bacterial Blight in cotton\flip_horizontal_24.jpg,Bacterial Blight in cotton,val,3,3,Bacterial Blight in cotton,0.4115835
R:\Developments\ARIS\Disease\Validation\Bacterial Blight in cotton\flip_horizontal_25.jpg,Bacterial Blight in cotton,val,3,3,Bacterial Blight in cotton,0.7992373
R:\Developments\ARIS\Disease\Validation\Bacterial Blight in cotton\flip_horizontal_26.jpg,Bacterial Blight in cotton,val,3,1,Anthracnose on Cotton,0.42758283
R:\Developments\ARIS\Disease\Validation\Bacterial Blight in cotton\flip_horizontal_27.jpg,Bacterial Blight in cotton,val,3,1,Anthracnose on Cotton,0.45090875
R:\Developments\ARIS\Disease\Validation\Bacterial Blight in cotton\flip_horizontal_28.jpg,Bacterial Blight in cotton,val,3,1,Anthracnose on Cotton,0.22877519
R:\Developments\ARIS\Disease\Validation\Bacterial Blight in cotton\flip_horizontal_29.jpg,Bacterial Blight in cotton,val,3,3,Bacterial Blight in cotton,0.26199505
R:\Developments\ARIS\Disease\Validation\Bacterial Blight in cotton\flip_horizontal_3.jpg,Bacterial Blight in cotton,val,3,3,Bacterial Blight in cotton,0.72561735
R:\Developments\ARIS\Disease\Validation\Bacterial Blight in cotton\flip_horizontal_30.jpg,Bacterial Blight in cotton,val,3,3,Bacterial Blight in cotton,0.3932434
R:\Developments\ARIS\Disease\Validation\Bacterial Blight in cotton\flip_horizontal_31.jpg,Bacterial Blight in cotton,val,3,1,Anthracnose on Cotton,0.38991883
R:\Developments\ARIS\Disease\Validation\Bacterial Blight in cotton\flip_horizontal_32.jpg,Bacterial Blight in cotton,val,3,34,bacterial_blight in Cotton,0.36188582
R:\Developments\ARIS\Disease\Validation\Bacterial Blight in cotton\flip_horizontal_33.jpg,Bacterial Blight in cotton,val,3,1,Anthracnose on Cotton,0.3957971
R:\Developments\ARIS\Disease\Validation\Bacterial Blight in cotton\flip_horizontal_34.jpg,Bacterial Blight in cotton,val,3,1,Anthracnose on Cotton,0.58967465
R:\Developments\ARIS\Disease\Validation\Bacterial Blight in cotton\flip_horizontal_35.jpg,Bacterial Blight in cotton,val,3,3,Bacterial Blight in cotton,0.6015761
R:\Developments\ARIS\Disease\Validation\Bacterial Blight in cotton\flip_horizontal_36.jpg,Bacterial Blight in cotton,val,3,3,Bacterial Blight in cotton,0.25159827
R:\Developments\ARIS\Disease\Validation\Bacterial Blight in cotton\flip_horizontal_37.jpg,Bacterial Blight in cotton,val,3,3,Bacterial Blight in cotton,0.836695
R:\Developments\ARIS\Disease\Validation\Bacterial Blight in cotton\flip_horizontal_38.jpg,Bacterial Blight in cotton,val,3,12,Healthy cotton,0.2745392
R:\Developments\ARIS\Disease\Validation\Bacterial Blight in cotton\flip_horizontal_39.jpg,Bacterial Blight in cotton,val,3,3,Bacterial Blight in cotton,0.70581007
R:\Developments\ARIS\Disease\Validation\Bacterial Blight in cotton\flip_horizontal_4.jpg,Bacterial Blight in cotton,val,3,3,Bacterial Blight in cotton,0.59700537
R:\Developments\ARIS\Disease\Validation\Bacterial Blight in cotton\flip_horizontal_40.jpg,Bacterial Blight in cotton,val,3,1,Anthracnose on Cotton,0.5967436
R:\Developments\ARIS\Disease\Validation\Bacterial Blight in cotton\flip_horizontal_5.jpg,Bacterial Blight in cotton,val,3,3,Bacterial Blight in cotton,0.38323697
R:\Developments\ARIS\Disease\Validation\Bacterial Blight in cotton\flip_horizontal_6.jpg,Bacterial Blight in cotton,val,3,3,Bacterial Blight in cotton,0.5207482
R:\Developments\ARIS\Disease\Validation\Bacterial Blight in cotton\flip_horizontal_7.jpg,Bacterial Blight in cotton,val,3,3,Bacterial Blight in cotton,0.9107854
R:\Developments\ARIS\Disease\Validation\Bacterial Blight in cotton\flip_horizontal_8.jpg,Bacterial Blight in cotton,val,3,3,Bacterial Blight in cotton,0.730165
R:\Developments\ARIS\Disease\Validation\Bacterial Blight in cotton\flip_horizontal_9.jpg,Bacterial Blight in cotton,val,3,3,Bacterial Blight in cotton,0.48486254
R:\Developments\ARIS\Disease\Validation\Bacterial Blight in cotton\rescale_1.jpg,Bacterial Blight in cotton,val,3,3,Bacterial Blight in cotton,0.6026258
R:\Developments\ARIS\Disease\Validation\Bacterial Blight in cotton\rescale_10.jpg,Bacterial Blight in cotton,val,3,3,Bacterial Blight in cotton,0.7269416
R:\Developments\ARIS\Disease\Validation\Bacterial Blight in cotton\rescale_11.jpg,Bacterial Blight in cotton,val,3,1,Anthracnose on Cotton,0.17833976
R:\Developments\ARIS\Disease\Validation\Bacterial Blight in cotton\rescale_12.jpg,Bacterial Blight in cotton,val,3,3,Bacterial Blight in cotton,0.7316534
R:\Developments\ARIS\Disease\Validation\Bacterial Blight in cotton\rescale_13.jpg,Bacterial Blight in cotton,val,3,3,Bacterial Blight in cotton,0.41212747
R:\Developments\ARIS\Disease\Validation\Bacterial Blight in cotton\rescale_14.jpg,Bacterial Blight in cotton,val,3,3,Bacterial Blight in cotton,0.69799846
R:\Developments\ARIS\Disease\Validation\Bacterial Blight in cotton\rescale_15.jpg,Bacterial Blight in cotton,val,3,1,Anthracnose on Cotton,0.44924912
R:\Developments\ARIS\Disease\Validation\Bacterial Blight in cotton\rescale_16.jpg,Bacterial Blight in cotton,val,3,1,Anthracnose on Cotton,0.3553947
R:\Developments\ARIS\Disease\Validation\Bacterial Blight in cotton\rescale_17.jpg,Bacterial Blight in cotton,val,3,22,Wheat Brown leaf rust,0.09643614
R:\Developments\ARIS\Disease\Validation\Bacterial Blight in cotton\rescale_18.jpg,Bacterial Blight in cotton,val,3,1,Anthracnose on Cotton,0.5517397
R:\Developments\ARIS\Disease\Validation\Bacterial Blight in cotton\rescale_19.jpg,Bacterial Blight in cotton,val,3,1,Anthracnose on Cotton,0.36829033
R:\Developments\ARIS\Disease\Validation\Bacterial Blight in cotton\rescale_2.jpg,Bacterial Blight in cotton,val,3,3,Bacterial Blight in cotton,0.37095848
R:\Developments\ARIS\Disease\Validation\Bacterial Blight in cotton\rescale_20.jpg,Bacterial Blight in cotton,val,3,44,thirps on  cotton,0.14216676
R:\Developments\ARIS\Disease\Validation\Bacterial Blight in cotton\rescale_21.jpg,Bacterial Blight in cotton,val,3,3,Bacterial Blight in cotton,0.44347775
R:\Developments\ARIS\Disease\Validation\Bacterial Blight in cotton\rescale_22.jpg,Bacterial Blight in cotton,val,3,3,Bacterial Blight in cotton,0.8667197
R:\Developments\ARIS\Disease\Validation\Bacterial Blight in cotton\rescale_23.jpg,Bacterial Blight in cotton,val,3,3,Bacterial Blight in cotton,0.2751638
R:\Developments\ARIS\Disease\Validation\Bacterial Blight in cotton\rescale_24.jpg,Bacterial Blight in cotton,val,3,3,Bacterial Blight in cotton,0.5239683
R:\Developments\ARIS\Disease\Validation\Bacterial Blight in cotton\rescale_25.jpg,Bacterial Blight in cotton,val,3,3,Bacterial Blight in cotton,0.55525774
R:\Developments\ARIS\Disease\Validation\Bacterial Blight in cotton\rescale_26.jpg,Bacterial Blight in cotton,val,3,1,Anthracnose on Cotton,0.23283897
R:\Developments\ARIS\Disease\Validation\Bacterial Blight in cotton\rescale_27.jpg,Bacterial Blight in cotton,val,3,1,Anthracnose on Cotton,0.49718484
R:\Developments\ARIS\Disease\Validation\Bacterial Blight in cotton\rescale_28.jpg,Bacterial Blight in cotton,val,3,22,Wheat Brown leaf rust,0.13179116
R:\Developments\ARIS\Disease\Validation\Bacterial Blight in cotton\rescale_29.jpg,Bacterial Blight in cotton,val,3,31,Wheat___Yellow_Rust,0.2181561
R:\Developments\ARIS\Disease\Validation\Bacterial Blight in cotton\rescale_3.jpg,Bacterial Blight in cotton,val,3,3,Bacterial Blight in cotton,0.5767078
R:\Developments\ARIS\Disease\Validation\Bacterial Blight in cotton\rescale_30.jpg,Bacterial Blight in cotton,val,3,3,Bacterial Blight in cotton,0.33018005
R:\Developments\ARIS\Disease\Validation\Bacterial Blight in cotton\rescale_31.jpg,Bacterial Blight in cotton,val,3,1,Anthracnose on Cotton,0.36715665
R:\Developments\ARIS\Disease\Validation\Bacterial Blight in cotton\rescale_32.jpg,Bacterial Blight in cotton,val,3,34,bacterial_blight in Cotton,0.3362538
R:\Developments\ARIS\Disease\Validation\Bacterial Blight in cotton\rescale_33.jpg,Bacterial Blight in cotton,val,3,1,Anthracnose on Cotton,0.38086024
R:\Developments\ARIS\Disease\Validation\Bacterial Blight in cotton\rescale_34.jpg,Bacterial Blight in cotton,val,3,1,Anthracnose on Cotton,0.56775206
R:\Developments\ARIS\Disease\Validation\Bacterial Blight in cotton\rescale_35.jpg,Bacterial Blight in cotton,val,3,3,Bacterial Blight in cotton,0.471982
R:\Developments\ARIS\Disease\Validation\Bacterial Blight in cotton\rescale_36.jpg,Bacterial Blight in cotton,val,3,34,bacterial_blight in Cotton,0.2579629
R:\Developments\ARIS\Disease\Validation\Bacterial Blight in cotton\rescale_37.jpg,Bacterial Blight in cotton,val,3,3,Bacterial Blight in cotton,0.79874533
R:\Developments\ARIS\Disease\Validation\Bacterial Blight in cotton\rescale_38.jpg,Bacterial Blight in cotton,val,3,12,Healthy cotton,0.23056321
R:\Developments\ARIS\Disease\Validation\Bacterial Blight in cotton\rescale_39.jpg,Bacterial Blight in cotton,val,3,3,Bacterial Blight in cotton,0.6416509
R:\Developments\ARIS\Disease\Validation\Bacterial Blight in cotton\rescale_4.jpg,Bacterial Blight in cotton,val,3,3,Bacterial Blight in cotton,0.70855856
R:\Developments\ARIS\Disease\Validation\Bacterial Blight in cotton\rescale_40.jpg,Bacterial Blight in cotton,val,3,1,Anthracnose on Cotton,0.5649344
R:\Developments\ARIS\Disease\Validation\Bacterial Blight in cotton\rescale_5.jpg,Bacterial Blight in cotton,val,3,3,Bacterial Blight in cotton,0.42854068
R:\Developments\ARIS\Disease\Validation\Bacterial Blight in cotton\rescale_6.jpg,Bacterial Blight in cotton,val,3,3,Bacterial Blight in cotton,0.43327507
R:\Developments\ARIS\Disease\Validation\Bacterial Blight in cotton\rescale_7.jpg,Bacterial Blight in cotton,val,3,3,Bacterial Blight in cotton,0.8917262
R:\Developments\ARIS\Disease\Validation\Bacterial Blight in cotton\rescale_8.jpg,Bacterial Blight in cotton,val,3,3,Bacterial Blight in cotton,0.65233123
R:\Developments\ARIS\Disease\Validation\Bacterial Blight in cotton\rescale_9.jpg,Bacterial Blight in cotton,val,3,3,Bacterial Blight in cotton,0.55699134
R:\Developments\ARIS\Disease\Validation\Bacterial Blight in cotton\rotation_1.jpg,Bacterial Blight in cotton,val,3,3,Bacterial Blight in cotton,0.61992437
R:\Developments\ARIS\Disease\Validation\Bacterial Blight in cotton\rotation_10.jpg,Bacterial Blight in cotton,val,3,3,Bacterial Blight in cotton,0.82080144
R:\Developments\ARIS\Disease\Validation\Bacterial Blight in cotton\rotation_11.jpg,Bacterial Blight in cotton,val,3,13,Leaf Curl,0.3171282
R:\Developments\ARIS\Disease\Validation\Bacterial Blight in cotton\rotation_12.jpg,Bacterial Blight in cotton,val,3,3,Bacterial Blight in cotton,0.810312
R:\Developments\ARIS\Disease\Validation\Bacterial Blight in cotton\rotation_13.jpg,Bacterial Blight in cotton,val,3,3,Bacterial Blight in cotton,0.44479346
R:\Developments\ARIS\Disease\Validation\Bacterial Blight in cotton\rotation_14.jpg,Bacterial Blight in cotton,val,3,3,Bacterial Blight in cotton,0.3708986
R:\Developments\ARIS\Disease\Validation\Bacterial Blight in cotton\rotation_15.jpg,Bacterial Blight in cotton,val,3,1,Anthracnose on Cotton,0.21819966
R:\Developments\ARIS\Disease\Validation\Bacterial Blight in cotton\rotation_16.jpg,Bacterial Blight in cotton,val,3,3,Bacterial Blight in cotton,0.3071324
R:\Developments\ARIS\Disease\Validation\Bacterial Blight in cotton\rotation_17.jpg,Bacterial Blight in cotton,val,3,3,Bacterial Blight in cotton,0.39454666
R:\Developments\ARIS\Disease\Validation\Bacterial Blight in cotton\rotation_18.jpg,Bacterial Blight in cotton,val,3,1,Anthracnose on Cotton,0.4706556
R:\Developments\ARIS\Disease\Validation\Bacterial Blight in cotton\rotation_19.jpg,Bacterial Blight in cotton,val,3,1,Anthracnose on Cotton,0.404549
R:\Developments\ARIS\Disease\Validation\Bacterial Blight in cotton\rotation_2.jpg,Bacterial Blight in cotton,val,3,3,Bacterial Blight in cotton,0.6814442
R:\Developments\ARIS\Disease\Validation\Bacterial Blight in cotton\rotation_20.jpg,Bacterial Blight in cotton,val,3,1,Anthracnose on Cotton,0.36083177
R:\Developments\ARIS\Disease\Validation\Bacterial Blight in cotton\rotation_21.jpg,Bacterial Blight in cotton,val,3,3,Bacterial Blight in cotton,0.46204808
R:\Developments\ARIS\Disease\Validation\Bacterial Blight in cotton\rotation_22.jpg,Bacterial Blight in cotton,val,3,3,Bacterial Blight in cotton,0.7857252
R:\Developments\ARIS\Disease\Validation\Bacterial Blight in cotton\rotation_23.jpg,Bacterial Blight in cotton,val,3,3,Bacterial Blight in cotton,0.2741147
R:\Developments\ARIS\Disease\Validation\Bacterial Blight in cotton\rotation_24.jpg,Bacterial Blight in cotton,val,3,3,Bacterial Blight in cotton,0.42580375
R:\Developments\ARIS\Disease\Validation\Bacterial Blight in cotton\rotation_25.jpg,Bacterial Blight in cotton,val,3,3,Bacterial Blight in cotton,0.7999731
R:\Developments\ARIS\Disease\Validation\Bacterial Blight in cotton\rotation_26.jpg,Bacterial Blight in cotton,val,3,1,Anthracnose on Cotton,0.42601755
R:\Developments\ARIS\Disease\Validation\Bacterial Blight in cotton\rotation_27.jpg,Bacterial Blight in cotton,val,3,1,Anthracnose on Cotton,0.44257388
R:\Developments\ARIS\Disease\Validation\Bacterial Blight in cotton\rotation_28.jpg,Bacterial Blight in cotton,val,3,1,Anthracnose on Cotton,0.27153856
R:\Developments\ARIS\Disease\Validation\Bacterial Blight in cotton\rotation_29.jpg,Bacterial Blight in cotton,val,3,3,Bacterial Blight in cotton,0.3180081
R:\Developments\ARIS\Disease\Validation\Bacterial Blight in cotton\rotation_3.jpg,Bacterial Blight in cotton,val,3,3,Bacterial Blight in cotton,0.7841058
R:\Developments\ARIS\Disease\Validation\Bacterial Blight in cotton\rotation_30.jpg,Bacterial Blight in cotton,val,3,3,Bacterial Blight in cotton,0.4896542
R:\Developments\ARIS\Disease\Validation\Bacterial Blight in cotton\rotation_31.jpg,Bacterial Blight in cotton,val,3,1,Anthracnose on Cotton,0.39373425
R:\Developments\ARIS\Disease\Validation\Bacterial Blight in cotton\rotation_32.jpg,Bacterial Blight in cotton,val,3,34,bacterial_blight in Cotton,0.41961423
R:\Developments\ARIS\Disease\Validation\Bacterial Blight in cotton\rotation_33.jpg,Bacterial Blight in cotton,val,3,1,Anthracnose on Cotton,0.35896754
R:\Developments\ARIS\Disease\Validation\Bacterial Blight in cotton\rotation_34.jpg,Bacterial Blight in cotton,val,3,1,Anthracnose on Cotton,0.5447217
R:\Developments\ARIS\Disease\Validation\Bacterial Blight in cotton\rotation_35.jpg,Bacterial Blight in cotton,val,3,3,Bacterial Blight in cotton,0.60146976
R:\Developments\ARIS\Disease\Validation\Bacterial Blight in cotton\rotation_36.jpg,Bacterial Blight in cotton,val,3,3,Bacterial Blight in cotton,0.24933125
R:\Developments\ARIS\Disease\Validation\Bacterial Blight in cotton\rotation_37.jpg,Bacterial Blight in cotton,val,3,3,Bacterial Blight in cotton,0.6873524
R:\Developments\ARIS\Disease\Validation\Bacterial Blight in cotton\rotation_38.jpg,Bacterial Blight in cotton,val,3,12,Healthy cotton,0.28129622
R:\Developments\ARIS\Disease\Validation\Bacterial Blight in cotton\rotation_39.jpg,Bacterial Blight in cotton,val,3,3,Bacterial Blight in cotton,0.7066381
R:\Developments\ARIS\Disease\Validation\Bacterial Blight in cotton\rotation_4.jpg,Bacterial Blight in cotton,val,3,3,Bacterial Blight in cotton,0.65833354
R:\Developments\ARIS\Disease\Validation\Bacterial Blight in cotton\rotation_40.jpg,Bacterial Blight in cotton,val,3,1,Anthracnose on Cotton,0.61144453
R:\Developments\ARIS\Disease\Validation\Bacterial Blight in cotton\rotation_5.jpg,Bacterial Blight in cotton,val,3,3,Bacterial Blight in cotton,0.38753295
R:\Developments\ARIS\Disease\Validation\Bacterial Blight in cotton\rotation_6.jpg,Bacterial Blight in cotton,val,3,3,Bacterial Blight in cotton,0.4738715
R:\Developments\ARIS\Disease\Validation\Bacterial Blight in cotton\rotation_7.jpg,Bacterial Blight in cotton,val,3,3,Bacterial Blight in cotton,0.9025274
R:\Developments\ARIS\Disease\Validation\Bacterial Blight in cotton\rotation_8.jpg,Bacterial Blight in cotton,val,3,3,Bacterial Blight in cotton,0.55696875
R:\Developments\ARIS\Disease\Validation\Bacterial Blight in cotton\rotation_9.jpg,Bacterial Blight in cotton,val,3,3,Bacterial Blight in cotton,0.523814
R:\Developments\ARIS\Disease\Validation\Bacterial Blight in cotton\rotozoom1.jpg,Bacterial Blight in cotton,val,3,3,Bacterial Blight in cotton,0.27397588
R:\Developments\ARIS\Disease\Validation\Bacterial Blight in cotton\rotozoom2.jpg,Bacterial Blight in cotton,val,3,3,Bacterial Blight in cotton,0.34832242
R:\Developments\ARIS\Disease\Validation\Bacterial Blight in cotton\zoom_39.jpg,Bacterial Blight in cotton,val,3,3,Bacterial Blight in cotton,0.7787345
R:\Developments\ARIS\Disease\Validation\Bacterial Blight in cotton\zoom_40.jpg,Bacterial Blight in cotton,val,3,1,Anthracnose on Cotton,0.34519872
R:\Developments\ARIS\Disease\Validation\Becterial Blight in Rice\Image_1.jpg,Becterial Blight in Rice,val,4,22,Wheat Brown leaf rust,0.18900894
R:\Developments\ARIS\Disease\Validation\Becterial Blight in Rice\Image_10.jpg,Becterial Blight in Rice,val,4,26,Wheat leaf blight,0.23061657
R:\Developments\ARIS\Disease\Validation\Becterial Blight in Rice\Image_11.jpg,Becterial Blight in Rice,val,4,22,Wheat Brown leaf rust,0.30910292
R:\Developments\ARIS\Disease\Validation\Becterial Blight in Rice\Image_12.jpg,Becterial Blight in Rice,val,4,22,Wheat Brown leaf rust,0.2027364
R:\Developments\ARIS\Disease\Validation\Becterial Blight in Rice\Image_14.jpg,Becterial Blight in Rice,val,4,22,Wheat Brown leaf rust,0.29552832
R:\Developments\ARIS\Disease\Validation\Becterial Blight in Rice\Image_15.jpg,Becterial Blight in Rice,val,4,26,Wheat leaf blight,0.3403343
R:\Developments\ARIS\Disease\Validation\Becterial Blight in Rice\Image_17.jpg,Becterial Blight in Rice,val,4,22,Wheat Brown leaf rust,0.30067882
R:\Developments\ARIS\Disease\Validation\Becterial Blight in Rice\Image_18.jpg,Becterial Blight in Rice,val,4,22,Wheat Brown leaf rust,0.32976636
R:\Developments\ARIS\Disease\Validation\Becterial Blight in Rice\Image_19.jpg,Becterial Blight in Rice,val,4,17,RedRust sugarcane,0.16972768
R:\Developments\ARIS\Disease\Validation\Becterial Blight in Rice\Image_20.jpg,Becterial Blight in Rice,val,4,28,Wheat powdery mildew,0.18250696
R:\Developments\ARIS\Disease\Validation\Becterial Blight in Rice\Image_22.jpg,Becterial Blight in Rice,val,4,22,Wheat Brown leaf rust,0.3148276
R:\Developments\ARIS\Disease\Validation\Becterial Blight in Rice\Image_24.jpg,Becterial Blight in Rice,val,4,22,Wheat Brown leaf rust,0.28362873
R:\Developments\ARIS\Disease\Validation\Becterial Blight in Rice\Image_25.jpg,Becterial Blight in Rice,val,4,20,Tungro,0.1376798
R:\Developments\ARIS\Disease\Validation\Becterial Blight in Rice\Image_28.JPG,Becterial Blight in Rice,val,4,22,Wheat Brown leaf rust,0.26585022
R:\Developments\ARIS\Disease\Validation\Becterial Blight in Rice\Image_29.jpg,Becterial Blight in Rice,val,4,22,Wheat Brown leaf rust,0.31502378
R:\Developments\ARIS\Disease\Validation\Becterial Blight in Rice\Image_3.jpg,Becterial Blight in Rice,val,4,22,Wheat Brown leaf rust,0.2674703
R:\Developments\ARIS\Disease\Validation\Becterial Blight in Rice\Image_4.jpg,Becterial Blight in Rice,val,4,22,Wheat Brown leaf rust,0.25673464
R:\Developments\ARIS\Disease\Validation\Becterial Blight in Rice\Image_5.jpg,Becterial Blight in Rice,val,4,22,Wheat Brown leaf rust,0.19744663
R:\Developments\ARIS\Disease\Validation\Becterial Blight in Rice\Image_6.jpg,Becterial Blight in Rice,val,4,22,Wheat Brown leaf rust,0.16329964
R:\Developments\ARIS\Disease\Validation\Becterial Blight in Rice\Image_7.jpg,Becterial Blight in Rice,val,4,22,Wheat Brown leaf rust,0.2612734
R:\Developments\ARIS\Disease\Validation\Becterial Blight in Rice\Image_8.jpg,Becterial Blight in Rice,val,4,29,Wheat scab,0.15971118
R:\Developments\ARIS\Disease\Validation\Becterial Blight in Rice\Image_9.jpg,Becterial Blight in Rice,val,4,22,Wheat Brown leaf rust,0.24712493
R:\Developments\ARIS\Disease\Validation\bollrot on Cotton\Image_1.jpeg,bollrot on Cotton,val,35,35,bollrot on Cotton,0.9897868
R:\Developments\ARIS\Disease\Validation\bollrot on Cotton\Image_2.JPG,bollrot on Cotton,val,35,35,bollrot on Cotton,0.99562764
R:\Developments\ARIS\Disease\Validation\bollworm on Cotton\Image_1.jpg,bollworm on Cotton,val,36,36,bollworm on Cotton,0.7544191
R:\Developments\ARIS\Disease\Validation\bollworm on Cotton\Image_10.jpg,bollworm on Cotton,val,36,36,bollworm on Cotton,0.5358715
R:\Developments\ARIS\Disease\Validation\bollworm on Cotton\Image_2.jpg,bollworm on Cotton,val,36,36,bollworm on Cotton,0.7520566
R:\Developments\ARIS\Disease\Validation\bollworm on Cotton\Image_3.jpg,bollworm on Cotton,val,36,36,bollworm on Cotton,0.8000524
R:\Developments\ARIS\Disease\Validation\bollworm on Cotton\Image_4.jpg,bollworm on Cotton,val,36,36,bollworm on Cotton,0.7547576
R:\Developments\ARIS\Disease\Validation\bollworm on Cotton\Image_5.jpg,bollworm on Cotton,val,36,36,bollworm on Cotton,0.66534466
R:\Developments\ARIS\Disease\Validation\bollworm on Cotton\Image_6.jpg,bollworm on Cotton,val,36,36,bollworm on Cotton,0.4616005
R:\Developments\ARIS\Disease\Validation\bollworm on Cotton\Image_7.jpg,bollworm on Cotton,val,36,36,bollworm on Cotton,0.6582468
R:\Developments\ARIS\Disease\Validation\bollworm on Cotton\Image_8.jpg,bollworm on Cotton,val,36,36,bollworm on Cotton,0.69439125
R:\Developments\ARIS\Disease\Validation\bollworm on Cotton\Image_9.jpg,bollworm on Cotton,val,36,36,bollworm on Cotton,0.51742285
R:\Developments\ARIS\Disease\Validation\Brownspot\1.jpg,Brownspot,val,5,22,Wheat Brown leaf rust,0.4836482
R:\Developments\ARIS\Disease\Validation\Brownspot\11.jpg,Brownspot,val,5,22,Wheat Brown leaf rust,0.4228387
R:\Developments\ARIS\Disease\Validation\Brownspot\12.jpg,Brownspot,val,5,22,Wheat Brown leaf rust,0.8134009
R:\Developments\ARIS\Disease\Validation\Brownspot\2.jpg,Brownspot,val,5,22,Wheat Brown leaf rust,0.7483943
R:\Developments\ARIS\Disease\Validation\Brownspot\3.jpg,Brownspot,val,5,22,Wheat Brown leaf rust,0.43525052
R:\Developments\ARIS\Disease\Validation\Brownspot\4.jpg,Brownspot,val,5,14,Leaf smut,0.40795806
R:\Developments\ARIS\Disease\Validation\Brownspot\5.jpg,Brownspot,val,5,22,Wheat Brown leaf rust,0.5919974
R:\Developments\ARIS\Disease\Validation\Brownspot\7.jpg,Brownspot,val,5,14,Leaf smut,0.40814734
R:\Developments\ARIS\Disease\Validation\Brownspot\9.jpg,Brownspot,val,5,14,Leaf smut,0.6020505
R:\Developments\ARIS\Disease\Validation\Common_Rust\Image_1.jpg,Common_Rust,val,6,14,Leaf smut,0.31791332
R:\Developments\ARIS\Disease\Validation\Common_Rust\Image_10.jpg,Common_Rust,val,6,27,Wheat mite,0.38598302
R:\Developments\ARIS\Disease\Validation\Common_Rust\Image_11.jpg,Common_Rust,val,6,1,Anthracnose on Cotton,0.20143288
R:\Developments\ARIS\Disease\Validation\Common_Rust\Image_12.jpg,Common_Rust,val,6,22,Wheat Brown leaf rust,0.107830524
R:\Developments\ARIS\Disease\Validation\Common_Rust\Image_13.jpg,Common_Rust,val,6,11,Healthy Wheat,0.12606177
R:\Developments\ARIS\Disease\Validation\Common_Rust\Image_14.jpg,Common_Rust,val,6,22,Wheat Brown leaf rust,0.32364863
R:\Developments\ARIS\Disease\Validation\Common_Rust\Image_15.jpg,Common_Rust,val,6,22,Wheat Brown leaf rust,0.60686463
R:\Developments\ARIS\Disease\Validation\Common_Rust\Image_16.jpg,Common_Rust,val,6,11,Healthy Wheat,0.13558109
R:\Developments\ARIS\Disease\Validation\Common_Rust\Image_17.jpg,Common_Rust,val,6,41,maize stem borer,0.13668849
R:\Developments\ARIS\Disease\Validation\Common_Rust\Image_18.jpg,Common_Rust,val,6,14,Leaf smut,0.29407313
R:\Developments\ARIS\Disease\Validation\Common_Rust\Image_19.jpg,Common_Rust,val,6,9,Gray_Leaf_Spot,0.11581761
R:\Developments\ARIS\Disease\Validation\Common_Rust\Image_20.jpg,Common_Rust,val,6,22,Wheat Brown leaf rust,0.51921606
R:\Developments\ARIS\Disease\Validation\Common_Rust\Image_3.jpg,Common_Rust,val,6,22,Wheat Brown leaf rust,0.67567086
R:\Developments\ARIS\Disease\Validation\Common_Rust\Image_4.jpg,Common_Rust,val,6,36,bollworm on Cotton,0.15848616
R:\Developments\ARIS\Disease\Validation\Common_Rust\Image_5.jpg,Common_Rust,val,6,14,Leaf smut,0.15472288
R:\Developments\ARIS\Disease\Validation\Common_Rust\Image_6.jpg,Common_Rust,val,6,22,Wheat Brown leaf rust,0.3882452
R:\Developments\ARIS\Disease\Validation\Common_Rust\Image_7.jpg,Common_Rust,val,6,38,cotton whitefly,0.13386895
R:\Developments\ARIS\Disease\Validation\Common_Rust\Image_8.jpg,Common_Rust,val,6,22,Wheat Brown leaf rust,0.21403788
R:\Developments\ARIS\Disease\Validation\Cotton Aphid\1 (2).jpg,Cotton Aphid,val,7,1,Anthracnose on Cotton,0.40379688
R:\Developments\ARIS\Disease\Validation\Cotton Aphid\1.jpg,Cotton Aphid,val,7,1,Anthracnose on Cotton,0.400758
R:\Developments\ARIS\Disease\Validation\Cotton Aphid\10 (2).jpg,Cotton Aphid,val,7,37,cotton mealy bug,0.19079505
R:\Developments\ARIS\Disease\Validation\Cotton Aphid\10.jpg,Cotton Aphid,val,7,37,cotton mealy bug,0.18569942
R:\Developments\ARIS\Disease\Validation\Cotton Aphid\11 (2).jpg,Cotton Aphid,val,7,1,Anthracnose on Cotton,0.5099416
R:\Developments\ARIS\Disease\Validation\Cotton Aphid\11.jpg,Cotton Aphid,val,7,1,Anthracnose on Cotton,0.5129081
R:\Developments\ARIS\Disease\Validation\Cotton Aphid\12.jpg,Cotton Aphid,val,7,7,Cotton Aphid,0.30770037
R:\Developments\ARIS\Disease\Validation\Cotton Aphid\13 (2).jpg,Cotton Aphid,val,7,1,Anthracnose on Cotton,0.42418623
R:\Developments\ARIS\Disease\Validation\Cotton Aphid\13.jpg,Cotton Aphid,val,7,1,Anthracnose on Cotton,0.42504406
R:\Developments\ARIS\Disease\Validation\Cotton Aphid\14 (2).jpg,Cotton Aphid,val,7,7,Cotton Aphid,0.51052076
R:\Developments\ARIS\Disease\Validation\Cotton Aphid\14.jpg,Cotton Aphid,val,7,7,Cotton Aphid,0.51364017
R:\Developments\ARIS\Disease\Validation\Cotton Aphid\15 (2).jpg,Cotton Aphid,val,7,7,Cotton Aphid,0.42213917
R:\Developments\ARIS\Disease\Validation\Cotton Aphid\15.jpg,Cotton Aphid,val,7,7,Cotton Aphid,0.4199399
R:\Developments\ARIS\Disease\Validation\Cotton Aphid\16 (2).jpg,Cotton Aphid,val,7,7,Cotton Aphid,0.5088993
R:\Developments\ARIS\Disease\Validation\Cotton Aphid\16.jpg,Cotton Aphid,val,7,7,Cotton Aphid,0.5096181
R:\Developments\ARIS\Disease\Validation\Cotton Aphid\17 (2).jpg,Cotton Aphid,val,7,7,Cotton Aphid,0.5063172
R:\Developments\ARIS\Disease\Validation\Cotton Aphid\17.jpg,Cotton Aphid,val,7,7,Cotton Aphid,0.507123
R:\Developments\ARIS\Disease\Validation\Cotton Aphid\18 (2).jpg,Cotton Aphid,val,7,1,Anthracnose on Cotton,0.36776865
R:\Developments\ARIS\Disease\Validation\Cotton Aphid\18.jpg,Cotton Aphid,val,7,1,Anthracnose on Cotton,0.3695549
R:\Developments\ARIS\Disease\Validation\Cotton Aphid\19 (2).jpg,Cotton Aphid,val,7,7,Cotton Aphid,0.52688587
R:\Developments\ARIS\Disease\Validation\Cotton Aphid\19.jpg,Cotton Aphid,val,7,7,Cotton Aphid,0.52465624
R:\Developments\ARIS\Disease\Validation\Cotton Aphid\2 (2).jpg,Cotton Aphid,val,7,7,Cotton Aphid,0.5528596
R:\Developments\ARIS\Disease\Validation\Cotton Aphid\2.jpg,Cotton Aphid,val,7,7,Cotton Aphid,0.55457306
R:\Developments\ARIS\Disease\Validation\Cotton Aphid\20 (2).jpg,Cotton Aphid,val,7,3,Bacterial Blight in cotton,0.18128075
R:\Developments\ARIS\Disease\Validation\Cotton Aphid\20.jpg,Cotton Aphid,val,7,3,Bacterial Blight in cotton,0.1823652
R:\Developments\ARIS\Disease\Validation\Cotton Aphid\21 (2).jpg,Cotton Aphid,val,7,7,Cotton Aphid,0.21894081
R:\Developments\ARIS\Disease\Validation\Cotton Aphid\21.jpg,Cotton Aphid,val,7,7,Cotton Aphid,0.21743621
R:\Developments\ARIS\Disease\Validation\Cotton Aphid\22.jpg,Cotton Aphid,val,7,7,Cotton Aphid,0.23006922
R:\Developments\ARIS\Disease\Validation\Cotton Aphid\23.jpg,Cotton Aphid,val,7,7,Cotton Aphid,0.48302397
R:\Developments\ARIS\Disease\Validation\Cotton Aphid\24.jpg,Cotton Aphid,val,7,7,Cotton Aphid,0.5015328
R:\Developments\ARIS\Disease\Validation\Cotton Aphid\25.jpg,Cotton Aphid,val,7,7,Cotton Aphid,0.43624428
R:\Developments\ARIS\Disease\Validation\Cotton Aphid\26.jpg,Cotton Aphid,val,7,7,Cotton Aphid,0.396914
R:\Developments\ARIS\Disease\Validation\Cotton Aphid\27.jpg,Cotton Aphid,val,7,7,Cotton Aphid,0.51571584
R:\Developments\ARIS\Disease\Validation\Cotton Aphid\28.jpg,Cotton Aphid,val,7,7,Cotton Aphid,0.39075482
R:\Developments\ARIS\Disease\Validation\Cotton Aphid\29.jpg,Cotton Aphid,val,7,7,Cotton Aphid,0.4868447
R:\Developments\ARIS\Disease\Validation\Cotton Aphid\3 (2).jpg,Cotton Aphid,val,7,7,Cotton Aphid,0.41702142
R:\Developments\ARIS\Disease\Validation\Cotton Aphid\3.jpg,Cotton Aphid,val,7,7,Cotton Aphid,0.4205761
R:\Developments\ARIS\Disease\Validation\Cotton Aphid\30.jpg,Cotton Aphid,val,7,7,Cotton Aphid,0.42696
R:\Developments\ARIS\Disease\Validation\Cotton Aphid\31.jpg,Cotton Aphid,val,7,7,Cotton Aphid,0.48995957
R:\Developments\ARIS\Disease\Validation\Cotton Aphid\32.jpg,Cotton Aphid,val,7,7,Cotton Aphid,0.43399015
R:\Developments\ARIS\Disease\Validation\Cotton Aphid\33.jpg,Cotton Aphid,val,7,7,Cotton Aphid,0.34425497
R:\Developments\ARIS\Disease\Validation\Cotton Aphid\34.jpg,Cotton Aphid,val,7,7,Cotton Aphid,0.3762423
R:\Developments\ARIS\Disease\Validation\Cotton Aphid\35.jpg,Cotton Aphid,val,7,1,Anthracnose on Cotton,0.38801876
R:\Developments\ARIS\Disease\Validation\Cotton Aphid\36.jpg,Cotton Aphid,val,7,7,Cotton Aphid,0.36218965
R:\Developments\ARIS\Disease\Validation\Cotton Aphid\37.jpg,Cotton Aphid,val,7,7,Cotton Aphid,0.48118222
R:\Developments\ARIS\Disease\Validation\Cotton Aphid\38.jpg,Cotton Aphid,val,7,1,Anthracnose on Cotton,0.29921013
R:\Developments\ARIS\Disease\Validation\Cotton Aphid\39.jpg,Cotton Aphid,val,7,7,Cotton Aphid,0.4365537
R:\Developments\ARIS\Disease\Validation\Cotton Aphid\4 (2).jpg,Cotton Aphid,val,7,7,Cotton Aphid,0.55421084
R:\Developments\ARIS\Disease\Validation\Cotton Aphid\4.jpg,Cotton Aphid,val,7,7,Cotton Aphid,0.55489963
R:\Developments\ARIS\Disease\Validation\Cotton Aphid\40.jpg,Cotton Aphid,val,7,7,Cotton Aphid,0.3788651
R:\Developments\ARIS\Disease\Validation\Cotton Aphid\5 (2).jpg,Cotton Aphid,val,7,7,Cotton Aphid,0.172913
R:\Developments\ARIS\Disease\Validation\Cotton Aphid\5.jpg,Cotton Aphid,val,7,7,Cotton Aphid,0.17518838
R:\Developments\ARIS\Disease\Validation\Cotton Aphid\6 (2).jpg,Cotton Aphid,val,7,7,Cotton Aphid,0.40893722
R:\Developments\ARIS\Disease\Validation\Cotton Aphid\6.jpg,Cotton Aphid,val,7,7,Cotton Aphid,0.4106202
R:\Developments\ARIS\Disease\Validation\Cotton Aphid\7 (2).jpg,Cotton Aphid,val,7,1,Anthracnose on Cotton,0.3078936
R:\Developments\ARIS\Disease\Validation\Cotton Aphid\7.jpg,Cotton Aphid,val,7,1,Anthracnose on Cotton,0.30812463
R:\Developments\ARIS\Disease\Validation\Cotton Aphid\8 (2).jpg,Cotton Aphid,val,7,7,Cotton Aphid,0.621912
R:\Developments\ARIS\Disease\Validation\Cotton Aphid\8.jpg,Cotton Aphid,val,7,7,Cotton Aphid,0.6214671
R:\Developments\ARIS\Disease\Validation\Cotton Aphid\9 (2).jpg,Cotton Aphid,val,7,7,Cotton Aphid,0.30528262
R:\Developments\ARIS\Disease\Validation\Cotton Aphid\9.jpg,Cotton Aphid,val,7,7,Cotton Aphid,0.30342558
R:\Developments\ARIS\Disease\Validation\Cotton Aphid\contrast_1.jpg,Cotton Aphid,val,7,1,Anthracnose on Cotton,0.40036058
R:\Developments\ARIS\Disease\Validation\Cotton Aphid\contrast_10.jpg,Cotton Aphid,val,7,1,Anthracnose on Cotton,0.21122117
R:\Developments\ARIS\Disease\Validation\Cotton Aphid\contrast_11.jpg,Cotton Aphid,val,7,1,Anthracnose on Cotton,0.44951573
R:\Developments\ARIS\Disease\Validation\Cotton Aphid\contrast_12.jpg,Cotton Aphid,val,7,7,Cotton Aphid,0.46216393
R:\Developments\ARIS\Disease\Validation\Cotton Aphid\contrast_13.jpg,Cotton Aphid,val,7,1,Anthracnose on Cotton,0.4167029
R:\Developments\ARIS\Disease\Validation\Cotton Aphid\contrast_14.jpg,Cotton Aphid,val,7,7,Cotton Aphid,0.5076819
R:\Developments\ARIS\Disease\Validation\Cotton Aphid\contrast_15.jpg,Cotton Aphid,val,7,7,Cotton Aphid,0.24493833
R:\Developments\ARIS\Disease\Validation\Cotton Aphid\contrast_16.jpg,Cotton Aphid,val,7,7,Cotton Aphid,0.51613647
R:\Developments\ARIS\Disease\Validation\Cotton Aphid\contrast_17.jpg,Cotton Aphid,val,7,7,Cotton Aphid,0.51298314
R:\Developments\ARIS\Disease\Validation\Cotton Aphid\contrast_18.jpg,Cotton Aphid,val,7,1,Anthracnose on Cotton,0.41130003
R:\Developments\ARIS\Disease\Validation\Cotton Aphid\contrast_19.jpg,Cotton Aphid,val,7,7,Cotton Aphid,0.54640716
R:\Developments\ARIS\Disease\Validation\Cotton Aphid\contrast_2.jpg,Cotton Aphid,val,7,7,Cotton Aphid,0.5805905
R:\Developments\ARIS\Disease\Validation\Cotton Aphid\contrast_20.jpg,Cotton Aphid,val,7,3,Bacterial Blight in cotton,0.18196978
R:\Developments\ARIS\Disease\Validation\Cotton Aphid\contrast_21.jpg,Cotton Aphid,val,7,7,Cotton Aphid,0.22770096
R:\Developments\ARIS\Disease\Validation\Cotton Aphid\contrast_22.jpg,Cotton Aphid,val,7,7,Cotton Aphid,0.26924932
R:\Developments\ARIS\Disease\Validation\Cotton Aphid\contrast_23.jpg,Cotton Aphid,val,7,7,Cotton Aphid,0.4731132
R:\Developments\ARIS\Disease\Validation\Cotton Aphid\contrast_24.jpg,Cotton Aphid,val,7,7,Cotton Aphid,0.52855635
R:\Developments\ARIS\Disease\Validation\Cotton Aphid\contrast_25.jpg,Cotton Aphid,val,7,7,Cotton Aphid,0.4372249
R:\Developments\ARIS\Disease\Validation\Cotton Aphid\contrast_26.jpg,Cotton Aphid,val,7,7,Cotton Aphid,0.36501503
R:\Developments\ARIS\Disease\Validation\Cotton Aphid\contrast_27.jpg,Cotton Aphid,val,7,7,Cotton Aphid,0.47062302
R:\Developments\ARIS\Disease\Validation\Cotton Aphid\contrast_28.jpg,Cotton Aphid,val,7,7,Cotton Aphid,0.39845082
R:\Developments\ARIS\Disease\Validation\Cotton Aphid\contrast_29.jpg,Cotton Aphid,val,7,7,Cotton Aphid,0.4674298
R:\Developments\ARIS\Disease\Validation\Cotton Aphid\contrast_3.jpg,Cotton Aphid,val,7,7,Cotton Aphid,0.41851258
R:\Developments\ARIS\Disease\Validation\Cotton Aphid\contrast_30.jpg,Cotton Aphid,val,7,7,Cotton Aphid,0.3684144
R:\Developments\ARIS\Disease\Validation\Cotton Aphid\contrast_31.jpg,Cotton Aphid,val,7,7,Cotton Aphid,0.60277945
R:\Developments\ARIS\Disease\Validation\Cotton Aphid\contrast_32.jpg,Cotton Aphid,val,7,7,Cotton Aphid,0.40037265
R:\Developments\ARIS\Disease\Validation\Cotton Aphid\contrast_33.jpg,Cotton Aphid,val,7,7,Cotton Aphid,0.3794842
R:\Developments\ARIS\Disease\Validation\Cotton Aphid\contrast_34.jpg,Cotton Aphid,val,7,1,Anthracnose on Cotton,0.32883564
R:\Developments\ARIS\Disease\Validation\Cotton Aphid\contrast_35.jpg,Cotton Aphid,val,7,1,Anthracnose on Cotton,0.44407833
R:\Developments\ARIS\Disease\Validation\Cotton Aphid\contrast_36.jpg,Cotton Aphid,val,7,7,Cotton Aphid,0.2731293
R:\Developments\ARIS\Disease\Validation\Cotton Aphid\contrast_37.jpg,Cotton Aphid,val,7,7,Cotton Aphid,0.44743243
R:\Developments\ARIS\Disease\Validation\Cotton Aphid\contrast_38.jpg,Cotton Aphid,val,7,1,Anthracnose on Cotton,0.3695123
R:\Developments\ARIS\Disease\Validation\Cotton Aphid\contrast_39.jpg,Cotton Aphid,val,7,7,Cotton Aphid,0.4435304
R:\Developments\ARIS\Disease\Validation\Cotton Aphid\contrast_4.jpg,Cotton Aphid,val,7,7,Cotton Aphid,0.37969962
R:\Developments\ARIS\Disease\Validation\Cotton Aphid\contrast_40.jpg,Cotton Aphid,val,7,7,Cotton Aphid,0.27886775
R:\Developments\ARIS\Disease\Validation\Cotton Aphid\contrast_5.jpg,Cotton Aphid,val,7,7,Cotton Aphid,0.18448679
R:\Developments\ARIS\Disease\Validation\Cotton Aphid\contrast_6.jpg,Cotton Aphid,val,7,7,Cotton Aphid,0.42668608
R:\Developments\ARIS\Disease\Validation\Cotton Aphid\contrast_7.jpg,Cotton Aphid,val,7,1,Anthracnose on Cotton,0.3113699
R:\Developments\ARIS\Disease\Validation\Cotton Aphid\contrast_8.jpg,Cotton Aphid,val,7,7,Cotton Aphid,0.53957057
R:\Developments\ARIS\Disease\Validation\Cotton Aphid\contrast_9.jpg,Cotton Aphid,val,7,1,Anthracnose on Cotton,0.35856107
R:\Developments\ARIS\Disease\Validation\Cotton Aphid\crop_1.jpg,Cotton Aphid,val,7,36,bollworm on Cotton,0.29417813
R:\Developments\ARIS\Disease\Validation\Cotton Aphid\crop_10.jpg,Cotton Aphid,val,7,1,Anthracnose on Cotton,0.17369366
R:\Developments\ARIS\Disease\Validation\Cotton Aphid\crop_11.jpg,Cotton Aphid,val,7,38,cotton whitefly,0.5821049
R:\Developments\ARIS\Disease\Validation\Cotton Aphid\crop_12.jpg,Cotton Aphid,val,7,7,Cotton Aphid,0.5594239
R:\Developments\ARIS\Disease\Validation\Cotton Aphid\crop_13.jpg,Cotton Aphid,val,7,7,Cotton Aphid,0.45381024
R:\Developments\ARIS\Disease\Validation\Cotton Aphid\crop_14.jpg,Cotton Aphid,val,7,7,Cotton Aphid,0.24663664
R:\Developments\ARIS\Disease\Validation\Cotton Aphid\crop_15.jpg,Cotton Aphid,val,7,7,Cotton Aphid,0.60688114
R:\Developments\ARIS\Disease\Validation\Cotton Aphid\crop_16.jpg,Cotton Aphid,val,7,7,Cotton Aphid,0.7680831
R:\Developments\ARIS\Disease\Validation\Cotton Aphid\crop_17.jpg,Cotton Aphid,val,7,7,Cotton Aphid,0.7586191
R:\Developments\ARIS\Disease\Validation\Cotton Aphid\crop_18.jpg,Cotton Aphid,val,7,38,cotton whitefly,0.18937832
R:\Developments\ARIS\Disease\Validation\Cotton Aphid\crop_19.jpg,Cotton Aphid,val,7,38,cotton whitefly,0.3993131
R:\Developments\ARIS\Disease\Validation\Cotton Aphid\crop_2.jpg,Cotton Aphid,val,7,7,Cotton Aphid,0.57939994
R:\Developments\ARIS\Disease\Validation\Cotton Aphid\crop_20.jpg,Cotton Aphid,val,7,13,Leaf Curl,0.26159668
R:\Developments\ARIS\Disease\Validation\Cotton Aphid\crop_21.jpg,Cotton Aphid,val,7,7,Cotton Aphid,0.2975473
R:\Developments\ARIS\Disease\Validation\Cotton Aphid\crop_22.jpg,Cotton Aphid,val,7,7,Cotton Aphid,0.591138
R:\Developments\ARIS\Disease\Validation\Cotton Aphid\crop_23.jpg,Cotton Aphid,val,7,7,Cotton Aphid,0.31816682
R:\Developments\ARIS\Disease\Validation\Cotton Aphid\crop_24.jpg,Cotton Aphid,val,7,7,Cotton Aphid,0.5237295
R:\Developments\ARIS\Disease\Validation\Cotton Aphid\crop_25.jpg,Cotton Aphid,val,7,7,Cotton Aphid,0.5676936
R:\Developments\ARIS\Disease\Validation\Cotton Aphid\crop_26.jpg,Cotton Aphid,val,7,7,Cotton Aphid,0.54297894
R:\Developments\ARIS\Disease\Validation\Cotton Aphid\crop_3.jpg,Cotton Aphid,val,7,7,Cotton Aphid,0.48792204
R:\Developments\ARIS\Disease\Validation\Cotton Aphid\crop_4.jpg,Cotton Aphid,val,7,7,Cotton Aphid,0.62064415
R:\Developments\ARIS\Disease\Validation\Cotton Aphid\crop_5.jpg,Cotton Aphid,val,7,7,Cotton Aphid,0.37021065
R:\Developments\ARIS\Disease\Validation\Cotton Aphid\crop_6.jpg,Cotton Aphid,val,7,7,Cotton Aphid,0.43499985
R:\Developments\ARIS\Disease\Validation\Cotton Aphid\crop_7.jpg,Cotton Aphid,val,7,7,Cotton Aphid,0.58116865
R:\Developments\ARIS\Disease\Validation\Cotton Aphid\crop_8.jpg,Cotton Aphid,val,7,7,Cotton Aphid,0.552249
R:\Developments\ARIS\Disease\Validation\Cotton Aphid\crop_9.jpg,Cotton Aphid,val,7,7,Cotton Aphid,0.35023555
R:\Developments\ARIS\Disease\Validation\Cotton Aphid\rescale_40.jpg,Cotton Aphid,val,7,7,Cotton Aphid,0.342855
R:\Developments\ARIS\Disease\Validation\Cotton Aphid\rotation_1.jpg,Cotton Aphid,val,7,1,Anthracnose on Cotton,0.46538353
R:\Developments\ARIS\Disease\Validation\Cotton Aphid\rotation_10.jpg,Cotton Aphid,val,7,37,cotton mealy bug,0.19300163
R:\Developments\ARIS\Disease\Validation\Cotton Aphid\rotation_11.jpg,Cotton Aphid,val,7,1,Anthracnose on Cotton,0.43316373
R:\Developments\ARIS\Disease\Validation\Cotton Aphid\rotation_12.jpg,Cotton Aphid,val,7,7,Cotton Aphid,0.4438354
R:\Developments\ARIS\Disease\Validation\Cotton Aphid\rotation_13.jpg,Cotton Aphid,val,7,1,Anthracnose on Cotton,0.44373295
R:\Developments\ARIS\Disease\Validation\Cotton Aphid\rotation_14.jpg,Cotton Aphid,val,7,7,Cotton Aphid,0.50297004
R:\Developments\ARIS\Disease\Validation\Cotton Aphid\rotation_15.jpg,Cotton Aphid,val,7,7,Cotton Aphid,0.3536943
R:\Developments\ARIS\Disease\Validation\Cotton Aphid\rotation_16.jpg,Cotton Aphid,val,7,7,Cotton Aphid,0.5153887
R:\Developments\ARIS\Disease\Validation\Cotton Aphid\rotation_17.jpg,Cotton Aphid,val,7,7,Cotton Aphid,0.5804667
R:\Developments\ARIS\Disease\Validation\Cotton Aphid\rotation_18.jpg,Cotton Aphid,val,7,1,Anthracnose on Cotton,0.24859832
R:\Developments\ARIS\Disease\Validation\Cotton Aphid\rotation_19.jpg,Cotton Aphid,val,7,7,Cotton Aphid,0.59342724
R:\Developments\ARIS\Disease\Validation\Cotton Aphid\rotation_2.jpg,Cotton Aphid,val,7,7,Cotton Aphid,0.54263407
R:\Developments\ARIS\Disease\Validation\Cotton Aphid\rotation_20.jpg,Cotton Aphid,val,7,3,Bacterial Blight in cotton,0.21276377
R:\Developments\ARIS\Disease\Validation\Cotton Aphid\rotation_21.jpg,Cotton Aphid,val,7,7,Cotton Aphid,0.22003615
R:\Developments\ARIS\Disease\Validation\Cotton Aphid\rotation_22.jpg,Cotton Aphid,val,7,7,Cotton Aphid,0.21752514
R:\Developments\ARIS\Disease\Validation\Cotton Aphid\rotation_23.jpg,Cotton Aphid,val,7,7,Cotton Aphid,0.49716052
R:\Developments\ARIS\Disease\Validation\Cotton Aphid\rotation_24.jpg,Cotton Aphid,val,7,7,Cotton Aphid,0.47983846
R:\Developments\ARIS\Disease\Validation\Cotton Aphid\rotation_25.jpg,Cotton Aphid,val,7,7,Cotton Aphid,0.44670153
R:\Developments\ARIS\Disease\Validation\Cotton Aphid\rotation_26.jpg,Cotton Aphid,val,7,7,Cotton Aphid,0.35248077
R:\Developments\ARIS\Disease\Validation\Cotton Aphid\rotation_27.jpg,Cotton Aphid,val,7,7,Cotton Aphid,0.507113
R:\Developments\ARIS\Disease\Validation\Cotton Aphid\rotation_28.jpg,Cotton Aphid,val,7,7,Cotton Aphid,0.4074773
R:\Developments\ARIS\Disease\Validation\Cotton Aphid\rotation_29.jpg,Cotton Aphid,val,7,7,Cotton Aphid,0.47988388
R:\Developments\ARIS\Disease\Validation\Cotton Aphid\rotation_3.jpg,Cotton Aphid,val,7,7,Cotton Aphid,0.45681223
R:\Developments\ARIS\Disease\Validation\Cotton Aphid\rotation_30.jpg,Cotton Aphid,val,7,7,Cotton Aphid,0.41965958
R:\Developments\ARIS\Disease\Validation\Cotton Aphid\rotation_31.jpg,Cotton Aphid,val,7,7,Cotton Aphid,0.4206988
R:\Developments\ARIS\Disease\Validation\Cotton Aphid\rotation_32.jpg,Cotton Aphid,val,7,7,Cotton Aphid,0.37414232
R:\Developments\ARIS\Disease\Validation\Cotton Aphid\rotation_33.jpg,Cotton Aphid,val,7,7,Cotton Aphid,0.3489667
R:\Developments\ARIS\Disease\Validation\Cotton Aphid\rotation_34.jpg,Cotton Aphid,val,7,7,Cotton Aphid,0.37314352
R:\Developments\ARIS\Disease\Validation\Cotton Aphid\rotation_35.jpg,Cotton Aphid,val,7,1,Anthracnose on Cotton,0.3827654
R:\Developments\ARIS\Disease\Validation\Cotton Aphid\rotation_36.jpg,Cotton Aphid,val,7,7,Cotton Aphid,0.39766338
R:\Developments\ARIS\Disease\Validation\Cotton Aphid\rotation_37.jpg,Cotton Aphid,val,7,7,Cotton Aphid,0.5016105
R:\Developments\ARIS\Disease\Validation\Cotton Aphid\rotation_38.jpg,Cotton Aphid,val,7,1,Anthracnose on Cotton,0.3185649
R:\Developments\ARIS\Disease\Validation\Cotton Aphid\rotation_39.jpg,Cotton Aphid,val,7,7,Cotton Aphid,0.5028983
R:\Developments\ARIS\Disease\Validation\Cotton Aphid\rotation_4.jpg,Cotton Aphid,val,7,7,Cotton Aphid,0.5053314
R:\Developments\ARIS\Disease\Validation\Cotton Aphid\rotation_40.jpg,Cotton Aphid,val,7,7,Cotton Aphid,0.36487082
R:\Developments\ARIS\Disease\Validation\Cotton Aphid\rotation_5.jpg,Cotton Aphid,val,7,7,Cotton Aphid,0.17233361
R:\Developments\ARIS\Disease\Validation\Cotton Aphid\rotation_6.jpg,Cotton Aphid,val,7,7,Cotton Aphid,0.48529306
R:\Developments\ARIS\Disease\Validation\Cotton Aphid\rotation_7.jpg,Cotton Aphid,val,7,1,Anthracnose on Cotton,0.2660431
R:\Developments\ARIS\Disease\Validation\Cotton Aphid\rotation_8.jpg,Cotton Aphid,val,7,7,Cotton Aphid,0.67156553
R:\Developments\ARIS\Disease\Validation\Cotton Aphid\rotation_9.jpg,Cotton Aphid,val,7,7,Cotton Aphid,0.29943272
R:\Developments\ARIS\Disease\Validation\Cotton Aphid\rotozoom1.jpg,Cotton Aphid,val,7,7,Cotton Aphid,0.7709256
R:\Developments\ARIS\Disease\Validation\Cotton Aphid\rotozoom10.jpg,Cotton Aphid,val,7,7,Cotton Aphid,0.18580377
R:\Developments\ARIS\Disease\Validation\Cotton Aphid\rotozoom11.jpg,Cotton Aphid,val,7,38,cotton whitefly,0.32072923
R:\Developments\ARIS\Disease\Validation\Cotton Aphid\rotozoom12.jpg,Cotton Aphid,val,7,7,Cotton Aphid,0.3831111
R:\Developments\ARIS\Disease\Validation\Cotton Aphid\rotozoom13.jpg,Cotton Aphid,val,7,7,Cotton Aphid,0.45044804
R:\Developments\ARIS\Disease\Validation\Cotton Aphid\rotozoom14.jpg,Cotton Aphid,val,7,7,Cotton Aphid,0.64550084
R:\Developments\ARIS\Disease\Validation\Cotton Aphid\rotozoom15.jpg,Cotton Aphid,val,7,7,Cotton Aphid,0.43396676
R:\Developments\ARIS\Disease\Validation\Cotton Aphid\rotozoom16.jpg,Cotton Aphid,val,7,38,cotton whitefly,0.16291447
R:\Developments\ARIS\Disease\Validation\Cotton Aphid\rotozoom17.jpg,Cotton Aphid,val,7,7,Cotton Aphid,0.45813859
R:\Developments\ARIS\Disease\Validation\Cotton Aphid\rotozoom18.jpg,Cotton Aphid,val,7,24,Wheat aphid,0.173207
R:\Developments\ARIS\Disease\Validation\Cotton Aphid\rotozoom19.jpg,Cotton Aphid,val,7,7,Cotton Aphid,0.45420134
R:\Developments\ARIS\Disease\Validation\Cotton Aphid\rotozoom2.jpg,Cotton Aphid,val,7,44,thirps on  cotton,0.16723044
R:\Developments\ARIS\Disease\Validation\Cotton Aphid\rotozoom20.jpg,Cotton Aphid,val,7,1,Anthracnose on Cotton,0.2303027
R:\Developments\ARIS\Disease\Validation\Cotton Aphid\rotozoom21.jpg,Cotton Aphid,val,7,7,Cotton Aphid,0.25277746
R:\Developments\ARIS\Disease\Validation\Cotton Aphid\rotozoom22.jpg,Cotton Aphid,val,7,22,Wheat Brown leaf rust,0.18175082
R:\Developments\ARIS\Disease\Validation\Cotton Aphid\rotozoom23.jpg,Cotton Aphid,val,7,38,cotton whitefly,0.14312102
R:\Developments\ARIS\Disease\Validation\Cotton Aphid\rotozoom24.jpg,Cotton Aphid,val,7,7,Cotton Aphid,0.30615303
R:\Developments\ARIS\Disease\Validation\Cotton Aphid\rotozoom25.jpg,Cotton Aphid,val,7,7,Cotton Aphid,0.5784605
R:\Developments\ARIS\Disease\Validation\Cotton Aphid\rotozoom26.jpg,Cotton Aphid,val,7,3,Bacterial Blight in cotton,0.2696171
R:\Developments\ARIS\Disease\Validation\Cotton Aphid\rotozoom27.jpg,Cotton Aphid,val,7,7,Cotton Aphid,0.8117366
R:\Developments\ARIS\Disease\Validation\Cotton Aphid\rotozoom28.jpg,Cotton Aphid,val,7,7,Cotton Aphid,0.32437763
R:\Developments\ARIS\Disease\Validation\Cotton Aphid\rotozoom29.jpg,Cotton Aphid,val,7,7,Cotton Aphid,0.51194876
R:\Developments\ARIS\Disease\Validation\Cotton Aphid\rotozoom3.jpg,Cotton Aphid,val,7,7,Cotton Aphid,0.4329888
R:\Developments\ARIS\Disease\Validation\Cotton Aphid\rotozoom30.jpg,Cotton Aphid,val,7,7,Cotton Aphid,0.26569343
R:\Developments\ARIS\Disease\Validation\Cotton Aphid\rotozoom31.jpg,Cotton Aphid,val,7,7,Cotton Aphid,0.43941656
R:\Developments\ARIS\Disease\Validation\Cotton Aphid\rotozoom32.jpg,Cotton Aphid,val,7,7,Cotton Aphid,0.43553224
R:\Developments\ARIS\Disease\Validation\Cotton Aphid\rotozoom33.jpg,Cotton Aphid,val,7,7,Cotton Aphid,0.49903142
R:\Developments\ARIS\Disease\Validation\Cotton Aphid\rotozoom34.jpg,Cotton Aphid,val,7,7,Cotton Aphid,0.34961405
R:\Developments\ARIS\Disease\Validation\Cotton Aphid\rotozoom35.jpg,Cotton Aphid,val,7,7,Cotton Aphid,0.8122616
R:\Developments\ARIS\Disease\Validation\Cotton Aphid\rotozoom36.jpg,Cotton Aphid,val,7,7,Cotton Aphid,0.31388104
R:\Developments\ARIS\Disease\Validation\Cotton Aphid\rotozoom37.jpg,Cotton Aphid,val,7,7,Cotton Aphid,0.44393086
R:\Developments\ARIS\Disease\Validation\Cotton Aphid\rotozoom38.jpg,Cotton Aphid,val,7,1,Anthracnose on Cotton,0.2875576
R:\Developments\ARIS\Disease\Validation\Cotton Aphid\rotozoom39.jpg,Cotton Aphid,val,7,7,Cotton Aphid,0.3689668
R:\Developments\ARIS\Disease\Validation\Cotton Aphid\rotozoom4.jpg,Cotton Aphid,val,7,7,Cotton Aphid,0.5509205
R:\Developments\ARIS\Disease\Validation\Cotton Aphid\rotozoom40.jpg,Cotton Aphid,val,7,7,Cotton Aphid,0.592097
R:\Developments\ARIS\Disease\Validation\Cotton Aphid\rotozoom5.jpg,Cotton Aphid,val,7,7,Cotton Aphid,0.31969103
R:\Developments\ARIS\Disease\Validation\Cotton Aphid\rotozoom6.jpg,Cotton Aphid,val,7,7,Cotton Aphid,0.39153346
R:\Developments\ARIS\Disease\Validation\Cotton Aphid\rotozoom7.jpg,Cotton Aphid,val,7,1,Anthracnose on Cotton,0.3665323
R:\Developments\ARIS\Disease\Validation\Cotton Aphid\rotozoom8.jpg,Cotton Aphid,val,7,7,Cotton Aphid,0.2734364
R:\Developments\ARIS\Disease\Validation\Cotton Aphid\rotozoom9.jpg,Cotton Aphid,val,7,3,Bacterial Blight in cotton,0.2554522
R:\Developments\ARIS\Disease\Validation\Cotton Aphid\translation_1.jpg,Cotton Aphid,val,7,7,Cotton Aphid,0.48903164
R:\Developments\ARIS\Disease\Validation\Cotton Aphid\translation_10.jpg,Cotton Aphid,val,7,1,Anthracnose on Cotton,0.16105615
R:\Developments\ARIS\Disease\Validation\Cotton Aphid\translation_11.jpg,Cotton Aphid,val,7,7,Cotton Aphid,0.25911006
R:\Developments\ARIS\Disease\Validation\Cotton Aphid\translation_12.jpg,Cotton Aphid,val,7,7,Cotton Aphid,0.27854258
R:\Developments\ARIS\Disease\Validation\Cotton Aphid\translation_13.jpg,Cotton Aphid,val,7,7,Cotton Aphid,0.4450284
R:\Developments\ARIS\Disease\Validation\Cotton Aphid\translation_14.jpg,Cotton Aphid,val,7,7,Cotton Aphid,0.39710304
R:\Developments\ARIS\Disease\Validation\Cotton Aphid\translation_15.jpg,Cotton Aphid,val,7,7,Cotton Aphid,0.22136228
R:\Developments\ARIS\Disease\Validation\Cotton Aphid\translation_16.jpg,Cotton Aphid,val,7,7,Cotton Aphid,0.50306016
R:\Developments\ARIS\Disease\Validation\Cotton Aphid\translation_17.jpg,Cotton Aphid,val,7,7,Cotton Aphid,0.62875426
R:\Developments\ARIS\Disease\Validation\Cotton Aphid\translation_18.jpg,Cotton Aphid,val,7,3,Bacterial Blight in cotton,0.22076762
R:\Developments\ARIS\Disease\Validation\Cotton Aphid\translation_19.jpg,Cotton Aphid,val,7,7,Cotton Aphid,0.5859439
R:\Developments\ARIS\Disease\Validation\Cotton Aphid\translation_2.jpg,Cotton Aphid,val,7,7,Cotton Aphid,0.59638363
R:\Developments\ARIS\Disease\Validation\Cotton Aphid\translation_20.jpg,Cotton Aphid,val,7,7,Cotton Aphid,0.21409418
R:\Developments\ARIS\Disease\Validation\Cotton Aphid\translation_21.jpg,Cotton Aphid,val,7,13,Leaf Curl,0.23669057
R:\Developments\ARIS\Disease\Validation\Cotton Aphid\translation_22.jpg,Cotton Aphid,val,7,7,Cotton Aphid,0.2600905
R:\Developments\ARIS\Disease\Validation\Cotton Aphid\translation_23.jpg,Cotton Aphid,val,7,7,Cotton Aphid,0.39328778
R:\Developments\ARIS\Disease\Validation\Cotton Aphid\translation_24.jpg,Cotton Aphid,val,7,7,Cotton Aphid,0.51591206
R:\Developments\ARIS\Disease\Validation\Cotton Aphid\translation_25.jpg,Cotton Aphid,val,7,7,Cotton Aphid,0.748795
R:\Developments\ARIS\Disease\Validation\Cotton Aphid\translation_26.jpg,Cotton Aphid,val,7,7,Cotton Aphid,0.24907012
R:\Developments\ARIS\Disease\Validation\Cotton Aphid\translation_27.jpg,Cotton Aphid,val,7,7,Cotton Aphid,0.35483432
R:\Developments\ARIS\Disease\Validation\Cotton Aphid\translation_28.jpg,Cotton Aphid,val,7,7,Cotton Aphid,0.34264886
R:\Developments\ARIS\Disease\Validation\Cotton Aphid\translation_29.jpg,Cotton Aphid,val,7,22,Wheat Brown leaf rust,0.16020052
R:\Developments\ARIS\Disease\Validation\Cotton Aphid\translation_3.jpg,Cotton Aphid,val,7,7,Cotton Aphid,0.31428838
R:\Developments\ARIS\Disease\Validation\Cotton Aphid\translation_30.jpg,Cotton Aphid,val,7,7,Cotton Aphid,0.5746198
R:\Developments\ARIS\Disease\Validation\Cotton Aphid\translation_31.jpg,Cotton Aphid,val,7,7,Cotton Aphid,0.22911905
R:\Developments\ARIS\Disease\Validation\Cotton Aphid\translation_32.jpg,Cotton Aphid,val,7,7,Cotton Aphid,0.5084575
R:\Developments\ARIS\Disease\Validation\Cotton Aphid\translation_33.jpg,Cotton Aphid,val,7,7,Cotton Aphid,0.47035703
R:\Developments\ARIS\Disease\Validation\Cotton Aphid\translation_34.jpg,Cotton Aphid,val,7,7,Cotton Aphid,0.44082364
R:\Developments\ARIS\Disease\Validation\Cotton Aphid\translation_35.jpg,Cotton Aphid,val,7,7,Cotton Aphid,0.24969316
R:\Developments\ARIS\Disease\Validation\Cotton Aphid\translation_36.jpg,Cotton Aphid,val,7,1,Anthracnose on Cotton,0.36590472
R:\Developments\ARIS\Disease\Validation\Cotton Aphid\translation_37.jpg,Cotton Aphid,val,7,7,Cotton Aphid,0.54191685
R:\Developments\ARIS\Disease\Validation\Cotton Aphid\translation_38.jpg,Cotton Aphid,val,7,7,Cotton Aphid,0.2974887
R:\Developments\ARIS\Disease\Validation\Cotton Aphid\translation_39.jpg,Cotton Aphid,val,7,7,Cotton Aphid,0.4871354
R:\Developments\ARIS\Disease\Validation\Cotton Aphid\translation_4.jpg,Cotton Aphid,val,7,7,Cotton Aphid,0.39247397
R:\Developments\ARIS\Disease\Validation\Cotton Aphid\translation_40.jpg,Cotton Aphid,val,7,7,Cotton Aphid,0.2838023
R:\Developments\ARIS\Disease\Validation\Cotton Aphid\translation_5.jpg,Cotton Aphid,val,7,7,Cotton Aphid,0.4734764
R:\Developments\ARIS\Disease\Validation\Cotton Aphid\translation_6.jpg,Cotton Aphid,val,7,7,Cotton Aphid,0.113316
R:\Developments\ARIS\Disease\Validation\Cotton Aphid\translation_7.jpg,Cotton Aphid,val,7,7,Cotton Aphid,0.33035204
R:\Developments\ARIS\Disease\Validation\Cotton Aphid\translation_8.jpg,Cotton Aphid,val,7,7,Cotton Aphid,0.53880686
R:\Developments\ARIS\Disease\Validation\Cotton Aphid\translation_9.jpg,Cotton Aphid,val,7,7,Cotton Aphid,0.3923428
R:\Developments\ARIS\Disease\Validation\Cotton Aphid\zoom_1.jpg,Cotton Aphid,val,7,7,Cotton Aphid,0.6952386
R:\Developments\ARIS\Disease\Validation\Cotton Aphid\zoom_10.jpg,Cotton Aphid,val,7,1,Anthracnose on Cotton,0.12160867
R:\Developments\ARIS\Disease\Validation\Cotton Aphid\zoom_11.jpg,Cotton Aphid,val,7,38,cotton whitefly,0.2605543
R:\Developments\ARIS\Disease\Validation\Cotton Aphid\zoom_12.jpg,Cotton Aphid,val,7,7,Cotton Aphid,0.5517354
R:\Developments\ARIS\Disease\Validation\Cotton Aphid\zoom_13.jpg,Cotton Aphid,val,7,1,Anthracnose on Cotton,0.1751312
R:\Developments\ARIS\Disease\Validation\Cotton Aphid\zoom_14.jpg,Cotton Aphid,val,7,7,Cotton Aphid,0.32203513
R:\Developments\ARIS\Disease\Validation\Cotton Aphid\zoom_15.jpg,Cotton Aphid,val,7,7,Cotton Aphid,0.51270676
R:\Developments\ARIS\Disease\Validation\Cotton Aphid\zoom_16.jpg,Cotton Aphid,val,7,7,Cotton Aphid,0.5647276
R:\Developments\ARIS\Disease\Validation\Cotton Aphid\zoom_17.jpg,Cotton Aphid,val,7,7,Cotton Aphid,0.5265334
R:\Developments\ARIS\Disease\Validation\Cotton Aphid\zoom_18.jpg,Cotton Aphid,val,7,1,Anthracnose on Cotton,0.2124274
R:\Developments\ARIS\Disease\Validation\Cotton Aphid\zoom_19.jpg,Cotton Aphid,val,7,7,Cotton Aphid,0.4495646
R:\Developments\ARIS\Disease\Validation\Cotton Aphid\zoom_2.jpg,Cotton Aphid,val,7,7,Cotton Aphid,0.22818868
R:\Developments\ARIS\Disease\Validation\Cotton Aphid\zoom_20.jpg,Cotton Aphid,val,7,3,Bacterial Blight in cotton,0.17888813
R:\Developments\ARIS\Disease\Validation\Cotton Aphid\zoom_21.jpg,Cotton Aphid,val,7,7,Cotton Aphid,0.23521672
R:\Developments\ARIS\Disease\Validation\Cotton Aphid\zoom_22.jpg,Cotton Aphid,val,7,7,Cotton Aphid,0.3077353
R:\Developments\ARIS\Disease\Validation\Cotton Aphid\zoom_23.jpg,Cotton Aphid,val,7,7,Cotton Aphid,0.49273324
R:\Developments\ARIS\Disease\Validation\Cotton Aphid\zoom_24.jpg,Cotton Aphid,val,7,7,Cotton Aphid,0.3112429
R:\Developments\ARIS\Disease\Validation\Cotton Aphid\zoom_25.jpg,Cotton Aphid,val,7,7,Cotton Aphid,0.62005776
R:\Developments\ARIS\Disease\Validation\Cotton Aphid\zoom_26.jpg,Cotton Aphid,val,7,7,Cotton Aphid,0.44616517
R:\Developments\ARIS\Disease\Validation\Cotton Aphid\zoom_27.jpg,Cotton Aphid,val,7,7,Cotton Aphid,0.47749624
R:\Developments\ARIS\Disease\Validation\Cotton Aphid\zoom_28.jpg,Cotton Aphid,val,7,7,Cotton Aphid,0.5554695
R:\Developments\ARIS\Disease\Validation\Cotton Aphid\zoom_29.jpg,Cotton Aphid,val,7,7,Cotton Aphid,0.43083206
R:\Developments\ARIS\Disease\Validation\Cotton Aphid\zoom_3.jpg,Cotton Aphid,val,7,7,Cotton Aphid,0.34312832
R:\Developments\ARIS\Disease\Validation\Cotton Aphid\zoom_30.jpg,Cotton Aphid,val,7,7,Cotton Aphid,0.52222973
R:\Developments\ARIS\Disease\Validation\Cotton Aphid\zoom_31.jpg,Cotton Aphid,val,7,7,Cotton Aphid,0.46563172
R:\Developments\ARIS\Disease\Validation\Cotton Aphid\zoom_32.jpg,Cotton Aphid,val,7,7,Cotton Aphid,0.46398103
R:\Developments\ARIS\Disease\Validation\Cotton Aphid\zoom_33.jpg,Cotton Aphid,val,7,7,Cotton Aphid,0.48100471
R:\Developments\ARIS\Disease\Validation\Cotton Aphid\zoom_34.jpg,Cotton Aphid,val,7,7,Cotton Aphid,0.6692396
R:\Developments\ARIS\Disease\Validation\Cotton Aphid\zoom_35.jpg,Cotton Aphid,val,7,7,Cotton Aphid,0.39411768
R:\Developments\ARIS\Disease\Validation\Cotton Aphid\zoom_36.jpg,Cotton Aphid,val,7,1,Anthracnose on Cotton,0.33771935
R:\Developments\ARIS\Disease\Validation\Cotton Aphid\zoom_37.jpg,Cotton Aphid,val,7,7,Cotton Aphid,0.23985012
R:\Developments\ARIS\Disease\Validation\Cotton Aphid\zoom_38.jpg,Cotton Aphid,val,7,3,Bacterial Blight in cotton,0.41928157
R:\Developments\ARIS\Disease\Validation\Cotton Aphid\zoom_39.jpg,Cotton Aphid,val,7,7,Cotton Aphid,0.25745425
R:\Developments\ARIS\Disease\Validation\Cotton Aphid\zoom_4.jpg,Cotton Aphid,val,7,7,Cotton Aphid,0.45053208
R:\Developments\ARIS\Disease\Validation\Cotton Aphid\zoom_40.jpg,Cotton Aphid,val,7,7,Cotton Aphid,0.33946213
R:\Developments\ARIS\Disease\Validation\Cotton Aphid\zoom_5.jpg,Cotton Aphid,val,7,38,cotton whitefly,0.21634378
R:\Developments\ARIS\Disease\Validation\Cotton Aphid\zoom_6.jpg,Cotton Aphid,val,7,7,Cotton Aphid,0.5335548
R:\Developments\ARIS\Disease\Validation\Cotton Aphid\zoom_7.jpg,Cotton Aphid,val,7,7,Cotton Aphid,0.36719242
R:\Developments\ARIS\Disease\Validation\Cotton Aphid\zoom_8.jpg,Cotton Aphid,val,7,7,Cotton Aphid,0.5890951
R:\Developments\ARIS\Disease\Validation\Cotton Aphid\zoom_9.jpg,Cotton Aphid,val,7,7,Cotton Aphid,0.34197018
R:\Developments\ARIS\Disease\Validation\cotton mealy bug\Image_1.jpeg,cotton mealy bug,val,37,37,cotton mealy bug,0.5242576
R:\Developments\ARIS\Disease\Validation\cotton mealy bug\Image_10.jpg,cotton mealy bug,val,37,38,cotton whitefly,0.27497151
R:\Developments\ARIS\Disease\Validation\cotton mealy bug\Image_11.jpg,cotton mealy bug,val,37,35,bollrot on Cotton,0.3382112
R:\Developments\ARIS\Disease\Validation\cotton mealy bug\Image_12.jpeg,cotton mealy bug,val,37,7,Cotton Aphid,0.16924973
R:\Developments\ARIS\Disease\Validation\cotton mealy bug\Image_13.jpg,cotton mealy bug,val,37,29,Wheat scab,0.32749906
R:\Developments\ARIS\Disease\Validation\cotton mealy bug\Image_14.jpg,cotton mealy bug,val,37,37,cotton mealy bug,0.2224525
R:\Developments\ARIS\Disease\Validation\cotton mealy bug\Image_15.jpg,cotton mealy bug,val,37,37,cotton mealy bug,0.3224209
R:\Developments\ARIS\Disease\Validation\cotton mealy bug\Image_16.jpeg,cotton mealy bug,val,37,36,bollworm on Cotton,0.23284788
R:\Developments\ARIS\Disease\Validation\cotton mealy bug\Image_17.JPG,cotton mealy bug,val,37,44,thirps on  cotton,0.25088146
R:\Developments\ARIS\Disease\Validation\cotton mealy bug\Image_18.jpg,cotton mealy bug,val,37,30,Wheat___Healthy,0.21577042
R:\Developments\ARIS\Disease\Validation\cotton mealy bug\Image_19.jpg,cotton mealy bug,val,37,37,cotton mealy bug,0.77332026
R:\Developments\ARIS\Disease\Validation\cotton mealy bug\Image_2.jpg,cotton mealy bug,val,37,37,cotton mealy bug,0.40005735
R:\Developments\ARIS\Disease\Validation\cotton mealy bug\Image_20.jpg,cotton mealy bug,val,37,35,bollrot on Cotton,0.1619034
R:\Developments\ARIS\Disease\Validation\cotton mealy bug\Image_21.jpg,cotton mealy bug,val,37,36,bollworm on Cotton,0.2490532
R:\Developments\ARIS\Disease\Validation\cotton mealy bug\Image_22.jpg,cotton mealy bug,val,37,37,cotton mealy bug,0.58684963
R:\Developments\ARIS\Disease\Validation\cotton mealy bug\Image_23.jpg,cotton mealy bug,val,37,37,cotton mealy bug,0.41404453
R:\Developments\ARIS\Disease\Validation\cotton mealy bug\Image_24.jpg,cotton mealy bug,val,37,36,bollworm on Cotton,0.26336887
R:\Developments\ARIS\Disease\Validation\cotton mealy bug\Image_25.jpg,cotton mealy bug,val,37,37,cotton mealy bug,0.6853981
R:\Developments\ARIS\Disease\Validation\cotton mealy bug\Image_26.jpg,cotton mealy bug,val,37,37,cotton mealy bug,0.32552174
R:\Developments\ARIS\Disease\Validation\cotton mealy bug\Image_27.JPG,cotton mealy bug,val,37,35,bollrot on Cotton,0.29819247
R:\Developments\ARIS\Disease\Validation\cotton mealy bug\Image_28.jpg,cotton mealy bug,val,37,22,Wheat Brown leaf rust,0.16914044
R:\Developments\ARIS\Disease\Validation\cotton mealy bug\Image_29.jpg,cotton mealy bug,val,37,36,bollworm on Cotton,0.38058648
R:\Developments\ARIS\Disease\Validation\cotton mealy bug\Image_3.jpg,cotton mealy bug,val,37,37,cotton mealy bug,0.62328565
R:\Developments\ARIS\Disease\Validation\cotton mealy bug\Image_30.jpg,cotton mealy bug,val,37,37,cotton mealy bug,0.70394737
R:\Developments\ARIS\Disease\Validation\cotton mealy bug\Image_31.jpeg,cotton mealy bug,val,37,1,Anthracnose on Cotton,0.10389316
R:\Developments\ARIS\Disease\Validation\cotton mealy bug\Image_32.jpg,cotton mealy bug,val,37,42,pink bollworm in cotton,0.26678434
R:\Developments\ARIS\Disease\Validation\cotton mealy bug\Image_34.jpg,cotton mealy bug,val,37,37,cotton mealy bug,0.4713917
R:\Developments\ARIS\Disease\Validation\cotton mealy bug\Image_35.jpg,cotton mealy bug,val,37,37,cotton mealy bug,0.564576
R:\Developments\ARIS\Disease\Validation\cotton mealy bug\Image_36.jpg,cotton mealy bug,val,37,37,cotton mealy bug,0.5074033
R:\Developments\ARIS\Disease\Validation\cotton mealy bug\Image_37.jpeg,cotton mealy bug,val,37,37,cotton mealy bug,0.57672757
R:\Developments\ARIS\Disease\Validation\cotton mealy bug\Image_39.jpeg,cotton mealy bug,val,37,37,cotton mealy bug,0.5240718
R:\Developments\ARIS\Disease\Validation\cotton mealy bug\Image_4.jpeg,cotton mealy bug,val,37,37,cotton mealy bug,0.48487177
R:\Developments\ARIS\Disease\Validation\cotton mealy bug\Image_40.jpg,cotton mealy bug,val,37,37,cotton mealy bug,0.5617414
R:\Developments\ARIS\Disease\Validation\cotton mealy bug\Image_41.jpg,cotton mealy bug,val,37,37,cotton mealy bug,0.33757257
R:\Developments\ARIS\Disease\Validation\cotton mealy bug\Image_42.jpg,cotton mealy bug,val,37,37,cotton mealy bug,0.33125308
R:\Developments\ARIS\Disease\Validation\cotton mealy bug\Image_43.jpg,cotton mealy bug,val,37,35,bollrot on Cotton,0.23437846
R:\Developments\ARIS\Disease\Validation\cotton mealy bug\Image_44.jpg,cotton mealy bug,val,37,37,cotton mealy bug,0.27858603
R:\Developments\ARIS\Disease\Validation\cotton mealy bug\Image_45.JPG,cotton mealy bug,val,37,1,Anthracnose on Cotton,0.1596996
R:\Developments\ARIS\Disease\Validation\cotton mealy bug\Image_47.jpg,cotton mealy bug,val,37,37,cotton mealy bug,0.5840345
R:\Developments\ARIS\Disease\Validation\cotton mealy bug\Image_48.jpg,cotton mealy bug,val,37,36,bollworm on Cotton,0.30343005
R:\Developments\ARIS\Disease\Validation\cotton mealy bug\Image_49.jpg,cotton mealy bug,val,37,37,cotton mealy bug,0.20765913
R:\Developments\ARIS\Disease\Validation\cotton mealy bug\Image_5.jpg,cotton mealy bug,val,37,37,cotton mealy bug,0.3407661
R:\Developments\ARIS\Disease\Validation\cotton mealy bug\Image_50.jpg,cotton mealy bug,val,37,36,bollworm on Cotton,0.22858782
R:\Developments\ARIS\Disease\Validation\cotton mealy bug\Image_51.jpg,cotton mealy bug,val,37,37,cotton mealy bug,0.48990503
R:\Developments\ARIS\Disease\Validation\cotton mealy bug\Image_52.jpg,cotton mealy bug,val,37,37,cotton mealy bug,0.7768993
R:\Developments\ARIS\Disease\Validation\cotton mealy bug\Image_53.jpg,cotton mealy bug,val,37,37,cotton mealy bug,0.48959637
R:\Developments\ARIS\Disease\Validation\cotton mealy bug\Image_58.jpg,cotton mealy bug,val,37,37,cotton mealy bug,0.30956903
R:\Developments\ARIS\Disease\Validation\cotton mealy bug\Image_6.jpg,cotton mealy bug,val,37,37,cotton mealy bug,0.7479095
R:\Developments\ARIS\Disease\Validation\cotton mealy bug\Image_64.jpg,cotton mealy bug,val,37,37,cotton mealy bug,0.34336212
R:\Developments\ARIS\Disease\Validation\cotton mealy bug\Image_69.jpg,cotton mealy bug,val,37,32,Wilt,0.22244786
R:\Developments\ARIS\Disease\Validation\cotton mealy bug\Image_7.jpg,cotton mealy bug,val,37,37,cotton mealy bug,0.79312974
R:\Developments\ARIS\Disease\Validation\cotton mealy bug\Image_74.jpg,cotton mealy bug,val,37,37,cotton mealy bug,0.42336938
R:\Developments\ARIS\Disease\Validation\cotton mealy bug\Image_8.jpg,cotton mealy bug,val,37,37,cotton mealy bug,0.43500337
R:\Developments\ARIS\Disease\Validation\cotton mealy bug\Image_80.jpg,cotton mealy bug,val,37,37,cotton mealy bug,0.4925146
R:\Developments\ARIS\Disease\Validation\cotton mealy bug\Image_86.jpg,cotton mealy bug,val,37,36,bollworm on Cotton,0.20536752
R:\Developments\ARIS\Disease\Validation\cotton mealy bug\Image_9.JPG,cotton mealy bug,val,37,37,cotton mealy bug,0.14044069
R:\Developments\ARIS\Disease\Validation\cotton mealy bug\Image_92.jpg,cotton mealy bug,val,37,22,Wheat Brown leaf rust,0.11869518
R:\Developments\ARIS\Disease\Validation\cotton mealy bug\Image_97.jpg,cotton mealy bug,val,37,36,bollworm on Cotton,0.1970477
R:\Developments\ARIS\Disease\Validation\cotton whitefly\Image_1.jpg,cotton whitefly,val,38,38,cotton whitefly,0.73437566
R:\Developments\ARIS\Disease\Validation\cotton whitefly\Image_10.jpg,cotton whitefly,val,38,38,cotton whitefly,0.81188756
R:\Developments\ARIS\Disease\Validation\cotton whitefly\Image_11.jpg,cotton whitefly,val,38,38,cotton whitefly,0.9107354
R:\Developments\ARIS\Disease\Validation\cotton whitefly\Image_12.jpg,cotton whitefly,val,38,38,cotton whitefly,0.9577438
R:\Developments\ARIS\Disease\Validation\cotton whitefly\Image_13.jpg,cotton whitefly,val,38,38,cotton whitefly,0.47361347
R:\Developments\ARIS\Disease\Validation\cotton whitefly\Image_14.jpg,cotton whitefly,val,38,38,cotton whitefly,0.4686682
R:\Developments\ARIS\Disease\Validation\cotton whitefly\Image_16.jpg,cotton whitefly,val,38,38,cotton whitefly,0.19111268
R:\Developments\ARIS\Disease\Validation\cotton whitefly\Image_17.jpg,cotton whitefly,val,38,1,Anthracnose on Cotton,0.12736958
R:\Developments\ARIS\Disease\Validation\cotton whitefly\Image_18.jpg,cotton whitefly,val,38,38,cotton whitefly,0.9444563
R:\Developments\ARIS\Disease\Validation\cotton whitefly\Image_19.jpg,cotton whitefly,val,38,38,cotton whitefly,0.2313294
R:\Developments\ARIS\Disease\Validation\cotton whitefly\Image_2.jpg,cotton whitefly,val,38,38,cotton whitefly,0.19613929
R:\Developments\ARIS\Disease\Validation\cotton whitefly\Image_20.jpg,cotton whitefly,val,38,38,cotton whitefly,0.5110748
R:\Developments\ARIS\Disease\Validation\cotton whitefly\Image_22.jpg,cotton whitefly,val,38,38,cotton whitefly,0.94708306
R:\Developments\ARIS\Disease\Validation\cotton whitefly\Image_23.jpg,cotton whitefly,val,38,38,cotton whitefly,0.78406125
R:\Developments\ARIS\Disease\Validation\cotton whitefly\Image_24.jpg,cotton whitefly,val,38,38,cotton whitefly,0.9097512
R:\Developments\ARIS\Disease\Validation\cotton whitefly\Image_27.jpg,cotton whitefly,val,38,38,cotton whitefly,0.48059988
R:\Developments\ARIS\Disease\Validation\cotton whitefly\Image_28.jpg,cotton whitefly,val,38,38,cotton whitefly,0.8227198
R:\Developments\ARIS\Disease\Validation\cotton whitefly\Image_3.jpg,cotton whitefly,val,38,38,cotton whitefly,0.9152296
R:\Developments\ARIS\Disease\Validation\cotton whitefly\Image_30.jpg,cotton whitefly,val,38,38,cotton whitefly,0.43817577
R:\Developments\ARIS\Disease\Validation\cotton whitefly\Image_32.jpg,cotton whitefly,val,38,38,cotton whitefly,0.31784478
R:\Developments\ARIS\Disease\Validation\cotton whitefly\Image_33.jpg,cotton whitefly,val,38,38,cotton whitefly,0.9635561
R:\Developments\ARIS\Disease\Validation\cotton whitefly\Image_34.jpg,cotton whitefly,val,38,38,cotton whitefly,0.27579144
R:\Developments\ARIS\Disease\Validation\cotton whitefly\Image_35.jpg,cotton whitefly,val,38,38,cotton whitefly,0.9165066
R:\Developments\ARIS\Disease\Validation\cotton whitefly\Image_36.jpg,cotton whitefly,val,38,38,cotton whitefly,0.6164176
R:\Developments\ARIS\Disease\Validation\cotton whitefly\Image_37.jpg,cotton whitefly,val,38,38,cotton whitefly,0.3020796
R:\Developments\ARIS\Disease\Validation\cotton whitefly\Image_4.jpg,cotton whitefly,val,38,38,cotton whitefly,0.71251935
R:\Developments\ARIS\Disease\Validation\cotton whitefly\Image_41.jpg,cotton whitefly,val,38,38,cotton whitefly,0.40604785
R:\Developments\ARIS\Disease\Validation\cotton whitefly\Image_42.png,cotton whitefly,val,38,38,cotton whitefly,0.77069384
R:\Developments\ARIS\Disease\Validation\cotton whitefly\Image_43.jpg,cotton whitefly,val,38,38,cotton whitefly,0.7304311
R:\Developments\ARIS\Disease\Validation\cotton whitefly\Image_44.jpg,cotton whitefly,val,38,38,cotton whitefly,0.29921415
R:\Developments\ARIS\Disease\Validation\cotton whitefly\Image_45.jpg,cotton whitefly,val,38,38,cotton whitefly,0.9958205
R:\Developments\ARIS\Disease\Validation\cotton whitefly\Image_46.jpg,cotton whitefly,val,38,38,cotton whitefly,0.6813938
R:\Developments\ARIS\Disease\Validation\cotton whitefly\Image_47.jpg,cotton whitefly,val,38,38,cotton whitefly,0.8787096
R:\Developments\ARIS\Disease\Validation\cotton whitefly\Image_48.jpg,cotton whitefly,val,38,38,cotton whitefly,0.40140033
R:\Developments\ARIS\Disease\Validation\cotton whitefly\Image_49.jpg,cotton whitefly,val,38,38,cotton whitefly,0.35430494
R:\Developments\ARIS\Disease\Validation\cotton whitefly\Image_5.png,cotton whitefly,val,38,38,cotton whitefly,0.7734992
R:\Developments\ARIS\Disease\Validation\cotton whitefly\Image_50.jpg,cotton whitefly,val,38,38,cotton whitefly,0.28555945
R:\Developments\ARIS\Disease\Validation\cotton whitefly\Image_51.jpg,cotton whitefly,val,38,38,cotton whitefly,0.903996
R:\Developments\ARIS\Disease\Validation\cotton whitefly\Image_52.jpg,cotton whitefly,val,38,38,cotton whitefly,0.9789555
R:\Developments\ARIS\Disease\Validation\cotton whitefly\Image_54.jpg,cotton whitefly,val,38,38,cotton whitefly,0.96364063
R:\Developments\ARIS\Disease\Validation\cotton whitefly\Image_55.jpg,cotton whitefly,val,38,7,Cotton Aphid,0.3108246
R:\Developments\ARIS\Disease\Validation\cotton whitefly\Image_6.jpg,cotton whitefly,val,38,38,cotton whitefly,0.9859848
R:\Developments\ARIS\Disease\Validation\cotton whitefly\Image_7.jpg,cotton whitefly,val,38,38,cotton whitefly,0.37373784
R:\Developments\ARIS\Disease\Validation\cotton whitefly\Image_8.jpg,cotton whitefly,val,38,38,cotton whitefly,0.83326244
R:\Developments\ARIS\Disease\Validation\Flag Smut\0111.jpg,Flag Smut,val,8,8,Flag Smut,0.72322583
R:\Developments\ARIS\Disease\Validation\Flag Smut\0161.jpg,Flag Smut,val,8,8,Flag Smut,0.92746896
R:\Developments\ARIS\Disease\Validation\Flag Smut\0171.jpg,Flag Smut,val,8,8,Flag Smut,0.7519075
R:\Developments\ARIS\Disease\Validation\Flag Smut\0231.jpg,Flag Smut,val,8,8,Flag Smut,0.76341724
R:\Developments\ARIS\Disease\Validation\Flag Smut\0261.jpg,Flag Smut,val,8,8,Flag Smut,0.60288
R:\Developments\ARIS\Disease\Validation\Flag Smut\0281.jpg,Flag Smut,val,8,8,Flag Smut,0.6973769
R:\Developments\ARIS\Disease\Validation\Flag Smut\0291.jpg,Flag Smut,val,8,8,Flag Smut,0.751678
R:\Developments\ARIS\Disease\Validation\Flag Smut\0311.jpg,Flag Smut,val,8,8,Flag Smut,0.86016303
R:\Developments\ARIS\Disease\Validation\Flag Smut\0341.jpg,Flag Smut,val,8,8,Flag Smut,0.89278716
R:\Developments\ARIS\Disease\Validation\Flag Smut\0391.jpg,Flag Smut,val,8,8,Flag Smut,0.7908631
R:\Developments\ARIS\Disease\Validation\Flag Smut\0411.jpg,Flag Smut,val,8,29,Wheat scab,0.45361224
R:\Developments\ARIS\Disease\Validation\Flag Smut\0421.jpg,Flag Smut,val,8,29,Wheat scab,0.45010146
R:\Developments\ARIS\Disease\Validation\Flag Smut\0561.jpg,Flag Smut,val,8,8,Flag Smut,0.8102236
R:\Developments\ARIS\Disease\Validation\Flag Smut\0731.jpg,Flag Smut,val,8,8,Flag Smut,0.38710478
R:\Developments\ARIS\Disease\Validation\Flag Smut\0771.jpg,Flag Smut,val,8,8,Flag Smut,0.5400322
R:\Developments\ARIS\Disease\Validation\Flag Smut\8531.jpg,Flag Smut,val,8,8,Flag Smut,0.3501126
R:\Developments\ARIS\Disease\Validation\Flag Smut\8661.jpg,Flag Smut,val,8,8,Flag Smut,0.45675316
R:\Developments\ARIS\Disease\Validation\Flag Smut\8711.jpg,Flag Smut,val,8,8,Flag Smut,0.7204978
R:\Developments\ARIS\Disease\Validation\Flag Smut\8821.jpg,Flag Smut,val,8,8,Flag Smut,0.93995357
R:\Developments\ARIS\Disease\Validation\Flag Smut\8981.jpg,Flag Smut,val,8,8,Flag Smut,0.7817065
R:\Developments\ARIS\Disease\Validation\Flag Smut\9091.jpg,Flag Smut,val,8,26,Wheat leaf blight,0.14778775
R:\Developments\ARIS\Disease\Validation\Flag Smut\9101.jpg,Flag Smut,val,8,22,Wheat Brown leaf rust,0.14738229
R:\Developments\ARIS\Disease\Validation\Flag Smut\9181.jpg,Flag Smut,val,8,8,Flag Smut,0.36431566
R:\Developments\ARIS\Disease\Validation\Flag Smut\9281.jpg,Flag Smut,val,8,8,Flag Smut,0.5131583
R:\Developments\ARIS\Disease\Validation\Gray_Leaf_Spot\Corn_Gray_Spot (1).jpg,Gray_Leaf_Spot,val,9,19,Sugarcane Healthy,0.07905408
R:\Developments\ARIS\Disease\Validation\Gray_Leaf_Spot\Corn_Gray_Spot (10).jpg,Gray_Leaf_Spot,val,9,9,Gray_Leaf_Spot,0.32648182
R:\Developments\ARIS\Disease\Validation\Gray_Leaf_Spot\Corn_Gray_Spot (11).jpg,Gray_Leaf_Spot,val,9,31,Wheat___Yellow_Rust,0.09543955
R:\Developments\ARIS\Disease\Validation\Gray_Leaf_Spot\Corn_Gray_Spot (12).jpg,Gray_Leaf_Spot,val,9,9,Gray_Leaf_Spot,0.14944941
R:\Developments\ARIS\Disease\Validation\Gray_Leaf_Spot\Corn_Gray_Spot (13).jpg,Gray_Leaf_Spot,val,9,22,Wheat Brown leaf rust,0.18366851
R:\Developments\ARIS\Disease\Validation\Gray_Leaf_Spot\Corn_Gray_Spot (14).jpg,Gray_Leaf_Spot,val,9,31,Wheat___Yellow_Rust,0.21008617
R:\Developments\ARIS\Disease\Validation\Gray_Leaf_Spot\Corn_Gray_Spot (15).jpg,Gray_Leaf_Spot,val,9,11,Healthy Wheat,0.2764298
R:\Developments\ARIS\Disease\Validation\Gray_Leaf_Spot\Corn_Gray_Spot (16).jpg,Gray_Leaf_Spot,val,9,22,Wheat Brown leaf rust,0.30283174
R:\Developments\ARIS\Disease\Validation\Gray_Leaf_Spot\Corn_Gray_Spot (17).jpg,Gray_Leaf_Spot,val,9,11,Healthy Wheat,0.38647363
R:\Developments\ARIS\Disease\Validation\Gray_Leaf_Spot\Corn_Gray_Spot (18).jpg,Gray_Leaf_Spot,val,9,14,Leaf smut,0.40335062
R:\Developments\ARIS\Disease\Validation\Gray_Leaf_Spot\Corn_Gray_Spot (19).jpg,Gray_Leaf_Spot,val,9,38,cotton whitefly,0.12755394
R:\Developments\ARIS\Disease\Validation\Gray_Leaf_Spot\Corn_Gray_Spot (2).jpg,Gray_Leaf_Spot,val,9,22,Wheat Brown leaf rust,0.27815187
R:\Developments\ARIS\Disease\Validation\Gray_Leaf_Spot\Corn_Gray_Spot (20).jpg,Gray_Leaf_Spot,val,9,21,Wheat Brown leaf Rust,0.21812522
R:\Developments\ARIS\Disease\Validation\Gray_Leaf_Spot\Corn_Gray_Spot (3).jpg,Gray_Leaf_Spot,val,9,22,Wheat Brown leaf rust,0.45454177
R:\Developments\ARIS\Disease\Validation\Gray_Leaf_Spot\Corn_Gray_Spot (4).jpg,Gray_Leaf_Spot,val,9,19,Sugarcane Healthy,0.2605439
R:\Developments\ARIS\Disease\Validation\Gray_Leaf_Spot\Corn_Gray_Spot (5).jpg,Gray_Leaf_Spot,val,9,27,Wheat mite,0.16050588
R:\Developments\ARIS\Disease\Validation\Gray_Leaf_Spot\Corn_Gray_Spot (6).jpg,Gray_Leaf_Spot,val,9,22,Wheat Brown leaf rust,0.247387
R:\Developments\ARIS\Disease\Validation\Gray_Leaf_Spot\Corn_Gray_Spot (7).jpg,Gray_Leaf_Spot,val,9,9,Gray_Leaf_Spot,0.19066615
R:\Developments\ARIS\Disease\Validation\Gray_Leaf_Spot\Corn_Gray_Spot (8).jpg,Gray_Leaf_Spot,val,9,30,Wheat___Healthy,0.23631291
R:\Developments\ARIS\Disease\Validation\Gray_Leaf_Spot\Corn_Gray_Spot (9).jpg,Gray_Leaf_Spot,val,9,22,Wheat Brown leaf rust,0.16568188
R:\Developments\ARIS\Disease\Validation\Healthy cotton\1.jpg,Healthy cotton,val,12,12,Healthy cotton,0.34021783
R:\Developments\ARIS\Disease\Validation\Healthy cotton\10.jpg,Healthy cotton,val,12,12,Healthy cotton,0.76631945
R:\Developments\ARIS\Disease\Validation\Healthy cotton\11.jpg,Healthy cotton,val,12,1,Anthracnose on Cotton,0.2580847
R:\Developments\ARIS\Disease\Validation\Healthy cotton\12.jpg,Healthy cotton,val,12,1,Anthracnose on Cotton,0.327902
R:\Developments\ARIS\Disease\Validation\Healthy cotton\13.jpg,Healthy cotton,val,12,12,Healthy cotton,0.79794246
R:\Developments\ARIS\Disease\Validation\Healthy cotton\14.jpg,Healthy cotton,val,12,12,Healthy cotton,0.43902102
R:\Developments\ARIS\Disease\Validation\Healthy cotton\15.jpg,Healthy cotton,val,12,12,Healthy cotton,0.84110546
R:\Developments\ARIS\Disease\Validation\Healthy cotton\16.jpeg,Healthy cotton,val,12,12,Healthy cotton,0.584681
R:\Developments\ARIS\Disease\Validation\Healthy cotton\17.jpg,Healthy cotton,val,12,12,Healthy cotton,0.7514692
R:\Developments\ARIS\Disease\Validation\Healthy cotton\18.jpg,Healthy cotton,val,12,12,Healthy cotton,0.5382208
R:\Developments\ARIS\Disease\Validation\Healthy cotton\19.jpg,Healthy cotton,val,12,1,Anthracnose on Cotton,0.22430845
R:\Developments\ARIS\Disease\Validation\Healthy cotton\2.jpg,Healthy cotton,val,12,12,Healthy cotton,0.55242234
R:\Developments\ARIS\Disease\Validation\Healthy cotton\20.jpg,Healthy cotton,val,12,12,Healthy cotton,0.7060468
R:\Developments\ARIS\Disease\Validation\Healthy cotton\21.jpg,Healthy cotton,val,12,12,Healthy cotton,0.72278804
R:\Developments\ARIS\Disease\Validation\Healthy cotton\22.jpg,Healthy cotton,val,12,12,Healthy cotton,0.53422624
R:\Developments\ARIS\Disease\Validation\Healthy cotton\23.jpg,Healthy cotton,val,12,12,Healthy cotton,0.25350434
R:\Developments\ARIS\Disease\Validation\Healthy cotton\24.jpg,Healthy cotton,val,12,12,Healthy cotton,0.6650502
R:\Developments\ARIS\Disease\Validation\Healthy cotton\25.jpg,Healthy cotton,val,12,12,Healthy cotton,0.57907563
R:\Developments\ARIS\Disease\Validation\Healthy cotton\26.jpg,Healthy cotton,val,12,12,Healthy cotton,0.6030379
R:\Developments\ARIS\Disease\Validation\Healthy cotton\27.jpg,Healthy cotton,val,12,12,Healthy cotton,0.7272058
R:\Developments\ARIS\Disease\Validation\Healthy cotton\28.jpg,Healthy cotton,val,12,12,Healthy cotton,0.58096176
R:\Developments\ARIS\Disease\Validation\Healthy cotton\29.jpg,Healthy cotton,val,12,12,Healthy cotton,0.71033746
R:\Developments\ARIS\Disease\Validation\Healthy cotton\3.jpg,Healthy cotton,val,12,12,Healthy cotton,0.64586484
R:\Developments\ARIS\Disease\Validation\Healthy cotton\30.jpg,Healthy cotton,val,12,12,Healthy cotton,0.6917152
R:\Developments\ARIS\Disease\Validation\Healthy cotton\31.jpg,Healthy cotton,val,12,12,Healthy cotton,0.7886553
R:\Developments\ARIS\Disease\Validation\Healthy cotton\32.jpg,Healthy cotton,val,12,12,Healthy cotton,0.6956083
R:\Developments\ARIS\Disease\Validation\Healthy cotton\33.jpg,Healthy cotton,val,12,12,Healthy cotton,0.7782073
R:\Developments\ARIS\Disease\Validation\Healthy cotton\34.jpg,Healthy cotton,val,12,12,Healthy cotton,0.8126642
R:\Developments\ARIS\Disease\Validation\Healthy cotton\35.jpg,Healthy cotton,val,12,12,Healthy cotton,0.81742543
R:\Developments\ARIS\Disease\Validation\Healthy cotton\36.jpg,Healthy cotton,val,12,12,Healthy cotton,0.5979643
R:\Developments\ARIS\Disease\Validation\Healthy cotton\37.jpg,Healthy cotton,val,12,12,Healthy cotton,0.84838027
R:\Developments\ARIS\Disease\Validation\Healthy cotton\38.jpg,Healthy cotton,val,12,12,Healthy cotton,0.37554848
R:\Developments\ARIS\Disease\Validation\Healthy cotton\39.jpg,Healthy cotton,val,12,12,Healthy cotton,0.60832834
R:\Developments\ARIS\Disease\Validation\Healthy cotton\4.jpg,Healthy cotton,val,12,12,Healthy cotton,0.30668572
R:\Developments\ARIS\Disease\Validation\Healthy cotton\40.jpg,Healthy cotton,val,12,12,Healthy cotton,0.7700638
R:\Developments\ARIS\Disease\Validation\Healthy cotton\5.jpg,Healthy cotton,val,12,12,Healthy cotton,0.36680007
R:\Developments\ARIS\Disease\Validation\Healthy cotton\6.jpg,Healthy cotton,val,12,12,Healthy cotton,0.6897362
R:\Developments\ARIS\Disease\Validation\Healthy cotton\7.jpg,Healthy cotton,val,12,12,Healthy cotton,0.34603372
R:\Developments\ARIS\Disease\Validation\Healthy cotton\8.jpg,Healthy cotton,val,12,12,Healthy cotton,0.42432746
R:\Developments\ARIS\Disease\Validation\Healthy cotton\9.jpg,Healthy cotton,val,12,1,Anthracnose on Cotton,0.34904256
R:\Developments\ARIS\Disease\Validation\Healthy cotton\contrast_1.jpg,Healthy cotton,val,12,12,Healthy cotton,0.29014203
R:\Developments\ARIS\Disease\Validation\Healthy cotton\contrast_10.jpg,Healthy cotton,val,12,12,Healthy cotton,0.53591734
R:\Developments\ARIS\Disease\Validation\Healthy cotton\contrast_11.jpg,Healthy cotton,val,12,1,Anthracnose on Cotton,0.1881878
R:\Developments\ARIS\Disease\Validation\Healthy cotton\contrast_12.jpg,Healthy cotton,val,12,1,Anthracnose on Cotton,0.33303127
R:\Developments\ARIS\Disease\Validation\Healthy cotton\contrast_13.jpg,Healthy cotton,val,12,12,Healthy cotton,0.762419
R:\Developments\ARIS\Disease\Validation\Healthy cotton\contrast_14.jpg,Healthy cotton,val,12,12,Healthy cotton,0.3982799
R:\Developments\ARIS\Disease\Validation\Healthy cotton\contrast_15.jpg,Healthy cotton,val,12,12,Healthy cotton,0.8369505
R:\Developments\ARIS\Disease\Validation\Healthy cotton\contrast_16.jpeg,Healthy cotton,val,12,12,Healthy cotton,0.53116333
R:\Developments\ARIS\Disease\Validation\Healthy cotton\contrast_17.jpg,Healthy cotton,val,12,12,Healthy cotton,0.43229306
R:\Developments\ARIS\Disease\Validation\Healthy cotton\contrast_18.jpg,Healthy cotton,val,12,12,Healthy cotton,0.55486673
R:\Developments\ARIS\Disease\Validation\Healthy cotton\contrast_19.jpg,Healthy cotton,val,12,12,Healthy cotton,0.24360399
R:\Developments\ARIS\Disease\Validation\Healthy cotton\contrast_2.jpg,Healthy cotton,val,12,12,Healthy cotton,0.5306437
R:\Developments\ARIS\Disease\Validation\Healthy cotton\contrast_20.jpg,Healthy cotton,val,12,12,Healthy cotton,0.8244125
R:\Developments\ARIS\Disease\Validation\Healthy cotton\contrast_21.jpg,Healthy cotton,val,12,12,Healthy cotton,0.7646585
R:\Developments\ARIS\Disease\Validation\Healthy cotton\contrast_22.jpg,Healthy cotton,val,12,12,Healthy cotton,0.644501
R:\Developments\ARIS\Disease\Validation\Healthy cotton\contrast_23.jpg,Healthy cotton,val,12,12,Healthy cotton,0.40261257
R:\Developments\ARIS\Disease\Validation\Healthy cotton\contrast_24.jpg,Healthy cotton,val,12,12,Healthy cotton,0.5651112
R:\Developments\ARIS\Disease\Validation\Healthy cotton\contrast_25.jpg,Healthy cotton,val,12,12,Healthy cotton,0.64913875
R:\Developments\ARIS\Disease\Validation\Healthy cotton\contrast_26.jpg,Healthy cotton,val,12,12,Healthy cotton,0.6746168
R:\Developments\ARIS\Disease\Validation\Healthy cotton\contrast_27.jpg,Healthy cotton,val,12,12,Healthy cotton,0.60845095
R:\Developments\ARIS\Disease\Validation\Healthy cotton\contrast_28.jpg,Healthy cotton,val,12,12,Healthy cotton,0.67729825
R:\Developments\ARIS\Disease\Validation\Healthy cotton\contrast_29.jpg,Healthy cotton,val,12,12,Healthy cotton,0.57762295
R:\Developments\ARIS\Disease\Validation\Healthy cotton\contrast_3.jpg,Healthy cotton,val,12,12,Healthy cotton,0.6295431
R:\Developments\ARIS\Disease\Validation\Healthy cotton\contrast_30.jpg,Healthy cotton,val,12,12,Healthy cotton,0.7201422
R:\Developments\ARIS\Disease\Validation\Healthy cotton\contrast_31.jpg,Healthy cotton,val,12,12,Healthy cotton,0.8186751
R:\Developments\ARIS\Disease\Validation\Healthy cotton\contrast_32.jpg,Healthy cotton,val,12,12,Healthy cotton,0.71516323
R:\Developments\ARIS\Disease\Validation\Healthy cotton\contrast_33.jpg,Healthy cotton,val,12,12,Healthy cotton,0.5520181
R:\Developments\ARIS\Disease\Validation\Healthy cotton\contrast_34.jpg,Healthy cotton,val,12,12,Healthy cotton,0.84657425
R:\Developments\ARIS\Disease\Validation\Healthy cotton\contrast_35.jpg,Healthy cotton,val,12,12,Healthy cotton,0.37376276
R:\Developments\ARIS\Disease\Validation\Healthy cotton\contrast_36.jpg,Healthy cotton,val,12,12,Healthy cotton,0.5112064
R:\Developments\ARIS\Disease\Validation\Healthy cotton\contrast_37.jpg,Healthy cotton,val,12,12,Healthy cotton,0.7973311
R:\Developments\ARIS\Disease\Validation\Healthy cotton\contrast_38.jpg,Healthy cotton,val,12,12,Healthy cotton,0.4177736
R:\Developments\ARIS\Disease\Validation\Healthy cotton\contrast_39.jpg,Healthy cotton,val,12,12,Healthy cotton,0.65541774
R:\Developments\ARIS\Disease\Validation\Healthy cotton\contrast_4.jpg,Healthy cotton,val,12,12,Healthy cotton,0.28672248
R:\Developments\ARIS\Disease\Validation\Healthy cotton\contrast_40.jpg,Healthy cotton,val,12,12,Healthy cotton,0.84586304
R:\Developments\ARIS\Disease\Validation\Healthy cotton\contrast_5.jpg,Healthy cotton,val,12,12,Healthy cotton,0.30416098
R:\Developments\ARIS\Disease\Validation\Healthy cotton\contrast_6.jpg,Healthy cotton,val,12,12,Healthy cotton,0.8238185
R:\Developments\ARIS\Disease\Validation\Healthy cotton\contrast_7.jpg,Healthy cotton,val,12,12,Healthy cotton,0.3369479
R:\Developments\ARIS\Disease\Validation\Healthy cotton\contrast_8.jpg,Healthy cotton,val,12,12,Healthy cotton,0.3077027
R:\Developments\ARIS\Disease\Validation\Healthy cotton\contrast_9.jpg,Healthy cotton,val,12,1,Anthracnose on Cotton,0.2381381
R:\Developments\ARIS\Disease\Validation\Healthy cotton\crop_1.jpg,Healthy cotton,val,12,12,Healthy cotton,0.47886932
R:\Developments\ARIS\Disease\Validation\Healthy cotton\crop_10.jpg,Healthy cotton,val,12,12,Healthy cotton,0.73828906
R:\Developments\ARIS\Disease\Validation\Healthy cotton\crop_11.jpg,Healthy cotton,val,12,1,Anthracnose on Cotton,0.45027947
R:\Developments\ARIS\Disease\Validation\Healthy cotton\crop_12.jpg,Healthy cotton,val,12,1,Anthracnose on Cotton,0.36505798
R:\Developments\ARIS\Disease\Validation\Healthy cotton\crop_13.jpg,Healthy cotton,val,12,12,Healthy cotton,0.75622934
R:\Developments\ARIS\Disease\Validation\Healthy cotton\crop_14.jpg,Healthy cotton,val,12,12,Healthy cotton,0.55967253
R:\Developments\ARIS\Disease\Validation\Healthy cotton\crop_15.jpg,Healthy cotton,val,12,12,Healthy cotton,0.79931015
R:\Developments\ARIS\Disease\Validation\Healthy cotton\crop_16.jpeg,Healthy cotton,val,12,12,Healthy cotton,0.88407034
R:\Developments\ARIS\Disease\Validation\Healthy cotton\crop_17.jpg,Healthy cotton,val,12,12,Healthy cotton,0.77938884
R:\Developments\ARIS\Disease\Validation\Healthy cotton\crop_18.jpg,Healthy cotton,val,12,12,Healthy cotton,0.46823326
R:\Developments\ARIS\Disease\Validation\Healthy cotton\crop_19.jpg,Healthy cotton,val,12,12,Healthy cotton,0.49906853
R:\Developments\ARIS\Disease\Validation\Healthy cotton\crop_2.jpg,Healthy cotton,val,12,12,Healthy cotton,0.12154189
R:\Developments\ARIS\Disease\Validation\Healthy cotton\crop_20.jpg,Healthy cotton,val,12,12,Healthy cotton,0.7366843
R:\Developments\ARIS\Disease\Validation\Healthy cotton\crop_21.jpg,Healthy cotton,val,12,12,Healthy cotton,0.7256152
R:\Developments\ARIS\Disease\Validation\Healthy cotton\crop_22.jpg,Healthy cotton,val,12,12,Healthy cotton,0.77544135
R:\Developments\ARIS\Disease\Validation\Healthy cotton\crop_23.jpg,Healthy cotton,val,12,12,Healthy cotton,0.363868
R:\Developments\ARIS\Disease\Validation\Healthy cotton\crop_24.jpg,Healthy cotton,val,12,12,Healthy cotton,0.35382852
R:\Developments\ARIS\Disease\Validation\Healthy cotton\crop_25.jpg,Healthy cotton,val,12,12,Healthy cotton,0.50053793
R:\Developments\ARIS\Disease\Validation\Healthy cotton\crop_26.jpg,Healthy cotton,val,12,12,Healthy cotton,0.50333697
R:\Developments\ARIS\Disease\Validation\Healthy cotton\crop_27.jpg,Healthy cotton,val,12,12,Healthy cotton,0.8049059
R:\Developments\ARIS\Disease\Validation\Healthy cotton\crop_28.jpg,Healthy cotton,val,12,12,Healthy cotton,0.62146086
R:\Developments\ARIS\Disease\Validation\Healthy cotton\crop_3.jpg,Healthy cotton,val,12,12,Healthy cotton,0.7119055
R:\Developments\ARIS\Disease\Validation\Healthy cotton\crop_4.jpg,Healthy cotton,val,12,12,Healthy cotton,0.30992794
R:\Developments\ARIS\Disease\Validation\Healthy cotton\crop_5.jpg,Healthy cotton,val,12,12,Healthy cotton,0.4898417
R:\Developments\ARIS\Disease\Validation\Healthy cotton\crop_6.jpg,Healthy cotton,val,12,12,Healthy cotton,0.8814821
R:\Developments\ARIS\Disease\Validation\Healthy cotton\crop_7.jpg,Healthy cotton,val,12,12,Healthy cotton,0.1739705
R:\Developments\ARIS\Disease\Validation\Healthy cotton\crop_8.jpg,Healthy cotton,val,12,38,cotton whitefly,0.3774042
R:\Developments\ARIS\Disease\Validation\Healthy cotton\crop_9.jpg,Healthy cotton,val,12,1,Anthracnose on Cotton,0.44572008
R:\Developments\ARIS\Disease\Validation\Healthy cotton\rotation_32.jpg,Healthy cotton,val,12,12,Healthy cotton,0.8143905
R:\Developments\ARIS\Disease\Validation\Healthy cotton\rotation_33.jpg,Healthy cotton,val,12,12,Healthy cotton,0.64111346
R:\Developments\ARIS\Disease\Validation\Healthy cotton\rotation_34.jpg,Healthy cotton,val,12,12,Healthy cotton,0.83034736
R:\Developments\ARIS\Disease\Validation\Healthy cotton\rotation_35.jpg,Healthy cotton,val,12,12,Healthy cotton,0.78713566
R:\Developments\ARIS\Disease\Validation\Healthy cotton\rotation_36.jpg,Healthy cotton,val,12,12,Healthy cotton,0.6301169
R:\Developments\ARIS\Disease\Validation\Healthy cotton\rotation_37.jpg,Healthy cotton,val,12,12,Healthy cotton,0.8949347
R:\Developments\ARIS\Disease\Validation\Healthy cotton\rotation_38.jpg,Healthy cotton,val,12,12,Healthy cotton,0.3878475
R:\Developments\ARIS\Disease\Validation\Healthy cotton\rotation_39.jpg,Healthy cotton,val,12,12,Healthy cotton,0.687511
R:\Developments\ARIS\Disease\Validation\Healthy cotton\rotation_40.jpg,Healthy cotton,val,12,12,Healthy cotton,0.8200658
R:\Developments\ARIS\Disease\Validation\Healthy cotton\rotozoom1.jpg,Healthy cotton,val,12,12,Healthy cotton,0.48797914
R:\Developments\ARIS\Disease\Validation\Healthy cotton\rotozoom10.jpg,Healthy cotton,val,12,12,Healthy cotton,0.84364843
R:\Developments\ARIS\Disease\Validation\Healthy cotton\rotozoom11.jpg,Healthy cotton,val,12,1,Anthracnose on Cotton,0.37310973
R:\Developments\ARIS\Disease\Validation\Healthy cotton\rotozoom12.jpg,Healthy cotton,val,12,22,Wheat Brown leaf rust,0.1753595
R:\Developments\ARIS\Disease\Validation\Healthy cotton\rotozoom13.jpg,Healthy cotton,val,12,12,Healthy cotton,0.4784534
R:\Developments\ARIS\Disease\Validation\Healthy cotton\rotozoom14.jpg,Healthy cotton,val,12,3,Bacterial Blight in cotton,0.22738393
R:\Developments\ARIS\Disease\Validation\Healthy cotton\rotozoom15.jpg,Healthy cotton,val,12,12,Healthy cotton,0.32543397
R:\Developments\ARIS\Disease\Validation\Healthy cotton\rotozoom16.jpeg,Healthy cotton,val,12,12,Healthy cotton,0.33720025
R:\Developments\ARIS\Disease\Validation\Healthy cotton\rotozoom17.jpg,Healthy cotton,val,12,12,Healthy cotton,0.7410721
R:\Developments\ARIS\Disease\Validation\Healthy cotton\rotozoom18.jpg,Healthy cotton,val,12,12,Healthy cotton,0.34038392
R:\Developments\ARIS\Disease\Validation\Healthy cotton\rotozoom19.jpg,Healthy cotton,val,12,12,Healthy cotton,0.36883578
R:\Developments\ARIS\Disease\Validation\Healthy cotton\rotozoom2.jpg,Healthy cotton,val,12,12,Healthy cotton,0.45290828
R:\Developments\ARIS\Disease\Validation\Healthy cotton\rotozoom20.jpg,Healthy cotton,val,12,12,Healthy cotton,0.7714631
R:\Developments\ARIS\Disease\Validation\Healthy cotton\rotozoom21.jpg,Healthy cotton,val,12,12,Healthy cotton,0.7377774
R:\Developments\ARIS\Disease\Validation\Healthy cotton\rotozoom22.jpg,Healthy cotton,val,12,12,Healthy cotton,0.41604042
R:\Developments\ARIS\Disease\Validation\Healthy cotton\rotozoom23.jpg,Healthy cotton,val,12,12,Healthy cotton,0.33133805
R:\Developments\ARIS\Disease\Validation\Healthy cotton\rotozoom24.jpg,Healthy cotton,val,12,12,Healthy cotton,0.48789695
R:\Developments\ARIS\Disease\Validation\Healthy cotton\rotozoom25.jpg,Healthy cotton,val,12,12,Healthy cotton,0.35790762
R:\Developments\ARIS\Disease\Validation\Healthy cotton\rotozoom26.jpg,Healthy cotton,val,12,12,Healthy cotton,0.6548423
R:\Developments\ARIS\Disease\Validation\Healthy cotton\rotozoom27.jpg,Healthy cotton,val,12,12,Healthy cotton,0.36634684
R:\Developments\ARIS\Disease\Validation\Healthy cotton\rotozoom28.jpg,Healthy cotton,val,12,12,Healthy cotton,0.18331616
R:\Developments\ARIS\Disease\Validation\Healthy cotton\rotozoom29.jpg,Healthy cotton,val,12,12,Healthy cotton,0.34816262
R:\Developments\ARIS\Disease\Validation\Healthy cotton\rotozoom3.jpg,Healthy cotton,val,12,12,Healthy cotton,0.75613046
R:\Developments\ARIS\Disease\Validation\Healthy cotton\rotozoom30.jpg,Healthy cotton,val,12,12,Healthy cotton,0.30679527
R:\Developments\ARIS\Disease\Validation\Healthy cotton\rotozoom31.jpg,Healthy cotton,val,12,12,Healthy cotton,0.3847271
R:\Developments\ARIS\Disease\Validation\Healthy cotton\rotozoom32.jpg,Healthy cotton,val,12,12,Healthy cotton,0.3036901
R:\Developments\ARIS\Disease\Validation\Healthy cotton\rotozoom33.jpg,Healthy cotton,val,12,12,Healthy cotton,0.7783373
R:\Developments\ARIS\Disease\Validation\Healthy cotton\rotozoom34.jpg,Healthy cotton,val,12,12,Healthy cotton,0.71700716
R:\Developments\ARIS\Disease\Validation\Healthy cotton\rotozoom35.jpg,Healthy cotton,val,12,12,Healthy cotton,0.68704647
R:\Developments\ARIS\Disease\Validation\Healthy cotton\rotozoom36.jpg,Healthy cotton,val,12,12,Healthy cotton,0.37315643
R:\Developments\ARIS\Disease\Validation\Healthy cotton\rotozoom37.jpg,Healthy cotton,val,12,12,Healthy cotton,0.6271286
R:\Developments\ARIS\Disease\Validation\Healthy cotton\rotozoom38.jpg,Healthy cotton,val,12,12,Healthy cotton,0.41526723
R:\Developments\ARIS\Disease\Validation\Healthy cotton\rotozoom39.jpg,Healthy cotton,val,12,12,Healthy cotton,0.6774335
R:\Developments\ARIS\Disease\Validation\Healthy cotton\rotozoom4.jpg,Healthy cotton,val,12,12,Healthy cotton,0.31522033
R:\Developments\ARIS\Disease\Validation\Healthy cotton\rotozoom40.jpg,Healthy cotton,val,12,12,Healthy cotton,0.45306432
R:\Developments\ARIS\Disease\Validation\Healthy cotton\rotozoom5.jpg,Healthy cotton,val,12,12,Healthy cotton,0.24180818
R:\Developments\ARIS\Disease\Validation\Healthy cotton\rotozoom6.jpg,Healthy cotton,val,12,12,Healthy cotton,0.4392129
R:\Developments\ARIS\Disease\Validation\Healthy cotton\rotozoom7.jpg,Healthy cotton,val,12,12,Healthy cotton,0.2894392
R:\Developments\ARIS\Disease\Validation\Healthy cotton\rotozoom8.jpg,Healthy cotton,val,12,38,cotton whitefly,0.20695436
R:\Developments\ARIS\Disease\Validation\Healthy cotton\rotozoom9.jpg,Healthy cotton,val,12,12,Healthy cotton,0.27698657
R:\Developments\ARIS\Disease\Validation\Healthy cotton\translation_1.jpg,Healthy cotton,val,12,7,Cotton Aphid,0.21480407
R:\Developments\ARIS\Disease\Validation\Healthy cotton\translation_10.jpg,Healthy cotton,val,12,12,Healthy cotton,0.47178313
R:\Developments\ARIS\Disease\Validation\Healthy cotton\translation_11.jpg,Healthy cotton,val,12,1,Anthracnose on Cotton,0.28625524
R:\Developments\ARIS\Disease\Validation\Healthy cotton\translation_12.jpg,Healthy cotton,val,12,1,Anthracnose on Cotton,0.15917152
R:\Developments\ARIS\Disease\Validation\Healthy cotton\translation_13.jpg,Healthy cotton,val,12,12,Healthy cotton,0.394624
R:\Developments\ARIS\Disease\Validation\Healthy cotton\translation_14.jpg,Healthy cotton,val,12,12,Healthy cotton,0.2748219
R:\Developments\ARIS\Disease\Validation\Healthy cotton\translation_15.jpg,Healthy cotton,val,12,12,Healthy cotton,0.6155381
R:\Developments\ARIS\Disease\Validation\Healthy cotton\translation_16.jpeg,Healthy cotton,val,12,12,Healthy cotton,0.39095846
R:\Developments\ARIS\Disease\Validation\Healthy cotton\translation_17.jpg,Healthy cotton,val,12,12,Healthy cotton,0.59759957
R:\Developments\ARIS\Disease\Validation\Healthy cotton\translation_2.jpg,Healthy cotton,val,12,12,Healthy cotton,0.4096477
R:\Developments\ARIS\Disease\Validation\Healthy cotton\translation_3.jpg,Healthy cotton,val,12,12,Healthy cotton,0.594731
R:\Developments\ARIS\Disease\Validation\Healthy cotton\translation_4.jpg,Healthy cotton,val,12,38,cotton whitefly,0.19949026
R:\Developments\ARIS\Disease\Validation\Healthy cotton\translation_5.jpg,Healthy cotton,val,12,12,Healthy cotton,0.6488504
R:\Developments\ARIS\Disease\Validation\Healthy cotton\translation_6.jpg,Healthy cotton,val,12,12,Healthy cotton,0.5416307
R:\Developments\ARIS\Disease\Validation\Healthy cotton\translation_7.jpg,Healthy cotton,val,12,12,Healthy cotton,0.7269971
R:\Developments\ARIS\Disease\Validation\Healthy cotton\translation_8.jpg,Healthy cotton,val,12,12,Healthy cotton,0.2256974
R:\Developments\ARIS\Disease\Validation\Healthy cotton\translation_9.jpg,Healthy cotton,val,12,7,Cotton Aphid,0.2980423
R:\Developments\ARIS\Disease\Validation\Healthy cotton\zoom_39.jpg,Healthy cotton,val,12,12,Healthy cotton,0.5004851
R:\Developments\ARIS\Disease\Validation\Healthy cotton\zoom_40.jpg,Healthy cotton,val,12,12,Healthy cotton,0.8423169
R:\Developments\ARIS\Disease\Validation\Healthy Maize\Corn_Health (435).JPG,Healthy Maize,val,10,10,Healthy Maize,0.48931947
R:\Developments\ARIS\Disease\Validation\Healthy Maize\Corn_Health (436).jpg,Healthy Maize,val,10,10,Healthy Maize,0.5737192
R:\Developments\ARIS\Disease\Validation\Healthy Maize\Corn_Health (437).jpg,Healthy Maize,val,10,10,Healthy Maize,0.53362113
R:\Developments\ARIS\Disease\Validation\Healthy Maize\Corn_Health (438).jpg,Healthy Maize,val,10,10,Healthy Maize,0.2586969
R:\Developments\ARIS\Disease\Validation\Healthy Maize\Corn_Health (439).jpg,Healthy Maize,val,10,10,Healthy Maize,0.45328948
R:\Developments\ARIS\Disease\Validation\Healthy Maize\Corn_Health (440).jpg,Healthy Maize,val,10,10,Healthy Maize,0.48338875
R:\Developments\ARIS\Disease\Validation\Healthy Maize\Corn_Health (441).jpg,Healthy Maize,val,10,10,Healthy Maize,0.14915007
R:\Developments\ARIS\Disease\Validation\Healthy Maize\Corn_Health (479).JPG,Healthy Maize,val,10,10,Healthy Maize,0.6333245
R:\Developments\ARIS\Disease\Validation\Healthy Maize\Corn_Health (480).jpg,Healthy Maize,val,10,15,Mosaic sugarcane,0.14929093
R:\Developments\ARIS\Disease\Validation\Healthy Maize\Corn_Health (481).JPG,Healthy Maize,val,10,10,Healthy Maize,0.3603967
R:\Developments\ARIS\Disease\Validation\Healthy Maize\Corn_Health (482).jpg,Healthy Maize,val,10,10,Healthy Maize,0.6332886
R:\Developments\ARIS\Disease\Validation\Healthy Maize\Corn_Health (483).jpg,Healthy Maize,val,10,10,Healthy Maize,0.40916523
R:\Developments\ARIS\Disease\Validation\Healthy Maize\Corn_Health (484).jpg,Healthy Maize,val,10,10,Healthy Maize,0.24495918
R:\Developments\ARIS\Disease\Validation\Healthy Maize\Corn_Health (485).jpg,Healthy Maize,val,10,10,Healthy Maize,0.5524774
R:\Developments\ARIS\Disease\Validation\Healthy Maize\Corn_Health (486).jpg,Healthy Maize,val,10,10,Healthy Maize,0.5298176
R:\Developments\ARIS\Disease\Validation\Healthy Maize\Corn_Health (487).jpg,Healthy Maize,val,10,10,Healthy Maize,0.6483295
R:\Developments\ARIS\Disease\Validation\Healthy Maize\Corn_Health (488).jpg,Healthy Maize,val,10,10,Healthy Maize,0.27823934
R:\Developments\ARIS\Disease\Validation\Healthy Maize\Corn_Health (489).jpg,Healthy Maize,val,10,10,Healthy Maize,0.4604129
R:\Developments\ARIS\Disease\Validation\Healthy Maize\Corn_Health (490).jpg,Healthy Maize,val,10,10,Healthy Maize,0.24650063
R:\Developments\ARIS\Disease\Validation\Healthy Maize\Corn_Health (491).jpg,Healthy Maize,val,10,10,Healthy Maize,0.53879136
R:\Developments\ARIS\Disease\Validation\Healthy Maize\Corn_Health (492).jpg,Healthy Maize,val,10,31,Wheat___Yellow_Rust,0.35458636
R:\Developments\ARIS\Disease\Validation\Healthy Maize\Corn_Health (493).jpg,Healthy Maize,val,10,10,Healthy Maize,0.3133359
R:\Developments\ARIS\Disease\Validation\Healthy Maize\Corn_Health (494).jpg,Healthy Maize,val,10,10,Healthy Maize,0.2848157
R:\Developments\ARIS\Disease\Validation\Healthy Maize\Corn_Health (495).jpg,Healthy Maize,val,10,10,Healthy Maize,0.34907702
R:\Developments\ARIS\Disease\Validation\Healthy Maize\Corn_Health (496).jpg,Healthy Maize,val,10,10,Healthy Maize,0.21691038
R:\Developments\ARIS\Disease\Validation\Healthy Maize\Corn_Health (497).jpg,Healthy Maize,val,10,19,Sugarcane Healthy,0.12995376
R:\Developments\ARIS\Disease\Validation\Healthy Maize\Corn_Health (498).jpg,Healthy Maize,val,10,10,Healthy Maize,0.57488686
R:\Developments\ARIS\Disease\Validation\Healthy Maize\Corn_Health (499).jpg,Healthy Maize,val,10,10,Healthy Maize,0.34525707
R:\Developments\ARIS\Disease\Validation\Healthy Maize\Corn_Health (500).jpg,Healthy Maize,val,10,10,Healthy Maize,0.2640862
R:\Developments\ARIS\Disease\Validation\Healthy Maize\Corn_Health (501).jpg,Healthy Maize,val,10,10,Healthy Maize,0.36964294
R:\Developments\ARIS\Disease\Validation\Healthy Maize\Corn_Health (502).jpg,Healthy Maize,val,10,10,Healthy Maize,0.3734535
R:\Developments\ARIS\Disease\Validation\Healthy Maize\Corn_Health (503).jpg,Healthy Maize,val,10,10,Healthy Maize,0.29013154
R:\Developments\ARIS\Disease\Validation\Healthy Maize\Corn_Health (504).jpg,Healthy Maize,val,10,10,Healthy Maize,0.48265624
R:\Developments\ARIS\Disease\Validation\Healthy Maize\Corn_Health (505).jpg,Healthy Maize,val,10,10,Healthy Maize,0.50255644
R:\Developments\ARIS\Disease\Validation\Healthy Maize\Corn_Health (506).jpg,Healthy Maize,val,10,10,Healthy Maize,0.6805454
R:\Developments\ARIS\Disease\Validation\Healthy Maize\Corn_Health (507).jpg,Healthy Maize,val,10,10,Healthy Maize,0.62452435
R:\Developments\ARIS\Disease\Validation\Healthy Maize\Corn_Health (508).jpg,Healthy Maize,val,10,10,Healthy Maize,0.3044123
R:\Developments\ARIS\Disease\Validation\Healthy Maize\Corn_Health (509).jpg,Healthy Maize,val,10,19,Sugarcane Healthy,0.23442526
R:\Developments\ARIS\Disease\Validation\Healthy Maize\Corn_Health (510).jpg,Healthy Maize,val,10,10,Healthy Maize,0.71409863
R:\Developments\ARIS\Disease\Validation\Healthy Maize\Corn_Health (511).jpg,Healthy Maize,val,10,10,Healthy Maize,0.47111365
R:\Developments\ARIS\Disease\Validation\Healthy Maize\Corn_Health (512).jpg,Healthy Maize,val,10,10,Healthy Maize,0.23240896
R:\Developments\ARIS\Disease\Validation\Healthy Maize\Corn_Health (513).jpg,Healthy Maize,val,10,31,Wheat___Yellow_Rust,0.2762135
R:\Developments\ARIS\Disease\Validation\Healthy Maize\Corn_Health (514).jpg,Healthy Maize,val,10,10,Healthy Maize,0.35943374
R:\Developments\ARIS\Disease\Validation\Healthy Maize\Corn_Health (515).jpg,Healthy Maize,val,10,10,Healthy Maize,0.19492173
R:\Developments\ARIS\Disease\Validation\Healthy Maize\Corn_Health (516).jpg,Healthy Maize,val,10,31,Wheat___Yellow_Rust,0.29666182
R:\Developments\ARIS\Disease\Validation\Healthy Maize\Corn_Health (517).jpg,Healthy Maize,val,10,10,Healthy Maize,0.54889137
R:\Developments\ARIS\Disease\Validation\Healthy Maize\Corn_Health (518).jpg,Healthy Maize,val,10,31,Wheat___Yellow_Rust,0.15642409
R:\Developments\ARIS\Disease\Validation\Healthy Maize\Corn_Health (519).jpg,Healthy Maize,val,10,10,Healthy Maize,0.28439203
R:\Developments\ARIS\Disease\Validation\Healthy Maize\Corn_Health (520).jpg,Healthy Maize,val,10,10,Healthy Maize,0.47567883
R:\Developments\ARIS\Disease\Validation\Healthy Maize\Corn_Health (521).jpg,Healthy Maize,val,10,10,Healthy Maize,0.6804795
R:\Developments\ARIS\Disease\Validation\Healthy Maize\Corn_Health (522).jpg,Healthy Maize,val,10,10,Healthy Maize,0.6131573
R:\Developments\ARIS\Disease\Validation\Healthy Maize\Corn_Health (523).jpg,Healthy Maize,val,10,10,Healthy Maize,0.46086618
R:\Developments\ARIS\Disease\Validation\Healthy Maize\Corn_Health (524).jpg,Healthy Maize,val,10,10,Healthy Maize,0.44340894
R:\Developments\ARIS\Disease\Validation\Healthy Maize\Corn_Health (525).jpg,Healthy Maize,val,10,10,Healthy Maize,0.12610255
R:\Developments\ARIS\Disease\Validation\Healthy Maize\Corn_Health (526).jpg,Healthy Maize,val,10,10,Healthy Maize,0.5934797
R:\Developments\ARIS\Disease\Validation\Healthy Maize\Corn_Health (527).jpg,Healthy Maize,val,10,10,Healthy Maize,0.7092314
R:\Developments\ARIS\Disease\Validation\Healthy Maize\Corn_Health (528).jpg,Healthy Maize,val,10,10,Healthy Maize,0.22648239
R:\Developments\ARIS\Disease\Validation\Healthy Maize\Corn_Health (529).jpg,Healthy Maize,val,10,10,Healthy Maize,0.3778994
R:\Developments\ARIS\Disease\Validation\Healthy Maize\Corn_Health (530).jpg,Healthy Maize,val,10,10,Healthy Maize,0.74752766
R:\Developments\ARIS\Disease\Validation\Healthy Maize\Corn_Health (531).jpg,Healthy Maize,val,10,10,Healthy Maize,0.3653542
R:\Developments\ARIS\Disease\Validation\Healthy Maize\Corn_Health (532).jpg,Healthy Maize,val,10,10,Healthy Maize,0.41246685
R:\Developments\ARIS\Disease\Validation\Healthy Maize\Corn_Health (533).jpg,Healthy Maize,val,10,10,Healthy Maize,0.24556793
R:\Developments\ARIS\Disease\Validation\Healthy Maize\Corn_Health (534).jpg,Healthy Maize,val,10,10,Healthy Maize,0.51094013
R:\Developments\ARIS\Disease\Validation\Healthy Maize\Corn_Health (535).jpg,Healthy Maize,val,10,10,Healthy Maize,0.4901526
R:\Developments\ARIS\Disease\Validation\Healthy Maize\Corn_Health (536).jpg,Healthy Maize,val,10,10,Healthy Maize,0.51444954
R:\Developments\ARIS\Disease\Validation\Healthy Maize\Corn_Health (537).jpg,Healthy Maize,val,10,10,Healthy Maize,0.65268487
R:\Developments\ARIS\Disease\Validation\Healthy Maize\Corn_Health (538).jpg,Healthy Maize,val,10,19,Sugarcane Healthy,0.18837321
R:\Developments\ARIS\Disease\Validation\Healthy Maize\Corn_Health (539).jpg,Healthy Maize,val,10,10,Healthy Maize,0.5782139
R:\Developments\ARIS\Disease\Validation\Healthy Maize\Corn_Health (540).jpg,Healthy Maize,val,10,10,Healthy Maize,0.6365816
R:\Developments\ARIS\Disease\Validation\Healthy Maize\Corn_Health (541).jpg,Healthy Maize,val,10,10,Healthy Maize,0.17161769
R:\Developments\ARIS\Disease\Validation\Healthy Maize\Corn_Health (542).jpg,Healthy Maize,val,10,10,Healthy Maize,0.567887
R:\Developments\ARIS\Disease\Validation\Healthy Maize\Corn_Health (543).jpg,Healthy Maize,val,10,10,Healthy Maize,0.190512
R:\Developments\ARIS\Disease\Validation\Healthy Maize\Corn_Health (544).jpg,Healthy Maize,val,10,10,Healthy Maize,0.47904143
R:\Developments\ARIS\Disease\Validation\Healthy Maize\Corn_Health (545).jpg,Healthy Maize,val,10,10,Healthy Maize,0.3757374
R:\Developments\ARIS\Disease\Validation\Healthy Maize\Corn_Health (546).jpg,Healthy Maize,val,10,10,Healthy Maize,0.40924692
R:\Developments\ARIS\Disease\Validation\Healthy Maize\Corn_Health (547).jpg,Healthy Maize,val,10,10,Healthy Maize,0.26814234
R:\Developments\ARIS\Disease\Validation\Healthy Maize\Corn_Health (548).jpg,Healthy Maize,val,10,10,Healthy Maize,0.3322839
R:\Developments\ARIS\Disease\Validation\Healthy Maize\Corn_Health (549).jpg,Healthy Maize,val,10,10,Healthy Maize,0.38674894
R:\Developments\ARIS\Disease\Validation\Healthy Maize\Corn_Health (550).jpg,Healthy Maize,val,10,10,Healthy Maize,0.4008285
R:\Developments\ARIS\Disease\Validation\Healthy Maize\Corn_Health (551).jpg,Healthy Maize,val,10,10,Healthy Maize,0.6914291
R:\Developments\ARIS\Disease\Validation\Healthy Maize\Corn_Health (552).jpg,Healthy Maize,val,10,19,Sugarcane Healthy,0.12207966
R:\Developments\ARIS\Disease\Validation\Healthy Maize\Corn_Health (553).jpg,Healthy Maize,val,10,10,Healthy Maize,0.26483917
R:\Developments\ARIS\Disease\Validation\Healthy Maize\Corn_Health (554).jpg,Healthy Maize,val,10,10,Healthy Maize,0.19500613
R:\Developments\ARIS\Disease\Validation\Healthy Maize\Corn_Health (555).jpg,Healthy Maize,val,10,10,Healthy Maize,0.6573469
R:\Developments\ARIS\Disease\Validation\Healthy Maize\Corn_Health (556).jpg,Healthy Maize,val,10,10,Healthy Maize,0.41905513
R:\Developments\ARIS\Disease\Validation\Healthy Maize\Corn_Health (557).jpg,Healthy Maize,val,10,10,Healthy Maize,0.4400545
R:\Developments\ARIS\Disease\Validation\Healthy Maize\Corn_Health (558).jpg,Healthy Maize,val,10,10,Healthy Maize,0.33926287
R:\Developments\ARIS\Disease\Validation\Healthy Maize\Corn_Health (559).jpg,Healthy Maize,val,10,10,Healthy Maize,0.40838847
R:\Developments\ARIS\Disease\Validation\Healthy Maize\Corn_Health (560).jpg,Healthy Maize,val,10,31,Wheat___Yellow_Rust,0.3354229
R:\Developments\ARIS\Disease\Validation\Healthy Maize\Corn_Health (561).jpg,Healthy Maize,val,10,10,Healthy Maize,0.25614992
R:\Developments\ARIS\Disease\Validation\Healthy Maize\Corn_Health (562).jpg,Healthy Maize,val,10,19,Sugarcane Healthy,0.14278606
R:\Developments\ARIS\Disease\Validation\Healthy Maize\Corn_Health (563).jpg,Healthy Maize,val,10,10,Healthy Maize,0.34498063
R:\Developments\ARIS\Disease\Validation\Healthy Maize\Corn_Health (564).jpg,Healthy Maize,val,10,10,Healthy Maize,0.18461253
R:\Developments\ARIS\Disease\Validation\Healthy Maize\Corn_Health (565).jpg,Healthy Maize,val,10,10,Healthy Maize,0.39042696
R:\Developments\ARIS\Disease\Validation\Healthy Maize\Corn_Health (566).jpg,Healthy Maize,val,10,10,Healthy Maize,0.38241026
R:\Developments\ARIS\Disease\Validation\Healthy Maize\Corn_Health (567).jpg,Healthy Maize,val,10,10,Healthy Maize,0.5879823
R:\Developments\ARIS\Disease\Validation\Healthy Maize\Corn_Health (568).jpg,Healthy Maize,val,10,10,Healthy Maize,0.5548726
R:\Developments\ARIS\Disease\Validation\Healthy Maize\Corn_Health (569).jpg,Healthy Maize,val,10,29,Wheat scab,0.21204889
R:\Developments\ARIS\Disease\Validation\Healthy Maize\Corn_Health (570).jpg,Healthy Maize,val,10,10,Healthy Maize,0.5427992
R:\Developments\ARIS\Disease\Validation\Healthy Maize\Corn_Health (571).jpg,Healthy Maize,val,10,31,Wheat___Yellow_Rust,0.31639296
R:\Developments\ARIS\Disease\Validation\Healthy Maize\Corn_Health (572).jpg,Healthy Maize,val,10,10,Healthy Maize,0.5532319
R:\Developments\ARIS\Disease\Validation\Healthy Maize\Corn_Health (573).jpg,Healthy Maize,val,10,10,Healthy Maize,0.1409791
R:\Developments\ARIS\Disease\Validation\Healthy Maize\Corn_Health (574).jpg,Healthy Maize,val,10,10,Healthy Maize,0.21607096
R:\Developments\ARIS\Disease\Validation\Healthy Maize\Corn_Health (575).jpg,Healthy Maize,val,10,10,Healthy Maize,0.4794036
R:\Developments\ARIS\Disease\Validation\Healthy Maize\Corn_Health (576).jpg,Healthy Maize,val,10,19,Sugarcane Healthy,0.24789113
R:\Developments\ARIS\Disease\Validation\Healthy Maize\Corn_Health (577).jpg,Healthy Maize,val,10,10,Healthy Maize,0.37698457
R:\Developments\ARIS\Disease\Validation\Healthy Maize\Corn_Health (578).jpg,Healthy Maize,val,10,10,Healthy Maize,0.5549391
R:\Developments\ARIS\Disease\Validation\Healthy Maize\Corn_Health (579).jpg,Healthy Maize,val,10,10,Healthy Maize,0.55731016
R:\Developments\ARIS\Disease\Validation\Healthy Maize\Corn_Health (580).jpg,Healthy Maize,val,10,10,Healthy Maize,0.5693112
R:\Developments\ARIS\Disease\Validation\Healthy Maize\Corn_Health (581).jpg,Healthy Maize,val,10,19,Sugarcane Healthy,0.3040038
R:\Developments\ARIS\Disease\Validation\Healthy Maize\Corn_Health (582).jpg,Healthy Maize,val,10,19,Sugarcane Healthy,0.26170066
R:\Developments\ARIS\Disease\Validation\Healthy Maize\Corn_Health (583).jpg,Healthy Maize,val,10,10,Healthy Maize,0.29041678
R:\Developments\ARIS\Disease\Validation\Healthy Maize\Corn_Health (584).jpg,Healthy Maize,val,10,10,Healthy Maize,0.31931767
R:\Developments\ARIS\Disease\Validation\Healthy Maize\Corn_Health (585).jpg,Healthy Maize,val,10,10,Healthy Maize,0.3744495
R:\Developments\ARIS\Disease\Validation\Healthy Maize\Corn_Health (586).jpg,Healthy Maize,val,10,10,Healthy Maize,0.5214965
R:\Developments\ARIS\Disease\Validation\Healthy Maize\Corn_Health (587).jpg,Healthy Maize,val,10,10,Healthy Maize,0.45832607
R:\Developments\ARIS\Disease\Validation\Healthy Maize\Corn_Health (588).jpg,Healthy Maize,val,10,10,Healthy Maize,0.5963101
R:\Developments\ARIS\Disease\Validation\Healthy Maize\Corn_Health (589).jpg,Healthy Maize,val,10,10,Healthy Maize,0.672566
R:\Developments\ARIS\Disease\Validation\Healthy Maize\Corn_Health (590).jpg,Healthy Maize,val,10,10,Healthy Maize,0.16683458
R:\Developments\ARIS\Disease\Validation\Healthy Maize\Corn_Health (591).jpg,Healthy Maize,val,10,19,Sugarcane Healthy,0.44484112
R:\Developments\ARIS\Disease\Validation\Healthy Maize\Corn_Health (592).jpg,Healthy Maize,val,10,10,Healthy Maize,0.4764552
R:\Developments\ARIS\Disease\Validation\Healthy Maize\Corn_Health (593).jpg,Healthy Maize,val,10,10,Healthy Maize,0.39035735
R:\Developments\ARIS\Disease\Validation\Healthy Maize\Corn_Health (594).jpg,Healthy Maize,val,10,10,Healthy Maize,0.28927433
R:\Developments\ARIS\Disease\Validation\Healthy Maize\Corn_Health (595).jpg,Healthy Maize,val,10,10,Healthy Maize,0.33536807
R:\Developments\ARIS\Disease\Validation\Healthy Maize\Corn_Health (596).jpg,Healthy Maize,val,10,10,Healthy Maize,0.5467441
R:\Developments\ARIS\Disease\Validation\Healthy Maize\Corn_Health (597).jpg,Healthy Maize,val,10,10,Healthy Maize,0.6022089
R:\Developments\ARIS\Disease\Validation\Healthy Maize\Corn_Health (598).jpg,Healthy Maize,val,10,10,Healthy Maize,0.5563919
R:\Developments\ARIS\Disease\Validation\Healthy Maize\Corn_Health (599).jpg,Healthy Maize,val,10,10,Healthy Maize,0.19808668
R:\Developments\ARIS\Disease\Validation\Healthy Maize\Corn_Health (600).jpg,Healthy Maize,val,10,10,Healthy Maize,0.37665415
R:\Developments\ARIS\Disease\Validation\Healthy Maize\Corn_Health (601).jpg,Healthy Maize,val,10,10,Healthy Maize,0.53314465
R:\Developments\ARIS\Disease\Validation\Healthy Maize\Corn_Health (602).jpg,Healthy Maize,val,10,10,Healthy Maize,0.28270346
R:\Developments\ARIS\Disease\Validation\Healthy Maize\Corn_Health (603).jpg,Healthy Maize,val,10,10,Healthy Maize,0.2999331
R:\Developments\ARIS\Disease\Validation\Healthy Maize\Corn_Health (604).jpg,Healthy Maize,val,10,10,Healthy Maize,0.62910014
R:\Developments\ARIS\Disease\Validation\Healthy Maize\Corn_Health (605).jpg,Healthy Maize,val,10,10,Healthy Maize,0.59283364
R:\Developments\ARIS\Disease\Validation\Healthy Maize\Corn_Health (606).jpg,Healthy Maize,val,10,10,Healthy Maize,0.46362004
R:\Developments\ARIS\Disease\Validation\Healthy Maize\Corn_Health (607).jpg,Healthy Maize,val,10,10,Healthy Maize,0.42339858
R:\Developments\ARIS\Disease\Validation\Healthy Maize\Corn_Health (608).jpg,Healthy Maize,val,10,10,Healthy Maize,0.29857603
R:\Developments\ARIS\Disease\Validation\Healthy Maize\Corn_Health (609).jpg,Healthy Maize,val,10,10,Healthy Maize,0.530591
R:\Developments\ARIS\Disease\Validation\Healthy Maize\Corn_Health (610).jpg,Healthy Maize,val,10,31,Wheat___Yellow_Rust,0.09598145
R:\Developments\ARIS\Disease\Validation\Healthy Maize\Corn_Health (611).jpg,Healthy Maize,val,10,10,Healthy Maize,0.5241842
R:\Developments\ARIS\Disease\Validation\Healthy Maize\Corn_Health (612).jpg,Healthy Maize,val,10,10,Healthy Maize,0.42640933
R:\Developments\ARIS\Disease\Validation\Healthy Maize\Corn_Health (613).jpg,Healthy Maize,val,10,10,Healthy Maize,0.4239054
R:\Developments\ARIS\Disease\Validation\Healthy Maize\Corn_Health (614).jpg,Healthy Maize,val,10,10,Healthy Maize,0.546687
R:\Developments\ARIS\Disease\Validation\Healthy Maize\Corn_Health (615).jpg,Healthy Maize,val,10,10,Healthy Maize,0.5804021
R:\Developments\ARIS\Disease\Validation\Healthy Maize\Corn_Health (616).jpg,Healthy Maize,val,10,10,Healthy Maize,0.42960367
R:\Developments\ARIS\Disease\Validation\Healthy Maize\Corn_Health (617).JPG,Healthy Maize,val,10,10,Healthy Maize,0.2246383
R:\Developments\ARIS\Disease\Validation\Healthy Maize\Corn_Health (618).jpg,Healthy Maize,val,10,10,Healthy Maize,0.22706763
R:\Developments\ARIS\Disease\Validation\Healthy Maize\Corn_Health (619).jpg,Healthy Maize,val,10,10,Healthy Maize,0.15292367
R:\Developments\ARIS\Disease\Validation\Healthy Maize\Corn_Health (620).jpg,Healthy Maize,val,10,10,Healthy Maize,0.48401928
R:\Developments\ARIS\Disease\Validation\Healthy Maize\Corn_Health (621).jpg,Healthy Maize,val,10,10,Healthy Maize,0.56227946
R:\Developments\ARIS\Disease\Validation\Healthy Maize\Corn_Health (622).jpg,Healthy Maize,val,10,10,Healthy Maize,0.73232985
R:\Developments\ARIS\Disease\Validation\Healthy Maize\Corn_Health (623).jpg,Healthy Maize,val,10,10,Healthy Maize,0.5239778
R:\Developments\ARIS\Disease\Validation\Healthy Maize\Corn_Health (624).jpg,Healthy Maize,val,10,10,Healthy Maize,0.41241264
R:\Developments\ARIS\Disease\Validation\Healthy Maize\Corn_Health (625).jpg,Healthy Maize,val,10,10,Healthy Maize,0.6206615
R:\Developments\ARIS\Disease\Validation\Healthy Maize\Corn_Health (626).jpg,Healthy Maize,val,10,10,Healthy Maize,0.50486416
R:\Developments\ARIS\Disease\Validation\Healthy Maize\Corn_Health (627).jpg,Healthy Maize,val,10,10,Healthy Maize,0.50089693
R:\Developments\ARIS\Disease\Validation\Healthy Maize\Corn_Health (628).jpg,Healthy Maize,val,10,10,Healthy Maize,0.5776961
R:\Developments\ARIS\Disease\Validation\Healthy Maize\Corn_Health (629).jpg,Healthy Maize,val,10,10,Healthy Maize,0.37382248
R:\Developments\ARIS\Disease\Validation\Healthy Maize\Corn_Health (630).jpg,Healthy Maize,val,10,10,Healthy Maize,0.25242582
R:\Developments\ARIS\Disease\Validation\Healthy Maize\Corn_Health (631).jpg,Healthy Maize,val,10,10,Healthy Maize,0.47841954
R:\Developments\ARIS\Disease\Validation\Healthy Maize\Corn_Health (632).jpg,Healthy Maize,val,10,19,Sugarcane Healthy,0.23258622
R:\Developments\ARIS\Disease\Validation\Healthy Maize\Corn_Health (633).jpg,Healthy Maize,val,10,29,Wheat scab,0.20692478
R:\Developments\ARIS\Disease\Validation\Healthy Maize\Corn_Health (634).jpg,Healthy Maize,val,10,10,Healthy Maize,0.34853396
R:\Developments\ARIS\Disease\Validation\Healthy Maize\Corn_Health (635).jpg,Healthy Maize,val,10,10,Healthy Maize,0.26171875
R:\Developments\ARIS\Disease\Validation\Healthy Maize\Corn_Health (636).jpg,Healthy Maize,val,10,10,Healthy Maize,0.3957661
R:\Developments\ARIS\Disease\Validation\Healthy Maize\Corn_Health (637).jpg,Healthy Maize,val,10,10,Healthy Maize,0.6300736
R:\Developments\ARIS\Disease\Validation\Healthy Maize\Corn_Health (638).jpg,Healthy Maize,val,10,10,Healthy Maize,0.5347528
R:\Developments\ARIS\Disease\Validation\Healthy Maize\Corn_Health (639).jpg,Healthy Maize,val,10,10,Healthy Maize,0.33722898
R:\Developments\ARIS\Disease\Validation\Healthy Maize\Corn_Health (640).jpg,Healthy Maize,val,10,10,Healthy Maize,0.40423524
R:\Developments\ARIS\Disease\Validation\Healthy Maize\Corn_Health (641).jpg,Healthy Maize,val,10,10,Healthy Maize,0.3014585
R:\Developments\ARIS\Disease\Validation\Healthy Maize\Corn_Health (642).jpg,Healthy Maize,val,10,10,Healthy Maize,0.38938308
R:\Developments\ARIS\Disease\Validation\Healthy Maize\Corn_Health (643).jpg,Healthy Maize,val,10,10,Healthy Maize,0.38040963
R:\Developments\ARIS\Disease\Validation\Healthy Maize\Corn_Health (644).jpg,Healthy Maize,val,10,10,Healthy Maize,0.29840916
R:\Developments\ARIS\Disease\Validation\Healthy Maize\Corn_Health (645).jpg,Healthy Maize,val,10,10,Healthy Maize,0.4213948
R:\Developments\ARIS\Disease\Validation\Healthy Maize\Corn_Health (646).jpg,Healthy Maize,val,10,10,Healthy Maize,0.57138354
R:\Developments\ARIS\Disease\Validation\Healthy Maize\Corn_Health (647).jpg,Healthy Maize,val,10,10,Healthy Maize,0.4584333
R:\Developments\ARIS\Disease\Validation\Healthy Maize\Corn_Health (648).jpg,Healthy Maize,val,10,10,Healthy Maize,0.20389698
R:\Developments\ARIS\Disease\Validation\Healthy Maize\Corn_Health (649).jpg,Healthy Maize,val,10,10,Healthy Maize,0.5791395
R:\Developments\ARIS\Disease\Validation\Healthy Maize\Corn_Health (650).jpg,Healthy Maize,val,10,10,Healthy Maize,0.26465023
R:\Developments\ARIS\Disease\Validation\Healthy Maize\Corn_Health (651).jpg,Healthy Maize,val,10,10,Healthy Maize,0.36526847
R:\Developments\ARIS\Disease\Validation\Healthy Maize\Corn_Health (652).jpg,Healthy Maize,val,10,10,Healthy Maize,0.6901899
R:\Developments\ARIS\Disease\Validation\Healthy Maize\Corn_Health (653).jpg,Healthy Maize,val,10,10,Healthy Maize,0.5817369
R:\Developments\ARIS\Disease\Validation\Healthy Maize\Corn_Health (654).jpg,Healthy Maize,val,10,10,Healthy Maize,0.65687484
R:\Developments\ARIS\Disease\Validation\Healthy Maize\Corn_Health (655).jpg,Healthy Maize,val,10,10,Healthy Maize,0.49641255
R:\Developments\ARIS\Disease\Validation\Healthy Maize\Corn_Health (656).jpg,Healthy Maize,val,10,10,Healthy Maize,0.22526269
R:\Developments\ARIS\Disease\Validation\Healthy Maize\Corn_Health (657).jpg,Healthy Maize,val,10,10,Healthy Maize,0.37789235
R:\Developments\ARIS\Disease\Validation\Healthy Maize\Corn_Health (658).jpg,Healthy Maize,val,10,10,Healthy Maize,0.4282383
R:\Developments\ARIS\Disease\Validation\Healthy Maize\Corn_Health (659).jpg,Healthy Maize,val,10,10,Healthy Maize,0.44766632
R:\Developments\ARIS\Disease\Validation\Healthy Maize\Corn_Health (660).jpg,Healthy Maize,val,10,10,Healthy Maize,0.119035006
R:\Developments\ARIS\Disease\Validation\Healthy Maize\Corn_Health (661).jpg,Healthy Maize,val,10,10,Healthy Maize,0.55966324
R:\Developments\ARIS\Disease\Validation\Healthy Maize\Corn_Health (662).jpg,Healthy Maize,val,10,10,Healthy Maize,0.21951903
R:\Developments\ARIS\Disease\Validation\Healthy Maize\Corn_Health (663).jpg,Healthy Maize,val,10,10,Healthy Maize,0.4084128
R:\Developments\ARIS\Disease\Validation\Healthy Maize\Corn_Health (664).jpg,Healthy Maize,val,10,10,Healthy Maize,0.21828347
R:\Developments\ARIS\Disease\Validation\Healthy Maize\Corn_Health (665).jpg,Healthy Maize,val,10,10,Healthy Maize,0.62206835
R:\Developments\ARIS\Disease\Validation\Healthy Maize\Corn_Health (666).jpg,Healthy Maize,val,10,10,Healthy Maize,0.23224606
R:\Developments\ARIS\Disease\Validation\Healthy Maize\Corn_Health (667).jpg,Healthy Maize,val,10,10,Healthy Maize,0.43099952
R:\Developments\ARIS\Disease\Validation\Healthy Maize\Corn_Health (668).jpg,Healthy Maize,val,10,10,Healthy Maize,0.39182213
R:\Developments\ARIS\Disease\Validation\Healthy Maize\Corn_Health (669).jpg,Healthy Maize,val,10,10,Healthy Maize,0.4766632
R:\Developments\ARIS\Disease\Validation\Healthy Maize\Corn_Health (670).jpg,Healthy Maize,val,10,10,Healthy Maize,0.5597051
R:\Developments\ARIS\Disease\Validation\Healthy Maize\Corn_Health (671).jpg,Healthy Maize,val,10,15,Mosaic sugarcane,0.19963437
R:\Developments\ARIS\Disease\Validation\Healthy Maize\Corn_Health (672).jpg,Healthy Maize,val,10,10,Healthy Maize,0.4841149
R:\Developments\ARIS\Disease\Validation\Healthy Maize\Corn_Health (673).jpg,Healthy Maize,val,10,10,Healthy Maize,0.44874355
R:\Developments\ARIS\Disease\Validation\Healthy Maize\Corn_Health (674).jpg,Healthy Maize,val,10,10,Healthy Maize,0.5377561
R:\Developments\ARIS\Disease\Validation\Healthy Maize\Corn_Health (675).jpg,Healthy Maize,val,10,10,Healthy Maize,0.60469645
R:\Developments\ARIS\Disease\Validation\Healthy Maize\Corn_Health (676).jpg,Healthy Maize,val,10,10,Healthy Maize,0.4589292
R:\Developments\ARIS\Disease\Validation\Healthy Maize\Corn_Health (677).jpg,Healthy Maize,val,10,10,Healthy Maize,0.49380076
R:\Developments\ARIS\Disease\Validation\Healthy Maize\Corn_Health (678).jpg,Healthy Maize,val,10,10,Healthy Maize,0.43830225
R:\Developments\ARIS\Disease\Validation\Healthy Maize\Corn_Health (679).jpg,Healthy Maize,val,10,10,Healthy Maize,0.30449367
R:\Developments\ARIS\Disease\Validation\Healthy Maize\Corn_Health (68).jpg,Healthy Maize,val,10,10,Healthy Maize,0.716826
R:\Developments\ARIS\Disease\Validation\Healthy Maize\Corn_Health (680).jpg,Healthy Maize,val,10,10,Healthy Maize,0.5423792
R:\Developments\ARIS\Disease\Validation\Healthy Maize\Corn_Health (681).jpg,Healthy Maize,val,10,10,Healthy Maize,0.39946094
R:\Developments\ARIS\Disease\Validation\Healthy Maize\Corn_Health (682).jpg,Healthy Maize,val,10,10,Healthy Maize,0.48750806
R:\Developments\ARIS\Disease\Validation\Healthy Maize\Corn_Health (683).jpg,Healthy Maize,val,10,10,Healthy Maize,0.38542375
R:\Developments\ARIS\Disease\Validation\Healthy Maize\Corn_Health (684).jpg,Healthy Maize,val,10,10,Healthy Maize,0.26530683
R:\Developments\ARIS\Disease\Validation\Healthy Maize\Corn_Health (685).jpg,Healthy Maize,val,10,10,Healthy Maize,0.61442906
R:\Developments\ARIS\Disease\Validation\Healthy Maize\Corn_Health (686).jpg,Healthy Maize,val,10,10,Healthy Maize,0.41616008
R:\Developments\ARIS\Disease\Validation\Healthy Maize\Corn_Health (687).jpg,Healthy Maize,val,10,10,Healthy Maize,0.65136385
R:\Developments\ARIS\Disease\Validation\Healthy Maize\Corn_Health (688).jpg,Healthy Maize,val,10,10,Healthy Maize,0.5068835
R:\Developments\ARIS\Disease\Validation\Healthy Maize\Corn_Health (689).jpg,Healthy Maize,val,10,10,Healthy Maize,0.41353425
R:\Developments\ARIS\Disease\Validation\Healthy Maize\Corn_Health (69).jpg,Healthy Maize,val,10,10,Healthy Maize,0.76972324
R:\Developments\ARIS\Disease\Validation\Healthy Maize\Corn_Health (690).jpg,Healthy Maize,val,10,10,Healthy Maize,0.37826693
R:\Developments\ARIS\Disease\Validation\Healthy Maize\Corn_Health (691).jpg,Healthy Maize,val,10,10,Healthy Maize,0.40915108
R:\Developments\ARIS\Disease\Validation\Healthy Maize\Corn_Health (692).jpg,Healthy Maize,val,10,10,Healthy Maize,0.3697263
R:\Developments\ARIS\Disease\Validation\Healthy Maize\Corn_Health (693).jpg,Healthy Maize,val,10,10,Healthy Maize,0.24814916
R:\Developments\ARIS\Disease\Validation\Healthy Maize\Corn_Health (694).jpg,Healthy Maize,val,10,10,Healthy Maize,0.44733796
R:\Developments\ARIS\Disease\Validation\Healthy Maize\Corn_Health (695).jpg,Healthy Maize,val,10,10,Healthy Maize,0.76007205
R:\Developments\ARIS\Disease\Validation\Healthy Maize\Corn_Health (696).jpg,Healthy Maize,val,10,10,Healthy Maize,0.5630419
R:\Developments\ARIS\Disease\Validation\Healthy Maize\Corn_Health (697).jpg,Healthy Maize,val,10,19,Sugarcane Healthy,0.27557364
R:\Developments\ARIS\Disease\Validation\Healthy Maize\Corn_Health (698).jpg,Healthy Maize,val,10,10,Healthy Maize,0.4777651
R:\Developments\ARIS\Disease\Validation\Healthy Maize\Corn_Health (699).jpg,Healthy Maize,val,10,10,Healthy Maize,0.17871554
R:\Developments\ARIS\Disease\Validation\Healthy Maize\Corn_Health (70).jpg,Healthy Maize,val,10,31,Wheat___Yellow_Rust,0.14699812
R:\Developments\ARIS\Disease\Validation\Healthy Maize\Corn_Health (700).jpg,Healthy Maize,val,10,10,Healthy Maize,0.4843296
R:\Developments\ARIS\Disease\Validation\Healthy Maize\Corn_Health (701).jpg,Healthy Maize,val,10,10,Healthy Maize,0.16016255
R:\Developments\ARIS\Disease\Validation\Healthy Maize\Corn_Health (702).jpg,Healthy Maize,val,10,10,Healthy Maize,0.36678514
R:\Developments\ARIS\Disease\Validation\Healthy Maize\Corn_Health (703).jpg,Healthy Maize,val,10,10,Healthy Maize,0.15151918
R:\Developments\ARIS\Disease\Validation\Healthy Maize\Corn_Health (704).jpg,Healthy Maize,val,10,10,Healthy Maize,0.8112473
R:\Developments\ARIS\Disease\Validation\Healthy Maize\Corn_Health (705).JPG,Healthy Maize,val,10,10,Healthy Maize,0.53265554
R:\Developments\ARIS\Disease\Validation\Healthy Maize\Corn_Health (706).jpg,Healthy Maize,val,10,10,Healthy Maize,0.4397005
R:\Developments\ARIS\Disease\Validation\Healthy Maize\Corn_Health (707).jpg,Healthy Maize,val,10,10,Healthy Maize,0.62972
R:\Developments\ARIS\Disease\Validation\Healthy Maize\Corn_Health (708).jpg,Healthy Maize,val,10,10,Healthy Maize,0.6731641
R:\Developments\ARIS\Disease\Validation\Healthy Maize\Corn_Health (709).jpg,Healthy Maize,val,10,10,Healthy Maize,0.5626319
R:\Developments\ARIS\Disease\Validation\Healthy Maize\Corn_Health (71).jpg,Healthy Maize,val,10,10,Healthy Maize,0.6327419
R:\Developments\ARIS\Disease\Validation\Healthy Maize\Corn_Health (710).jpg,Healthy Maize,val,10,10,Healthy Maize,0.43029368
R:\Developments\ARIS\Disease\Validation\Healthy Maize\Corn_Health (711).jpg,Healthy Maize,val,10,10,Healthy Maize,0.35028753
R:\Developments\ARIS\Disease\Validation\Healthy Maize\Corn_Health (712).jpg,Healthy Maize,val,10,10,Healthy Maize,0.7228927
R:\Developments\ARIS\Disease\Validation\Healthy Maize\Corn_Health (713).jpg,Healthy Maize,val,10,10,Healthy Maize,0.47437453
R:\Developments\ARIS\Disease\Validation\Healthy Maize\Corn_Health (714).jpg,Healthy Maize,val,10,10,Healthy Maize,0.33521008
R:\Developments\ARIS\Disease\Validation\Healthy Maize\Corn_Health (715).jpg,Healthy Maize,val,10,10,Healthy Maize,0.4577702
R:\Developments\ARIS\Disease\Validation\Healthy Maize\Corn_Health (716).jpg,Healthy Maize,val,10,31,Wheat___Yellow_Rust,0.2179361
R:\Developments\ARIS\Disease\Validation\Healthy Maize\Corn_Health (717).jpg,Healthy Maize,val,10,10,Healthy Maize,0.3189961
R:\Developments\ARIS\Disease\Validation\Healthy Maize\Corn_Health (718).jpg,Healthy Maize,val,10,10,Healthy Maize,0.34561285
R:\Developments\ARIS\Disease\Validation\Healthy Maize\Corn_Health (72).jpg,Healthy Maize,val,10,10,Healthy Maize,0.37547207
R:\Developments\ARIS\Disease\Validation\Healthy Maize\Corn_Health (73).jpg,Healthy Maize,val,10,10,Healthy Maize,0.41710806
R:\Developments\ARIS\Disease\Validation\Healthy Maize\Corn_Health (949).jpg,Healthy Maize,val,10,10,Healthy Maize,0.78072166
R:\Developments\ARIS\Disease\Validation\Healthy Maize\Corn_Health (950).jpg,Healthy Maize,val,10,10,Healthy Maize,0.530858
R:\Developments\ARIS\Disease\Validation\Healthy Maize\Corn_Health (951).jpg,Healthy Maize,val,10,10,Healthy Maize,0.5361578
R:\Developments\ARIS\Disease\Validation\Healthy Maize\Image_1.jpg,Healthy Maize,val,10,11,Healthy Wheat,0.19291127
R:\Developments\ARIS\Disease\Validation\Healthy Maize\Image_10.jpg,Healthy Maize,val,10,30,Wheat___Healthy,0.35881773
R:\Developments\ARIS\Disease\Validation\Healthy Maize\Image_11.jpg,Healthy Maize,val,10,39,maize ear rot,0.5712955
R:\Developments\ARIS\Disease\Validation\Healthy Maize\Image_13.jpg,Healthy Maize,val,10,39,maize ear rot,0.15447749
R:\Developments\ARIS\Disease\Validation\Healthy Maize\Image_14.jpg,Healthy Maize,val,10,11,Healthy Wheat,0.15761413
R:\Developments\ARIS\Disease\Validation\Healthy Maize\Image_15.jpg,Healthy Maize,val,10,30,Wheat___Healthy,0.21529458
R:\Developments\ARIS\Disease\Validation\Healthy Maize\Image_16.JPG,Healthy Maize,val,10,30,Wheat___Healthy,0.18100184
R:\Developments\ARIS\Disease\Validation\Healthy Maize\Image_17.jpg,Healthy Maize,val,10,11,Healthy Wheat,0.10310791
R:\Developments\ARIS\Disease\Validation\Healthy Maize\Image_18.jpg,Healthy Maize,val,10,40,maize fall armyworm,0.14509736
R:\Developments\ARIS\Disease\Validation\Healthy Maize\Image_19.jpg,Healthy Maize,val,10,41,maize stem borer,0.31640214
R:\Developments\ARIS\Disease\Validation\Healthy Maize\Image_2.jpg,Healthy Maize,val,10,19,Sugarcane Healthy,0.19761355
R:\Developments\ARIS\Disease\Validation\Healthy Maize\Image_20.png,Healthy Maize,val,10,10,Healthy Maize,0.23146643
R:\Developments\ARIS\Disease\Validation\Healthy Maize\Image_3.jpg,Healthy Maize,val,10,40,maize fall armyworm,0.14204712
R:\Developments\ARIS\Disease\Validation\Healthy Maize\Image_4.jpg,Healthy Maize,val,10,11,Healthy Wheat,0.2593064
R:\Developments\ARIS\Disease\Validation\Healthy Maize\Image_5.jpg,Healthy Maize,val,10,39,maize ear rot,0.7742002
R:\Developments\ARIS\Disease\Validation\Healthy Maize\Image_6.jpg,Healthy Maize,val,10,30,Wheat___Healthy,0.3186169
R:\Developments\ARIS\Disease\Validation\Healthy Maize\Image_7.jpg,Healthy Maize,val,10,44,thirps on  cotton,0.12401547
R:\Developments\ARIS\Disease\Validation\Healthy Maize\Image_8.jpg,Healthy Maize,val,10,22,Wheat Brown leaf rust,0.1331736
R:\Developments\ARIS\Disease\Validation\Healthy Maize\Image_9.jpg,Healthy Maize,val,10,11,Healthy Wheat,0.17904396
R:\Developments\ARIS\Disease\Validation\Healthy Wheat\Image_1.jpg,Healthy Wheat,val,11,29,Wheat scab,0.6230404
R:\Developments\ARIS\Disease\Validation\Healthy Wheat\Image_10.JPG,Healthy Wheat,val,11,22,Wheat Brown leaf rust,0.3072898
R:\Developments\ARIS\Disease\Validation\Healthy Wheat\Image_11.jpg,Healthy Wheat,val,11,22,Wheat Brown leaf rust,0.2500622
R:\Developments\ARIS\Disease\Validation\Healthy Wheat\Image_13.jpg,Healthy Wheat,val,11,30,Wheat___Healthy,0.15309682
R:\Developments\ARIS\Disease\Validation\Healthy Wheat\Image_14.jpg,Healthy Wheat,val,11,20,Tungro,0.16761255
R:\Developments\ARIS\Disease\Validation\Healthy Wheat\Image_15.jpg,Healthy Wheat,val,11,22,Wheat Brown leaf rust,0.20567457
R:\Developments\ARIS\Disease\Validation\Healthy Wheat\Image_17.jpg,Healthy Wheat,val,11,28,Wheat powdery mildew,0.17180789
R:\Developments\ARIS\Disease\Validation\Healthy Wheat\Image_18.jpg,Healthy Wheat,val,11,40,maize fall armyworm,0.11345676
R:\Developments\ARIS\Disease\Validation\Healthy Wheat\Image_2.jpg,Healthy Wheat,val,11,29,Wheat scab,0.3238343
R:\Developments\ARIS\Disease\Validation\Healthy Wheat\Image_20.jpg,Healthy Wheat,val,11,22,Wheat Brown leaf rust,0.20288712
R:\Developments\ARIS\Disease\Validation\Healthy Wheat\Image_3.jpg,Healthy Wheat,val,11,11,Healthy Wheat,0.20730543
R:\Developments\ARIS\Disease\Validation\Healthy Wheat\Image_4.jpg,Healthy Wheat,val,11,11,Healthy Wheat,0.114759594
R:\Developments\ARIS\Disease\Validation\Healthy Wheat\Image_5.jpg,Healthy Wheat,val,11,11,Healthy Wheat,0.12043706
R:\Developments\ARIS\Disease\Validation\Healthy Wheat\Image_7.jpg,Healthy Wheat,val,11,29,Wheat scab,0.124251015
R:\Developments\ARIS\Disease\Validation\Healthy Wheat\Image_8.jpg,Healthy Wheat,val,11,14,Leaf smut,0.2489785
R:\Developments\ARIS\Disease\Validation\Healthy Wheat\loh(19).JPG,Healthy Wheat,val,11,11,Healthy Wheat,0.4727032
R:\Developments\ARIS\Disease\Validation\Healthy Wheat\loh(23).JPG,Healthy Wheat,val,11,11,Healthy Wheat,0.65614927
R:\Developments\ARIS\Disease\Validation\Healthy Wheat\loh(24).JPG,Healthy Wheat,val,11,11,Healthy Wheat,0.588644
R:\Developments\ARIS\Disease\Validation\Healthy Wheat\loh(27).JPG,Healthy Wheat,val,11,11,Healthy Wheat,0.44403636
R:\Developments\ARIS\Disease\Validation\Healthy Wheat\loh(29).JPG,Healthy Wheat,val,11,11,Healthy Wheat,0.15839483
R:\Developments\ARIS\Disease\Validation\Healthy Wheat\loh(31).JPG,Healthy Wheat,val,11,11,Healthy Wheat,0.5244753
R:\Developments\ARIS\Disease\Validation\Healthy Wheat\loh(34).JPG,Healthy Wheat,val,11,11,Healthy Wheat,0.3733187
R:\Developments\ARIS\Disease\Validation\Healthy Wheat\loh(37).JPG,Healthy Wheat,val,11,11,Healthy Wheat,0.42087054
R:\Developments\ARIS\Disease\Validation\Healthy Wheat\loh(47).JPG,Healthy Wheat,val,11,11,Healthy Wheat,0.626357
R:\Developments\ARIS\Disease\Validation\Healthy Wheat\loh(49).JPG,Healthy Wheat,val,11,11,Healthy Wheat,0.62265354
R:\Developments\ARIS\Disease\Validation\Healthy Wheat\loh(52).JPG,Healthy Wheat,val,11,11,Healthy Wheat,0.5350148
R:\Developments\ARIS\Disease\Validation\Healthy Wheat\loh(65).JPG,Healthy Wheat,val,11,11,Healthy Wheat,0.4275489
R:\Developments\ARIS\Disease\Validation\Healthy Wheat\loh(69).JPG,Healthy Wheat,val,11,11,Healthy Wheat,0.22603981
R:\Developments\ARIS\Disease\Validation\Healthy Wheat\loh(85).JPG,Healthy Wheat,val,11,26,Wheat leaf blight,0.27042404
R:\Developments\ARIS\Disease\Validation\Healthy Wheat\loh(86).JPG,Healthy Wheat,val,11,26,Wheat leaf blight,0.2732003
R:\Developments\ARIS\Disease\Validation\Healthy Wheat\loh(88).JPG,Healthy Wheat,val,11,11,Healthy Wheat,0.15378956
R:\Developments\ARIS\Disease\Validation\Healthy Wheat\RFB2JA.jpg,Healthy Wheat,val,11,22,Wheat Brown leaf rust,0.19148636
R:\Developments\ARIS\Disease\Validation\Healthy Wheat\V1H2XE.jpg,Healthy Wheat,val,11,30,Wheat___Healthy,0.14965273
R:\Developments\ARIS\Disease\Validation\Leaf Curl\cotton-leaf-curl-virus-cotton-1595427323.jpg,Leaf Curl,val,13,13,Leaf Curl,0.3364577
R:\Developments\ARIS\Disease\Validation\Leaf Curl\curl.jpg,Leaf Curl,val,13,13,Leaf Curl,0.29034576
R:\Developments\ARIS\Disease\Validation\Leaf Curl\curl0.jpg,Leaf Curl,val,13,13,Leaf Curl,0.37817696
R:\Developments\ARIS\Disease\Validation\Leaf Curl\curl00.jpg,Leaf Curl,val,13,13,Leaf Curl,0.69320554
R:\Developments\ARIS\Disease\Validation\Leaf Curl\curl01.jpg,Leaf Curl,val,13,13,Leaf Curl,0.753283
R:\Developments\ARIS\Disease\Validation\Leaf Curl\curl1 (2).jpg,Leaf Curl,val,13,13,Leaf Curl,0.79780096
R:\Developments\ARIS\Disease\Validation\Leaf Curl\curl1.jpg,Leaf Curl,val,13,13,Leaf Curl,0.35195926
R:\Developments\ARIS\Disease\Validation\Leaf Curl\curl2.jpg,Leaf Curl,val,13,13,Leaf Curl,0.2745848
R:\Developments\ARIS\Disease\Validation\Leaf Curl\curl321.jpg,Leaf Curl,val,13,1,Anthracnose on Cotton,0.45154294
R:\Developments\ARIS\Disease\Validation\Leaf Curl\curl322.jpg,Leaf Curl,val,13,1,Anthracnose on Cotton,0.30538917
R:\Developments\ARIS\Disease\Validation\Leaf Curl\curl323.jpg,Leaf Curl,val,13,13,Leaf Curl,0.7254345
R:\Developments\ARIS\Disease\Validation\Leaf Curl\curl324.jpg,Leaf Curl,val,13,13,Leaf Curl,0.88198465
R:\Developments\ARIS\Disease\Validation\Leaf Curl\curl325.jpg,Leaf Curl,val,13,13,Leaf Curl,0.74663544
R:\Developments\ARIS\Disease\Validation\Leaf Curl\curl326.jpg,Leaf Curl,val,13,13,Leaf Curl,0.8624766
R:\Developments\ARIS\Disease\Validation\Leaf Curl\curl327.jpg,Leaf Curl,val,13,13,Leaf Curl,0.33078405
R:\Developments\ARIS\Disease\Validation\Leaf Curl\curl328.jpg,Leaf Curl,val,13,1,Anthracnose on Cotton,0.33531237
R:\Developments\ARIS\Disease\Validation\Leaf Curl\curl329.jpg,Leaf Curl,val,13,13,Leaf Curl,0.2062606
R:\Developments\ARIS\Disease\Validation\Leaf Curl\curl330.jpg,Leaf Curl,val,13,1,Anthracnose on Cotton,0.42654118
R:\Developments\ARIS\Disease\Validation\Leaf Curl\curl331.jpg,Leaf Curl,val,13,13,Leaf Curl,0.3139088
R:\Developments\ARIS\Disease\Validation\Leaf Curl\curl332.jpg,Leaf Curl,val,13,1,Anthracnose on Cotton,0.34802285
R:\Developments\ARIS\Disease\Validation\Leaf Curl\curl333.jpg,Leaf Curl,val,13,13,Leaf Curl,0.24272448
R:\Developments\ARIS\Disease\Validation\Leaf Curl\curl334.jpg,Leaf Curl,val,13,13,Leaf Curl,0.37663046
R:\Developments\ARIS\Disease\Validation\Leaf Curl\curl335.jpg,Leaf Curl,val,13,13,Leaf Curl,0.23185694
R:\Developments\ARIS\Disease\Validation\Leaf Curl\curl336.jpg,Leaf Curl,val,13,1,Anthracnose on Cotton,0.19550954
R:\Developments\ARIS\Disease\Validation\Leaf Curl\curl337.jpg,Leaf Curl,val,13,1,Anthracnose on Cotton,0.28917232
R:\Developments\ARIS\Disease\Validation\Leaf Curl\curl338.jpg,Leaf Curl,val,13,1,Anthracnose on Cotton,0.20119049
R:\Developments\ARIS\Disease\Validation\Leaf Curl\curl339.jpg,Leaf Curl,val,13,13,Leaf Curl,0.53952736
R:\Developments\ARIS\Disease\Validation\Leaf Curl\curl340.jpg,Leaf Curl,val,13,13,Leaf Curl,0.5096826
R:\Developments\ARIS\Disease\Validation\Leaf Curl\curl341.jpg,Leaf Curl,val,13,13,Leaf Curl,0.43971768
R:\Developments\ARIS\Disease\Validation\Leaf Curl\curl342.jpg,Leaf Curl,val,13,13,Leaf Curl,0.40259007
R:\Developments\ARIS\Disease\Validation\Leaf Curl\curl343.jpg,Leaf Curl,val,13,13,Leaf Curl,0.55389994
R:\Developments\ARIS\Disease\Validation\Leaf Curl\curl344.jpg,Leaf Curl,val,13,13,Leaf Curl,0.493091
R:\Developments\ARIS\Disease\Validation\Leaf Curl\curl345.jpg,Leaf Curl,val,13,13,Leaf Curl,0.45658517
R:\Developments\ARIS\Disease\Validation\Leaf Curl\curl346.jpg,Leaf Curl,val,13,13,Leaf Curl,0.62496775
R:\Developments\ARIS\Disease\Validation\Leaf Curl\curl347.jpg,Leaf Curl,val,13,13,Leaf Curl,0.5221171
R:\Developments\ARIS\Disease\Validation\Leaf Curl\curl348.jpg,Leaf Curl,val,13,13,Leaf Curl,0.5209276
R:\Developments\ARIS\Disease\Validation\Leaf Curl\curl349.jpg,Leaf Curl,val,13,13,Leaf Curl,0.44611058
R:\Developments\ARIS\Disease\Validation\Leaf Curl\curl350.jpg,Leaf Curl,val,13,13,Leaf Curl,0.5706191
R:\Developments\ARIS\Disease\Validation\Leaf Curl\curl351.jpg,Leaf Curl,val,13,13,Leaf Curl,0.62034917
R:\Developments\ARIS\Disease\Validation\Leaf Curl\curl352.jpg,Leaf Curl,val,13,13,Leaf Curl,0.76582795
R:\Developments\ARIS\Disease\Validation\Leaf Curl\curl353.jpg,Leaf Curl,val,13,13,Leaf Curl,0.6108747
R:\Developments\ARIS\Disease\Validation\Leaf Curl\curl354.jpg,Leaf Curl,val,13,13,Leaf Curl,0.6497391
R:\Developments\ARIS\Disease\Validation\Leaf Curl\curl355.jpg,Leaf Curl,val,13,13,Leaf Curl,0.3167057
R:\Developments\ARIS\Disease\Validation\Leaf Curl\curl356.jpg,Leaf Curl,val,13,13,Leaf Curl,0.31986743
R:\Developments\ARIS\Disease\Validation\Leaf Curl\curl357.jpg,Leaf Curl,val,13,13,Leaf Curl,0.31216228
R:\Developments\ARIS\Disease\Validation\Leaf Curl\curl358.jpg,Leaf Curl,val,13,13,Leaf Curl,0.3535953
R:\Developments\ARIS\Disease\Validation\Leaf Curl\curl402.jpg,Leaf Curl,val,13,13,Leaf Curl,0.49559936
R:\Developments\ARIS\Disease\Validation\Leaf Curl\curl403.jpg,Leaf Curl,val,13,13,Leaf Curl,0.33900777
R:\Developments\ARIS\Disease\Validation\Leaf Curl\curl404.jpg,Leaf Curl,val,13,13,Leaf Curl,0.40746728
R:\Developments\ARIS\Disease\Validation\Leaf Curl\curl405.jpg,Leaf Curl,val,13,13,Leaf Curl,0.3660328
R:\Developments\ARIS\Disease\Validation\Leaf Curl\curl406.jpg,Leaf Curl,val,13,13,Leaf Curl,0.5417607
R:\Developments\ARIS\Disease\Validation\Leaf Curl\curl407.jpg,Leaf Curl,val,13,13,Leaf Curl,0.35966006
R:\Developments\ARIS\Disease\Validation\Leaf Curl\curl408.jpg,Leaf Curl,val,13,13,Leaf Curl,0.42055234
R:\Developments\ARIS\Disease\Validation\Leaf Curl\curl409.jpg,Leaf Curl,val,13,13,Leaf Curl,0.38116097
R:\Developments\ARIS\Disease\Validation\Leaf Curl\curl410.jpg,Leaf Curl,val,13,13,Leaf Curl,0.4212663
R:\Developments\ARIS\Disease\Validation\Leaf Curl\curl411.jpg,Leaf Curl,val,13,13,Leaf Curl,0.58814615
R:\Developments\ARIS\Disease\Validation\Leaf Curl\curl412.jpg,Leaf Curl,val,13,13,Leaf Curl,0.47127843
R:\Developments\ARIS\Disease\Validation\Leaf Curl\curl413.png,Leaf Curl,val,13,1,Anthracnose on Cotton,0.2392642
R:\Developments\ARIS\Disease\Validation\Leaf Curl\curl414.png,Leaf Curl,val,13,1,Anthracnose on Cotton,0.20635338
R:\Developments\ARIS\Disease\Validation\Leaf Curl\curl415.png,Leaf Curl,val,13,1,Anthracnose on Cotton,0.22352059
R:\Developments\ARIS\Disease\Validation\Leaf Curl\curl416.png,Leaf Curl,val,13,44,thirps on  cotton,0.19535255
R:\Developments\ARIS\Disease\Validation\Leaf Curl\curl417.png,Leaf Curl,val,13,38,cotton whitefly,0.2102956
R:\Developments\ARIS\Disease\Validation\Leaf Curl\curl418.png,Leaf Curl,val,13,13,Leaf Curl,0.33335558
R:\Developments\ARIS\Disease\Validation\Leaf Curl\curl419.png,Leaf Curl,val,13,13,Leaf Curl,0.2825702
R:\Developments\ARIS\Disease\Validation\Leaf Curl\curl420.png,Leaf Curl,val,13,13,Leaf Curl,0.2803438
R:\Developments\ARIS\Disease\Validation\Leaf Curl\curl421.jpg,Leaf Curl,val,13,13,Leaf Curl,0.5968355
R:\Developments\ARIS\Disease\Validation\Leaf Curl\curl422.jpg,Leaf Curl,val,13,13,Leaf Curl,0.4037008
R:\Developments\ARIS\Disease\Validation\Leaf Curl\curl423.jpg,Leaf Curl,val,13,13,Leaf Curl,0.55038667
R:\Developments\ARIS\Disease\Validation\Leaf Curl\curl424.jpg,Leaf Curl,val,13,13,Leaf Curl,0.41251126
R:\Developments\ARIS\Disease\Validation\Leaf Curl\curl425.jpg,Leaf Curl,val,13,13,Leaf Curl,0.6038521
R:\Developments\ARIS\Disease\Validation\Leaf Curl\curl426.jpg,Leaf Curl,val,13,13,Leaf Curl,0.6008283
R:\Developments\ARIS\Disease\Validation\Leaf Curl\curl427.jpg,Leaf Curl,val,13,13,Leaf Curl,0.42163065
R:\Developments\ARIS\Disease\Validation\Leaf Curl\curl428.jpg,Leaf Curl,val,13,13,Leaf Curl,0.56246406
R:\Developments\ARIS\Disease\Validation\Leaf Curl\curl6.jpg,Leaf Curl,val,13,13,Leaf Curl,0.646959
R:\Developments\ARIS\Disease\Validation\Leaf Curl\curl8.jpg,Leaf Curl,val,13,13,Leaf Curl,0.559593
R:\Developments\ARIS\Disease\Validation\Leaf Curl\curl9.jpg,Leaf Curl,val,13,13,Leaf Curl,0.34363317
R:\Developments\ARIS\Disease\Validation\Leaf Curl\curlvirus1.jpg,Leaf Curl,val,13,13,Leaf Curl,0.20550752
R:\Developments\ARIS\Disease\Validation\Leaf Curl\curl_1.jpg,Leaf Curl,val,13,13,Leaf Curl,0.40145096
R:\Developments\ARIS\Disease\Validation\Leaf Curl\cv.png,Leaf Curl,val,13,1,Anthracnose on Cotton,0.23472829
R:\Developments\ARIS\Disease\Validation\Leaf Curl\images (2).jpg,Leaf Curl,val,13,13,Leaf Curl,0.6076191
R:\Developments\ARIS\Disease\Validation\Leaf Curl\images.jpg,Leaf Curl,val,13,13,Leaf Curl,0.79500467
R:\Developments\ARIS\Disease\Validation\Leaf smut\Image_1.jpg,Leaf smut,val,14,22,Wheat Brown leaf rust,0.19557483
R:\Developments\ARIS\Disease\Validation\Leaf smut\Image_12.jpg,Leaf smut,val,14,22,Wheat Brown leaf rust,0.14246619
R:\Developments\ARIS\Disease\Validation\Leaf smut\Image_13.png,Leaf smut,val,14,1,Anthracnose on Cotton,0.28597054
R:\Developments\ARIS\Disease\Validation\Leaf smut\Image_14.jpg,Leaf smut,val,14,22,Wheat Brown leaf rust,0.100925416
R:\Developments\ARIS\Disease\Validation\Leaf smut\Image_15.jpg,Leaf smut,val,14,22,Wheat Brown leaf rust,0.18983386
R:\Developments\ARIS\Disease\Validation\Leaf smut\Image_16.png,Leaf smut,val,14,8,Flag Smut,0.30300105
R:\Developments\ARIS\Disease\Validation\Leaf smut\Image_18.jpg,Leaf smut,val,14,1,Anthracnose on Cotton,0.2529839
R:\Developments\ARIS\Disease\Validation\Leaf smut\Image_2.jpg,Leaf smut,val,14,22,Wheat Brown leaf rust,0.7885997
R:\Developments\ARIS\Disease\Validation\Leaf smut\Image_20.jpg,Leaf smut,val,14,8,Flag Smut,0.75425607
R:\Developments\ARIS\Disease\Validation\Leaf smut\Image_3.jpg,Leaf smut,val,14,22,Wheat Brown leaf rust,0.13445245
R:\Developments\ARIS\Disease\Validation\Leaf smut\Image_4.jpg,Leaf smut,val,14,22,Wheat Brown leaf rust,0.23815954
R:\Developments\ARIS\Disease\Validation\Leaf smut\Image_5.jpg,Leaf smut,val,14,22,Wheat Brown leaf rust,0.69968957
R:\Developments\ARIS\Disease\Validation\Leaf smut\Image_6.jpg,Leaf smut,val,14,22,Wheat Brown leaf rust,0.2921511
R:\Developments\ARIS\Disease\Validation\Leaf smut\Image_7.JPG,Leaf smut,val,14,36,bollworm on Cotton,0.15050471
R:\Developments\ARIS\Disease\Validation\Leaf smut\Image_8.jpg,Leaf smut,val,14,36,bollworm on Cotton,0.16906266
R:\Developments\ARIS\Disease\Validation\Leaf smut\Image_9.jpg,Leaf smut,val,14,22,Wheat Brown leaf rust,0.6073024
R:\Developments\ARIS\Disease\Validation\maize ear rot\Image_1.jpg,maize ear rot,val,39,39,maize ear rot,0.93207765
R:\Developments\ARIS\Disease\Validation\maize ear rot\Image_10.jpg,maize ear rot,val,39,39,maize ear rot,0.9185603
R:\Developments\ARIS\Disease\Validation\maize ear rot\Image_11.jpg,maize ear rot,val,39,39,maize ear rot,0.9172747
R:\Developments\ARIS\Disease\Validation\maize ear rot\Image_12.jpg,maize ear rot,val,39,39,maize ear rot,0.92602754
R:\Developments\ARIS\Disease\Validation\maize ear rot\Image_13.jpg,maize ear rot,val,39,39,maize ear rot,0.27240142
R:\Developments\ARIS\Disease\Validation\maize ear rot\Image_14.jpg,maize ear rot,val,39,39,maize ear rot,0.3948582
R:\Developments\ARIS\Disease\Validation\maize ear rot\Image_16.jpg,maize ear rot,val,39,39,maize ear rot,0.942517
R:\Developments\ARIS\Disease\Validation\maize ear rot\Image_17.jpg,maize ear rot,val,39,39,maize ear rot,0.5660901
R:\Developments\ARIS\Disease\Validation\maize ear rot\Image_18.jpg,maize ear rot,val,39,39,maize ear rot,0.96976256
R:\Developments\ARIS\Disease\Validation\maize ear rot\Image_19.jpg,maize ear rot,val,39,39,maize ear rot,0.82248944
R:\Developments\ARIS\Disease\Validation\maize ear rot\Image_2.jpg,maize ear rot,val,39,39,maize ear rot,0.7923724
R:\Developments\ARIS\Disease\Validation\maize ear rot\Image_20.jpg,maize ear rot,val,39,39,maize ear rot,0.9508576
R:\Developments\ARIS\Disease\Validation\maize ear rot\Image_3.jpg,maize ear rot,val,39,39,maize ear rot,0.71483165
R:\Developments\ARIS\Disease\Validation\maize ear rot\Image_4.jpg,maize ear rot,val,39,39,maize ear rot,0.5293094
R:\Developments\ARIS\Disease\Validation\maize ear rot\Image_5.jpg,maize ear rot,val,39,39,maize ear rot,0.4032211
R:\Developments\ARIS\Disease\Validation\maize ear rot\Image_7.jpg,maize ear rot,val,39,39,maize ear rot,0.95850635
R:\Developments\ARIS\Disease\Validation\maize ear rot\Image_8.jpg,maize ear rot,val,39,39,maize ear rot,0.8981249
R:\Developments\ARIS\Disease\Validation\maize ear rot\Image_9.jpg,maize ear rot,val,39,39,maize ear rot,0.8857033
R:\Developments\ARIS\Disease\Validation\maize fall armyworm\00000000.jpg,maize fall armyworm,val,40,40,maize fall armyworm,0.82800436
R:\Developments\ARIS\Disease\Validation\maize fall armyworm\00000001.jpg,maize fall armyworm,val,40,40,maize fall armyworm,0.48463336
R:\Developments\ARIS\Disease\Validation\maize fall armyworm\00000002.jpg,maize fall armyworm,val,40,41,maize stem borer,0.4591528
R:\Developments\ARIS\Disease\Validation\maize fall armyworm\00000003.JPG,maize fall armyworm,val,40,40,maize fall armyworm,0.4539906
R:\Developments\ARIS\Disease\Validation\maize fall armyworm\00000004.jpg,maize fall armyworm,val,40,40,maize fall armyworm,0.14943895
R:\Developments\ARIS\Disease\Validation\maize fall armyworm\00000005.jpg,maize fall armyworm,val,40,41,maize stem borer,0.31197253
R:\Developments\ARIS\Disease\Validation\maize fall armyworm\00000006.jpg,maize fall armyworm,val,40,40,maize fall armyworm,0.4885384
R:\Developments\ARIS\Disease\Validation\maize fall armyworm\00000008.jpg,maize fall armyworm,val,40,40,maize fall armyworm,0.17439409
R:\Developments\ARIS\Disease\Validation\maize fall armyworm\00000009.jpg,maize fall armyworm,val,40,40,maize fall armyworm,0.71688455
R:\Developments\ARIS\Disease\Validation\maize fall armyworm\00000010.jpg,maize fall armyworm,val,40,40,maize fall armyworm,0.4321649
R:\Developments\ARIS\Disease\Validation\maize fall armyworm\00000011.jpg,maize fall armyworm,val,40,40,maize fall armyworm,0.677816
R:\Developments\ARIS\Disease\Validation\maize fall armyworm\00000012.jpg,maize fall armyworm,val,40,40,maize fall armyworm,0.20179105
R:\Developments\ARIS\Disease\Validation\maize fall armyworm\00000013.jpg,maize fall armyworm,val,40,40,maize fall armyworm,0.2707848
R:\Developments\ARIS\Disease\Validation\maize fall armyworm\00000014.jpg,maize fall armyworm,val,40,40,maize fall armyworm,0.48109552
R:\Developments\ARIS\Disease\Validation\maize fall armyworm\00000015.jpg,maize fall armyworm,val,40,40,maize fall armyworm,0.46106705
R:\Developments\ARIS\Disease\Validation\maize fall armyworm\00000016.jpg,maize fall armyworm,val,40,14,Leaf smut,0.16052017
R:\Developments\ARIS\Disease\Validation\maize fall armyworm\00000017.jpg,maize fall armyworm,val,40,41,maize stem borer,0.38504884
R:\Developments\ARIS\Disease\Validation\maize fall armyworm\00000018.jpg,maize fall armyworm,val,40,40,maize fall armyworm,0.33791518
R:\Developments\ARIS\Disease\Validation\maize fall armyworm\00000019.jpg,maize fall armyworm,val,40,40,maize fall armyworm,0.68913025
R:\Developments\ARIS\Disease\Validation\maize fall armyworm\00000020.jpg,maize fall armyworm,val,40,40,maize fall armyworm,0.4066576
R:\Developments\ARIS\Disease\Validation\maize fall armyworm\00000021.jpg,maize fall armyworm,val,40,40,maize fall armyworm,0.2846001
R:\Developments\ARIS\Disease\Validation\maize fall armyworm\00000022.jpeg,maize fall armyworm,val,40,2,Army worm,0.41944066
R:\Developments\ARIS\Disease\Validation\maize fall armyworm\00000023.jpg,maize fall armyworm,val,40,39,maize ear rot,0.35657084
R:\Developments\ARIS\Disease\Validation\maize fall armyworm\00000024.jpg,maize fall armyworm,val,40,40,maize fall armyworm,0.39231977
R:\Developments\ARIS\Disease\Validation\maize fall armyworm\00000025.jpg,maize fall armyworm,val,40,11,Healthy Wheat,0.076181985
R:\Developments\ARIS\Disease\Validation\maize fall armyworm\00000026.jpg,maize fall armyworm,val,40,40,maize fall armyworm,0.21702687
R:\Developments\ARIS\Disease\Validation\maize fall armyworm\00000028.jpg,maize fall armyworm,val,40,39,maize ear rot,0.4383421
R:\Developments\ARIS\Disease\Validation\maize fall armyworm\00000029.jpg,maize fall armyworm,val,40,39,maize ear rot,0.5681311
R:\Developments\ARIS\Disease\Validation\maize fall armyworm\00000030.jpg,maize fall armyworm,val,40,40,maize fall armyworm,0.21545537
R:\Developments\ARIS\Disease\Validation\maize fall armyworm\00000031.jpg,maize fall armyworm,val,40,40,maize fall armyworm,0.4282786
R:\Developments\ARIS\Disease\Validation\maize fall armyworm\00000032.jpg,maize fall armyworm,val,40,41,maize stem borer,0.22793753
R:\Developments\ARIS\Disease\Validation\maize fall armyworm\00000036.jpg,maize fall armyworm,val,40,24,Wheat aphid,0.15303229
R:\Developments\ARIS\Disease\Validation\maize fall armyworm\00000037.jpg,maize fall armyworm,val,40,40,maize fall armyworm,0.5038379
R:\Developments\ARIS\Disease\Validation\maize fall armyworm\00000038.jpg,maize fall armyworm,val,40,41,maize stem borer,0.19751222
R:\Developments\ARIS\Disease\Validation\maize fall armyworm\00000039.jpg,maize fall armyworm,val,40,40,maize fall armyworm,0.25477716
R:\Developments\ARIS\Disease\Validation\maize fall armyworm\00000041.jpg,maize fall armyworm,val,40,40,maize fall armyworm,0.4491001
R:\Developments\ARIS\Disease\Validation\maize fall armyworm\00000042.jpg,maize fall armyworm,val,40,40,maize fall armyworm,0.69629097
R:\Developments\ARIS\Disease\Validation\maize fall armyworm\00000043.jpg,maize fall armyworm,val,40,36,bollworm on Cotton,0.2035871
R:\Developments\ARIS\Disease\Validation\maize fall armyworm\00000044.jpg,maize fall armyworm,val,40,40,maize fall armyworm,0.16449629
R:\Developments\ARIS\Disease\Validation\maize fall armyworm\00000045.jpg,maize fall armyworm,val,40,36,bollworm on Cotton,0.30110458
R:\Developments\ARIS\Disease\Validation\maize fall armyworm\00000047.jpg,maize fall armyworm,val,40,24,Wheat aphid,0.20680894
R:\Developments\ARIS\Disease\Validation\maize fall armyworm\00000048.jpg,maize fall armyworm,val,40,44,thirps on  cotton,0.09621453
R:\Developments\ARIS\Disease\Validation\maize fall armyworm\00000049.JPG,maize fall armyworm,val,40,40,maize fall armyworm,0.5681409
R:\Developments\ARIS\Disease\Validation\maize fall armyworm\00000050.jpg,maize fall armyworm,val,40,40,maize fall armyworm,0.2963327
R:\Developments\ARIS\Disease\Validation\maize fall armyworm\00000051.jpg,maize fall armyworm,val,40,39,maize ear rot,0.41043887
R:\Developments\ARIS\Disease\Validation\maize fall armyworm\00000052.jpg,maize fall armyworm,val,40,40,maize fall armyworm,0.15068361
R:\Developments\ARIS\Disease\Validation\maize fall armyworm\00000053.jpeg,maize fall armyworm,val,40,41,maize stem borer,0.21412866
R:\Developments\ARIS\Disease\Validation\maize fall armyworm\00000054.jpg,maize fall armyworm,val,40,30,Wheat___Healthy,0.2301256
R:\Developments\ARIS\Disease\Validation\maize fall armyworm\00000055.jpg,maize fall armyworm,val,40,40,maize fall armyworm,0.32507747
R:\Developments\ARIS\Disease\Validation\maize fall armyworm\00000056.jpg,maize fall armyworm,val,40,40,maize fall armyworm,0.6749544
R:\Developments\ARIS\Disease\Validation\maize fall armyworm\00000057.jpg,maize fall armyworm,val,40,40,maize fall armyworm,0.24630821
R:\Developments\ARIS\Disease\Validation\maize fall armyworm\00000058.jpg,maize fall armyworm,val,40,40,maize fall armyworm,0.13729246
R:\Developments\ARIS\Disease\Validation\maize fall armyworm\00000059.jpg,maize fall armyworm,val,40,40,maize fall armyworm,0.3278997
R:\Developments\ARIS\Disease\Validation\maize fall armyworm\00000060.jpg,maize fall armyworm,val,40,40,maize fall armyworm,0.14814298
R:\Developments\ARIS\Disease\Validation\maize fall armyworm\00000061.jpg,maize fall armyworm,val,40,41,maize stem borer,0.29256096
R:\Developments\ARIS\Disease\Validation\maize fall armyworm\00000062.jpg,maize fall armyworm,val,40,28,Wheat powdery mildew,0.15290909
R:\Developments\ARIS\Disease\Validation\maize fall armyworm\00000063.jpg,maize fall armyworm,val,40,41,maize stem borer,0.45087013
R:\Developments\ARIS\Disease\Validation\maize fall armyworm\00000064.png,maize fall armyworm,val,40,28,Wheat powdery mildew,0.14823212
R:\Developments\ARIS\Disease\Validation\maize fall armyworm\00000065.jpg,maize fall armyworm,val,40,22,Wheat Brown leaf rust,0.24068876
R:\Developments\ARIS\Disease\Validation\maize fall armyworm\00000066.png,maize fall armyworm,val,40,40,maize fall armyworm,0.28307945
R:\Developments\ARIS\Disease\Validation\maize fall armyworm\00000067.jpg,maize fall armyworm,val,40,30,Wheat___Healthy,0.123538405
R:\Developments\ARIS\Disease\Validation\maize fall armyworm\00000068.png,maize fall armyworm,val,40,17,RedRust sugarcane,0.16941543
R:\Developments\ARIS\Disease\Validation\maize fall armyworm\00000069.jpg,maize fall armyworm,val,40,36,bollworm on Cotton,0.37327635
R:\Developments\ARIS\Disease\Validation\maize fall armyworm\00000070.png,maize fall armyworm,val,40,40,maize fall armyworm,0.1415662
R:\Developments\ARIS\Disease\Validation\maize fall armyworm\00000071.jpg,maize fall armyworm,val,40,40,maize fall armyworm,0.36082697
R:\Developments\ARIS\Disease\Validation\maize fall armyworm\00000072.jpg,maize fall armyworm,val,40,39,maize ear rot,0.33211648
R:\Developments\ARIS\Disease\Validation\maize fall armyworm\00000073.jpg,maize fall armyworm,val,40,40,maize fall armyworm,0.22328615
R:\Developments\ARIS\Disease\Validation\maize fall armyworm\00000074.jpg,maize fall armyworm,val,40,1,Anthracnose on Cotton,0.20282674
R:\Developments\ARIS\Disease\Validation\maize fall armyworm\00000075.jpg,maize fall armyworm,val,40,40,maize fall armyworm,0.5707866
R:\Developments\ARIS\Disease\Validation\maize fall armyworm\00000077.jpg,maize fall armyworm,val,40,30,Wheat___Healthy,0.15253688
R:\Developments\ARIS\Disease\Validation\maize fall armyworm\00000112.jpg,maize fall armyworm,val,40,40,maize fall armyworm,0.31877264
R:\Developments\ARIS\Disease\Validation\maize fall armyworm\00000113.jpg,maize fall armyworm,val,40,40,maize fall armyworm,0.39525995
R:\Developments\ARIS\Disease\Validation\maize fall armyworm\00000114.jpg,maize fall armyworm,val,40,27,Wheat mite,0.1470312
R:\Developments\ARIS\Disease\Validation\maize fall armyworm\00000115.jpg,maize fall armyworm,val,40,36,bollworm on Cotton,0.32199445
R:\Developments\ARIS\Disease\Validation\maize fall armyworm\00000116.jpg,maize fall armyworm,val,40,40,maize fall armyworm,0.70413357
R:\Developments\ARIS\Disease\Validation\maize stem borer\00000000.jpg,maize stem borer,val,41,41,maize stem borer,0.63069266
R:\Developments\ARIS\Disease\Validation\maize stem borer\00000001.jpg,maize stem borer,val,41,41,maize stem borer,0.24345867
R:\Developments\ARIS\Disease\Validation\maize stem borer\00000002.jpg,maize stem borer,val,41,41,maize stem borer,0.3812913
R:\Developments\ARIS\Disease\Validation\maize stem borer\00000003.jpg,maize stem borer,val,41,41,maize stem borer,0.28808603
R:\Developments\ARIS\Disease\Validation\maize stem borer\00000004.jpg,maize stem borer,val,41,41,maize stem borer,0.41622004
R:\Developments\ARIS\Disease\Validation\maize stem borer\00000005.jpg,maize stem borer,val,41,41,maize stem borer,0.7801111
R:\Developments\ARIS\Disease\Validation\maize stem borer\00000006.jpg,maize stem borer,val,41,22,Wheat Brown leaf rust,0.2024952
R:\Developments\ARIS\Disease\Validation\maize stem borer\00000007.jpg,maize stem borer,val,41,41,maize stem borer,0.56835526
R:\Developments\ARIS\Disease\Validation\maize stem borer\00000008.jpg,maize stem borer,val,41,41,maize stem borer,0.44523218
R:\Developments\ARIS\Disease\Validation\maize stem borer\00000009.jpg,maize stem borer,val,41,30,Wheat___Healthy,0.17356957
R:\Developments\ARIS\Disease\Validation\maize stem borer\00000010.jpg,maize stem borer,val,41,41,maize stem borer,0.20522122
R:\Developments\ARIS\Disease\Validation\maize stem borer\00000011.jpg,maize stem borer,val,41,41,maize stem borer,0.15113683
R:\Developments\ARIS\Disease\Validation\maize stem borer\00000026.jpg,maize stem borer,val,41,40,maize fall armyworm,0.24517153
R:\Developments\ARIS\Disease\Validation\maize stem borer\00000028.jpg,maize stem borer,val,41,41,maize stem borer,0.21770616
R:\Developments\ARIS\Disease\Validation\maize stem borer\00000029.jpg,maize stem borer,val,41,40,maize fall armyworm,0.1640982
R:\Developments\ARIS\Disease\Validation\maize stem borer\00000030.jpg,maize stem borer,val,41,28,Wheat powdery mildew,0.27795032
R:\Developments\ARIS\Disease\Validation\maize stem borer\00000031.png,maize stem borer,val,41,41,maize stem borer,0.47881237
R:\Developments\ARIS\Disease\Validation\maize stem borer\00000036.jpg,maize stem borer,val,41,40,maize fall armyworm,0.4668434
R:\Developments\ARIS\Disease\Validation\maize stem borer\00000037.jpg,maize stem borer,val,41,40,maize fall armyworm,0.17886145
R:\Developments\ARIS\Disease\Validation\maize stem borer\00000038.jpg,maize stem borer,val,41,41,maize stem borer,0.18147464
R:\Developments\ARIS\Disease\Validation\maize stem borer\00000039.jpg,maize stem borer,val,41,41,maize stem borer,0.54626244
R:\Developments\ARIS\Disease\Validation\maize stem borer\00000040.jpg,maize stem borer,val,41,41,maize stem borer,0.29948056
R:\Developments\ARIS\Disease\Validation\maize stem borer\00000041.jpg,maize stem borer,val,41,14,Leaf smut,0.12738186
R:\Developments\ARIS\Disease\Validation\maize stem borer\00000044.jpg,maize stem borer,val,41,41,maize stem borer,0.41429377
R:\Developments\ARIS\Disease\Validation\maize stem borer\00000045.jpg,maize stem borer,val,41,39,maize ear rot,0.2546427
R:\Developments\ARIS\Disease\Validation\maize stem borer\00000046.jpg,maize stem borer,val,41,30,Wheat___Healthy,0.16952841
R:\Developments\ARIS\Disease\Validation\maize stem borer\00000049.jpg,maize stem borer,val,41,41,maize stem borer,0.20984752
R:\Developments\ARIS\Disease\Validation\maize stem borer\00000052.JPG,maize stem borer,val,41,41,maize stem borer,0.21911858
R:\Developments\ARIS\Disease\Validation\maize stem borer\00000055.JPG,maize stem borer,val,41,41,maize stem borer,0.2887228
R:\Developments\ARIS\Disease\Validation\maize stem borer\00000056.jpg,maize stem borer,val,41,37,cotton mealy bug,0.2490561
R:\Developments\ARIS\Disease\Validation\maize stem borer\00000057.jpg,maize stem borer,val,41,41,maize stem borer,0.5873526
R:\Developments\ARIS\Disease\Validation\maize stem borer\00000058.jpg,maize stem borer,val,41,30,Wheat___Healthy,0.39019594
R:\Developments\ARIS\Disease\Validation\maize stem borer\00000059.jpg,maize stem borer,val,41,40,maize fall armyworm,0.16742055
R:\Developments\ARIS\Disease\Validation\maize stem borer\00000060.jpg,maize stem borer,val,41,41,maize stem borer,0.17965603
R:\Developments\ARIS\Disease\Validation\maize stem borer\00000061.jpg,maize stem borer,val,41,41,maize stem borer,0.205301
R:\Developments\ARIS\Disease\Validation\maize stem borer\00000062.jpeg,maize stem borer,val,41,24,Wheat aphid,0.16816908
R:\Developments\ARIS\Disease\Validation\maize stem borer\00000063.jpg,maize stem borer,val,41,36,bollworm on Cotton,0.2798854
R:\Developments\ARIS\Disease\Validation\maize stem borer\00000064.jpg,maize stem borer,val,41,22,Wheat Brown leaf rust,0.2751217
R:\Developments\ARIS\Disease\Validation\maize stem borer\00000065.jpg,maize stem borer,val,41,41,maize stem borer,0.66277194
R:\Developments\ARIS\Disease\Validation\maize stem borer\00000066.jpg,maize stem borer,val,41,42,pink bollworm in cotton,0.3502387
R:\Developments\ARIS\Disease\Validation\maize stem borer\00000069.jpg,maize stem borer,val,41,41,maize stem borer,0.57642496
R:\Developments\ARIS\Disease\Validation\maize stem borer\00000070.jpg,maize stem borer,val,41,41,maize stem borer,0.3119376
R:\Developments\ARIS\Disease\Validation\maize stem borer\00000071.jpg,maize stem borer,val,41,41,maize stem borer,0.6904935
R:\Developments\ARIS\Disease\Validation\maize stem borer\00000072.png,maize stem borer,val,41,41,maize stem borer,0.48440775
R:\Developments\ARIS\Disease\Validation\maize stem borer\00000073.jpg,maize stem borer,val,41,41,maize stem borer,0.3442553
R:\Developments\ARIS\Disease\Validation\maize stem borer\00000074.jpg,maize stem borer,val,41,41,maize stem borer,0.35013196
R:\Developments\ARIS\Disease\Validation\maize stem borer\00000075.png,maize stem borer,val,41,41,maize stem borer,0.3691381
R:\Developments\ARIS\Disease\Validation\maize stem borer\00000107.jpg,maize stem borer,val,41,23,Wheat Stem fly,0.19359894
R:\Developments\ARIS\Disease\Validation\maize stem borer\00000109.jpg,maize stem borer,val,41,36,bollworm on Cotton,0.14275993
R:\Developments\ARIS\Disease\Validation\maize stem borer\00000110.jpg,maize stem borer,val,41,30,Wheat___Healthy,0.14027695
R:\Developments\ARIS\Disease\Validation\maize stem borer\00000114.jpg,maize stem borer,val,41,41,maize stem borer,0.32678837
R:\Developments\ARIS\Disease\Validation\maize stem borer\00000115.jpg,maize stem borer,val,41,41,maize stem borer,0.6551364
R:\Developments\ARIS\Disease\Validation\maize stem borer\00000116.png,maize stem borer,val,41,39,maize ear rot,0.20394343
R:\Developments\ARIS\Disease\Validation\maize stem borer\00000117.jpg,maize stem borer,val,41,41,maize stem borer,0.4618782
R:\Developments\ARIS\Disease\Validation\maize stem borer\00000118.jpg,maize stem borer,val,41,22,Wheat Brown leaf rust,0.13447088
R:\Developments\ARIS\Disease\Validation\maize stem borer\00000119.jpg,maize stem borer,val,41,44,thirps on  cotton,0.13956188
R:\Developments\ARIS\Disease\Validation\maize stem borer\00000120.jpg,maize stem borer,val,41,22,Wheat Brown leaf rust,0.102083124
R:\Developments\ARIS\Disease\Validation\Mosaic sugarcane\Image_1.jpg,Mosaic sugarcane,val,15,22,Wheat Brown leaf rust,0.16263515
R:\Developments\ARIS\Disease\Validation\Mosaic sugarcane\Image_10.jpg,Mosaic sugarcane,val,15,30,Wheat___Healthy,0.29228202
R:\Developments\ARIS\Disease\Validation\Mosaic sugarcane\Image_11.jpg,Mosaic sugarcane,val,15,30,Wheat___Healthy,0.17079848
R:\Developments\ARIS\Disease\Validation\Mosaic sugarcane\Image_13.jpg,Mosaic sugarcane,val,15,19,Sugarcane Healthy,0.15386385
R:\Developments\ARIS\Disease\Validation\Mosaic sugarcane\Image_15.jpg,Mosaic sugarcane,val,15,11,Healthy Wheat,0.19434406
R:\Developments\ARIS\Disease\Validation\Mosaic sugarcane\Image_18.jpg,Mosaic sugarcane,val,15,14,Leaf smut,0.23769142
R:\Developments\ARIS\Disease\Validation\Mosaic sugarcane\Image_19.jpg,Mosaic sugarcane,val,15,11,Healthy Wheat,0.3004424
R:\Developments\ARIS\Disease\Validation\Mosaic sugarcane\Image_2.jpg,Mosaic sugarcane,val,15,22,Wheat Brown leaf rust,0.22014923
R:\Developments\ARIS\Disease\Validation\Mosaic sugarcane\Image_20.jpg,Mosaic sugarcane,val,15,22,Wheat Brown leaf rust,0.07989689
R:\Developments\ARIS\Disease\Validation\Mosaic sugarcane\Image_3.jpg,Mosaic sugarcane,val,15,22,Wheat Brown leaf rust,0.32782802
R:\Developments\ARIS\Disease\Validation\Mosaic sugarcane\Image_7.jpg,Mosaic sugarcane,val,15,26,Wheat leaf blight,0.18110637
R:\Developments\ARIS\Disease\Validation\Mosaic sugarcane\Image_8.jpg,Mosaic sugarcane,val,15,11,Healthy Wheat,0.20926404
R:\Developments\ARIS\Disease\Validation\Mosaic sugarcane\Image_9.jpg,Mosaic sugarcane,val,15,26,Wheat leaf blight,0.22752029
R:\Developments\ARIS\Disease\Validation\Mosaic sugarcane\mosaic (1).jpeg,Mosaic sugarcane,val,15,15,Mosaic sugarcane,0.5055771
R:\Developments\ARIS\Disease\Validation\Mosaic sugarcane\mosaic (10).jpeg,Mosaic sugarcane,val,15,15,Mosaic sugarcane,0.579922
R:\Developments\ARIS\Disease\Validation\Mosaic sugarcane\mosaic (11).jpeg,Mosaic sugarcane,val,15,16,RedRot sugarcane,0.19879244
R:\Developments\ARIS\Disease\Validation\Mosaic sugarcane\mosaic (12).jpeg,Mosaic sugarcane,val,15,15,Mosaic sugarcane,0.34288678
R:\Developments\ARIS\Disease\Validation\Mosaic sugarcane\mosaic (13).jpeg,Mosaic sugarcane,val,15,15,Mosaic sugarcane,0.251017
R:\Developments\ARIS\Disease\Validation\Mosaic sugarcane\mosaic (14).jpeg,Mosaic sugarcane,val,15,15,Mosaic sugarcane,0.34642616
R:\Developments\ARIS\Disease\Validation\Mosaic sugarcane\mosaic (15).jpeg,Mosaic sugarcane,val,15,15,Mosaic sugarcane,0.576932
R:\Developments\ARIS\Disease\Validation\Mosaic sugarcane\mosaic (16).jpeg,Mosaic sugarcane,val,15,33,Yellow Rust Sugarcane,0.31505308
R:\Developments\ARIS\Disease\Validation\Mosaic sugarcane\mosaic (17).jpeg,Mosaic sugarcane,val,15,15,Mosaic sugarcane,0.543814
R:\Developments\ARIS\Disease\Validation\Mosaic sugarcane\mosaic (18).jpeg,Mosaic sugarcane,val,15,15,Mosaic sugarcane,0.38931584
R:\Developments\ARIS\Disease\Validation\Mosaic sugarcane\mosaic (2).jpeg,Mosaic sugarcane,val,15,15,Mosaic sugarcane,0.56088847
R:\Developments\ARIS\Disease\Validation\Mosaic sugarcane\mosaic (3).jpeg,Mosaic sugarcane,val,15,15,Mosaic sugarcane,0.6008072
R:\Developments\ARIS\Disease\Validation\Mosaic sugarcane\mosaic (331).jpeg,Mosaic sugarcane,val,15,15,Mosaic sugarcane,0.5653339
R:\Developments\ARIS\Disease\Validation\Mosaic sugarcane\mosaic (4).jpeg,Mosaic sugarcane,val,15,15,Mosaic sugarcane,0.70816255
R:\Developments\ARIS\Disease\Validation\Mosaic sugarcane\mosaic (429).jpeg,Mosaic sugarcane,val,15,15,Mosaic sugarcane,0.47152695
R:\Developments\ARIS\Disease\Validation\Mosaic sugarcane\mosaic (430).jpeg,Mosaic sugarcane,val,15,15,Mosaic sugarcane,0.2976125
R:\Developments\ARIS\Disease\Validation\Mosaic sugarcane\mosaic (431).jpeg,Mosaic sugarcane,val,15,15,Mosaic sugarcane,0.5913214
R:\Developments\ARIS\Disease\Validation\Mosaic sugarcane\mosaic (432).jpeg,Mosaic sugarcane,val,15,15,Mosaic sugarcane,0.31521016
R:\Developments\ARIS\Disease\Validation\Mosaic sugarcane\mosaic (433).jpeg,Mosaic sugarcane,val,15,15,Mosaic sugarcane,0.28446603
R:\Developments\ARIS\Disease\Validation\Mosaic sugarcane\mosaic (434).jpeg,Mosaic sugarcane,val,15,15,Mosaic sugarcane,0.53236467
R:\Developments\ARIS\Disease\Validation\Mosaic sugarcane\mosaic (435).jpeg,Mosaic sugarcane,val,15,15,Mosaic sugarcane,0.3373475
R:\Developments\ARIS\Disease\Validation\Mosaic sugarcane\mosaic (436).jpeg,Mosaic sugarcane,val,15,15,Mosaic sugarcane,0.2958677
R:\Developments\ARIS\Disease\Validation\Mosaic sugarcane\mosaic (437).jpeg,Mosaic sugarcane,val,15,15,Mosaic sugarcane,0.45266214
R:\Developments\ARIS\Disease\Validation\Mosaic sugarcane\mosaic (438).jpeg,Mosaic sugarcane,val,15,16,RedRot sugarcane,0.35439578
R:\Developments\ARIS\Disease\Validation\Mosaic sugarcane\mosaic (439).jpeg,Mosaic sugarcane,val,15,15,Mosaic sugarcane,0.49396262
R:\Developments\ARIS\Disease\Validation\Mosaic sugarcane\mosaic (440).jpeg,Mosaic sugarcane,val,15,15,Mosaic sugarcane,0.62624985
R:\Developments\ARIS\Disease\Validation\Mosaic sugarcane\mosaic (441).jpeg,Mosaic sugarcane,val,15,15,Mosaic sugarcane,0.65045017
R:\Developments\ARIS\Disease\Validation\Mosaic sugarcane\mosaic (442).jpeg,Mosaic sugarcane,val,15,15,Mosaic sugarcane,0.578449
R:\Developments\ARIS\Disease\Validation\Mosaic sugarcane\mosaic (443).jpeg,Mosaic sugarcane,val,15,15,Mosaic sugarcane,0.29232576
R:\Developments\ARIS\Disease\Validation\Mosaic sugarcane\mosaic (444).jpeg,Mosaic sugarcane,val,15,15,Mosaic sugarcane,0.41063854
R:\Developments\ARIS\Disease\Validation\Mosaic sugarcane\mosaic (445).jpeg,Mosaic sugarcane,val,15,15,Mosaic sugarcane,0.67104083
R:\Developments\ARIS\Disease\Validation\Mosaic sugarcane\mosaic (446).jpeg,Mosaic sugarcane,val,15,15,Mosaic sugarcane,0.6235004
R:\Developments\ARIS\Disease\Validation\Mosaic sugarcane\mosaic (447).jpeg,Mosaic sugarcane,val,15,15,Mosaic sugarcane,0.525881
R:\Developments\ARIS\Disease\Validation\Mosaic sugarcane\mosaic (448).jpeg,Mosaic sugarcane,val,15,15,Mosaic sugarcane,0.3757008
R:\Developments\ARIS\Disease\Validation\Mosaic sugarcane\mosaic (449).jpeg,Mosaic sugarcane,val,15,15,Mosaic sugarcane,0.45670208
R:\Developments\ARIS\Disease\Validation\Mosaic sugarcane\mosaic (450).jpeg,Mosaic sugarcane,val,15,15,Mosaic sugarcane,0.614146
R:\Developments\ARIS\Disease\Validation\Mosaic sugarcane\mosaic (451).jpeg,Mosaic sugarcane,val,15,15,Mosaic sugarcane,0.44583878
R:\Developments\ARIS\Disease\Validation\Mosaic sugarcane\mosaic (452).jpeg,Mosaic sugarcane,val,15,15,Mosaic sugarcane,0.57710123
R:\Developments\ARIS\Disease\Validation\Mosaic sugarcane\mosaic (453).jpeg,Mosaic sugarcane,val,15,15,Mosaic sugarcane,0.42284498
R:\Developments\ARIS\Disease\Validation\Mosaic sugarcane\mosaic (454).jpeg,Mosaic sugarcane,val,15,15,Mosaic sugarcane,0.69911194
R:\Developments\ARIS\Disease\Validation\Mosaic sugarcane\mosaic (455).jpeg,Mosaic sugarcane,val,15,17,RedRust sugarcane,0.25296998
R:\Developments\ARIS\Disease\Validation\Mosaic sugarcane\mosaic (456).jpeg,Mosaic sugarcane,val,15,15,Mosaic sugarcane,0.43613532
R:\Developments\ARIS\Disease\Validation\Mosaic sugarcane\mosaic (457).jpeg,Mosaic sugarcane,val,15,15,Mosaic sugarcane,0.47110406
R:\Developments\ARIS\Disease\Validation\Mosaic sugarcane\mosaic (458).jpeg,Mosaic sugarcane,val,15,15,Mosaic sugarcane,0.31557733
R:\Developments\ARIS\Disease\Validation\Mosaic sugarcane\mosaic (459).jpeg,Mosaic sugarcane,val,15,15,Mosaic sugarcane,0.5599112
R:\Developments\ARIS\Disease\Validation\Mosaic sugarcane\mosaic (460).jpeg,Mosaic sugarcane,val,15,15,Mosaic sugarcane,0.3841832
R:\Developments\ARIS\Disease\Validation\Mosaic sugarcane\mosaic (461).jpeg,Mosaic sugarcane,val,15,15,Mosaic sugarcane,0.32683405
R:\Developments\ARIS\Disease\Validation\Mosaic sugarcane\mosaic (462).jpeg,Mosaic sugarcane,val,15,15,Mosaic sugarcane,0.4775033
R:\Developments\ARIS\Disease\Validation\Mosaic sugarcane\mosaic (5).jpeg,Mosaic sugarcane,val,15,15,Mosaic sugarcane,0.47651985
R:\Developments\ARIS\Disease\Validation\Mosaic sugarcane\mosaic (6).jpeg,Mosaic sugarcane,val,15,15,Mosaic sugarcane,0.3574899
R:\Developments\ARIS\Disease\Validation\Mosaic sugarcane\mosaic (7).jpeg,Mosaic sugarcane,val,15,33,Yellow Rust Sugarcane,0.33447826
R:\Developments\ARIS\Disease\Validation\Mosaic sugarcane\mosaic (8).jpeg,Mosaic sugarcane,val,15,15,Mosaic sugarcane,0.5942138
R:\Developments\ARIS\Disease\Validation\Mosaic sugarcane\mosaic (9).jpeg,Mosaic sugarcane,val,15,15,Mosaic sugarcane,0.4054438
R:\Developments\ARIS\Disease\Validation\pink bollworm in cotton\Image_1.jpg,pink bollworm in cotton,val,42,42,pink bollworm in cotton,0.71892
R:\Developments\ARIS\Disease\Validation\pink bollworm in cotton\Image_10.jpg,pink bollworm in cotton,val,42,36,bollworm on Cotton,0.46036378
R:\Developments\ARIS\Disease\Validation\pink bollworm in cotton\Image_11.jpg,pink bollworm in cotton,val,42,42,pink bollworm in cotton,0.80847526
R:\Developments\ARIS\Disease\Validation\pink bollworm in cotton\Image_12.jpg,pink bollworm in cotton,val,42,42,pink bollworm in cotton,0.42321384
R:\Developments\ARIS\Disease\Validation\pink bollworm in cotton\Image_13.jpg,pink bollworm in cotton,val,42,42,pink bollworm in cotton,0.898453
R:\Developments\ARIS\Disease\Validation\pink bollworm in cotton\Image_14.jpg,pink bollworm in cotton,val,42,36,bollworm on Cotton,0.6581281
R:\Developments\ARIS\Disease\Validation\pink bollworm in cotton\Image_2.jpg,pink bollworm in cotton,val,42,42,pink bollworm in cotton,0.85392123
R:\Developments\ARIS\Disease\Validation\pink bollworm in cotton\Image_25.jpg,pink bollworm in cotton,val,42,36,bollworm on Cotton,0.5280767
R:\Developments\ARIS\Disease\Validation\pink bollworm in cotton\Image_3.jpg,pink bollworm in cotton,val,42,42,pink bollworm in cotton,0.7214977
R:\Developments\ARIS\Disease\Validation\pink bollworm in cotton\Image_30.jpg,pink bollworm in cotton,val,42,36,bollworm on Cotton,0.6932513
R:\Developments\ARIS\Disease\Validation\pink bollworm in cotton\Image_35.jpeg,pink bollworm in cotton,val,42,42,pink bollworm in cotton,0.88001853
R:\Developments\ARIS\Disease\Validation\pink bollworm in cotton\Image_37.jpg,pink bollworm in cotton,val,42,36,bollworm on Cotton,0.2189285
R:\Developments\ARIS\Disease\Validation\pink bollworm in cotton\Image_38.jpg,pink bollworm in cotton,val,42,42,pink bollworm in cotton,0.6544044
R:\Developments\ARIS\Disease\Validation\pink bollworm in cotton\Image_39.jpg,pink bollworm in cotton,val,42,42,pink bollworm in cotton,0.5714392
R:\Developments\ARIS\Disease\Validation\pink bollworm in cotton\Image_4.jpg,pink bollworm in cotton,val,42,42,pink bollworm in cotton,0.42869273
R:\Developments\ARIS\Disease\Validation\pink bollworm in cotton\Image_40.jpg,pink bollworm in cotton,val,42,42,pink bollworm in cotton,0.6421402
R:\Developments\ARIS\Disease\Validation\pink bollworm in cotton\Image_41.jpg,pink bollworm in cotton,val,42,42,pink bollworm in cotton,0.7234556
R:\Developments\ARIS\Disease\Validation\pink bollworm in cotton\Image_42.jpg,pink bollworm in cotton,val,42,42,pink bollworm in cotton,0.74919844
R:\Developments\ARIS\Disease\Validation\pink bollworm in cotton\Image_44.jpg,pink bollworm in cotton,val,42,42,pink bollworm in cotton,0.75990295
R:\Developments\ARIS\Disease\Validation\pink bollworm in cotton\Image_45.jpg,pink bollworm in cotton,val,42,36,bollworm on Cotton,0.5309718
R:\Developments\ARIS\Disease\Validation\pink bollworm in cotton\Image_46.jpg,pink bollworm in cotton,val,42,42,pink bollworm in cotton,0.3833805
R:\Developments\ARIS\Disease\Validation\pink bollworm in cotton\Image_48.jpg,pink bollworm in cotton,val,42,42,pink bollworm in cotton,0.6915235
R:\Developments\ARIS\Disease\Validation\pink bollworm in cotton\Image_49.jpg,pink bollworm in cotton,val,42,42,pink bollworm in cotton,0.32073176
R:\Developments\ARIS\Disease\Validation\pink bollworm in cotton\Image_5.jpg,pink bollworm in cotton,val,42,42,pink bollworm in cotton,0.6293085
R:\Developments\ARIS\Disease\Validation\pink bollworm in cotton\Image_6.jpeg,pink bollworm in cotton,val,42,36,bollworm on Cotton,0.4192127
R:\Developments\ARIS\Disease\Validation\pink bollworm in cotton\Image_7.jpeg,pink bollworm in cotton,val,42,42,pink bollworm in cotton,0.6476602
R:\Developments\ARIS\Disease\Validation\pink bollworm in cotton\Image_8.jpg,pink bollworm in cotton,val,42,42,pink bollworm in cotton,0.38157687
R:\Developments\ARIS\Disease\Validation\pink bollworm in cotton\Image_9.jpg,pink bollworm in cotton,val,42,42,pink bollworm in cotton,0.7270481
R:\Developments\ARIS\Disease\Validation\red cotton bug\Image_1.jpg,red cotton bug,val,43,43,red cotton bug,0.9531246
R:\Developments\ARIS\Disease\Validation\red cotton bug\Image_10.jpg,red cotton bug,val,43,43,red cotton bug,0.8731258
R:\Developments\ARIS\Disease\Validation\red cotton bug\Image_11.jpg,red cotton bug,val,43,43,red cotton bug,0.932689
R:\Developments\ARIS\Disease\Validation\red cotton bug\Image_12.jpg,red cotton bug,val,43,43,red cotton bug,0.7534411
R:\Developments\ARIS\Disease\Validation\red cotton bug\Image_13.jpg,red cotton bug,val,43,43,red cotton bug,0.83884734
R:\Developments\ARIS\Disease\Validation\red cotton bug\Image_14.jpg,red cotton bug,val,43,43,red cotton bug,0.7713227
R:\Developments\ARIS\Disease\Validation\red cotton bug\Image_15.jpg,red cotton bug,val,43,43,red cotton bug,0.892648
R:\Developments\ARIS\Disease\Validation\red cotton bug\Image_16.jpg,red cotton bug,val,43,43,red cotton bug,0.900825
R:\Developments\ARIS\Disease\Validation\red cotton bug\Image_17.jpg,red cotton bug,val,43,43,red cotton bug,0.8812129
R:\Developments\ARIS\Disease\Validation\red cotton bug\Image_18.jpg,red cotton bug,val,43,43,red cotton bug,0.6314621
R:\Developments\ARIS\Disease\Validation\red cotton bug\Image_19.jpg,red cotton bug,val,43,43,red cotton bug,0.88053244
R:\Developments\ARIS\Disease\Validation\red cotton bug\Image_2.JPG,red cotton bug,val,43,43,red cotton bug,0.95759344
R:\Developments\ARIS\Disease\Validation\red cotton bug\Image_20.jpg,red cotton bug,val,43,43,red cotton bug,0.63377553
R:\Developments\ARIS\Disease\Validation\red cotton bug\Image_21.jpg,red cotton bug,val,43,43,red cotton bug,0.80263025
R:\Developments\ARIS\Disease\Validation\red cotton bug\Image_22.jpg,red cotton bug,val,43,43,red cotton bug,0.9365408
R:\Developments\ARIS\Disease\Validation\red cotton bug\Image_23.jpg,red cotton bug,val,43,43,red cotton bug,0.69054574
R:\Developments\ARIS\Disease\Validation\red cotton bug\Image_24.jpg,red cotton bug,val,43,43,red cotton bug,0.69102174
R:\Developments\ARIS\Disease\Validation\red cotton bug\Image_25.jpg,red cotton bug,val,43,43,red cotton bug,0.39028835
R:\Developments\ARIS\Disease\Validation\red cotton bug\Image_26.jpg,red cotton bug,val,43,43,red cotton bug,0.708602
R:\Developments\ARIS\Disease\Validation\red cotton bug\Image_27.jpg,red cotton bug,val,43,43,red cotton bug,0.594075
R:\Developments\ARIS\Disease\Validation\red cotton bug\Image_28.jpg,red cotton bug,val,43,43,red cotton bug,0.25104153
R:\Developments\ARIS\Disease\Validation\red cotton bug\Image_29.jpg,red cotton bug,val,43,43,red cotton bug,0.4328072
R:\Developments\ARIS\Disease\Validation\red cotton bug\Image_3.jpg,red cotton bug,val,43,43,red cotton bug,0.9616478
R:\Developments\ARIS\Disease\Validation\red cotton bug\Image_30.jpg,red cotton bug,val,43,43,red cotton bug,0.80869055
R:\Developments\ARIS\Disease\Validation\red cotton bug\Image_31.jpg,red cotton bug,val,43,43,red cotton bug,0.78164893
R:\Developments\ARIS\Disease\Validation\red cotton bug\Image_32.jpg,red cotton bug,val,43,43,red cotton bug,0.6588189
R:\Developments\ARIS\Disease\Validation\red cotton bug\Image_33.jpg,red cotton bug,val,43,43,red cotton bug,0.7714717
R:\Developments\ARIS\Disease\Validation\red cotton bug\Image_34.jpg,red cotton bug,val,43,43,red cotton bug,0.5598979
R:\Developments\ARIS\Disease\Validation\red cotton bug\Image_35.jpg,red cotton bug,val,43,43,red cotton bug,0.9004405
R:\Developments\ARIS\Disease\Validation\red cotton bug\Image_36.jpg,red cotton bug,val,43,43,red cotton bug,0.9511201
R:\Developments\ARIS\Disease\Validation\red cotton bug\Image_37.jpg,red cotton bug,val,43,43,red cotton bug,0.85908455
R:\Developments\ARIS\Disease\Validation\red cotton bug\Image_38.jpg,red cotton bug,val,43,43,red cotton bug,0.7942109
R:\Developments\ARIS\Disease\Validation\red cotton bug\Image_39.jpg,red cotton bug,val,43,43,red cotton bug,0.26786554
R:\Developments\ARIS\Disease\Validation\red cotton bug\Image_4.jpg,red cotton bug,val,43,43,red cotton bug,0.8787589
R:\Developments\ARIS\Disease\Validation\red cotton bug\Image_40.JPG,red cotton bug,val,43,43,red cotton bug,0.95865756
R:\Developments\ARIS\Disease\Validation\red cotton bug\Image_41.jpg,red cotton bug,val,43,43,red cotton bug,0.83263844
R:\Developments\ARIS\Disease\Validation\red cotton bug\Image_42.jpg,red cotton bug,val,43,43,red cotton bug,0.5288577
R:\Developments\ARIS\Disease\Validation\red cotton bug\Image_5.jpg,red cotton bug,val,43,43,red cotton bug,0.8995946
R:\Developments\ARIS\Disease\Validation\red cotton bug\Image_6.jpg,red cotton bug,val,43,43,red cotton bug,0.54722637
R:\Developments\ARIS\Disease\Validation\red cotton bug\Image_69.jpg,red cotton bug,val,43,43,red cotton bug,0.750127
R:\Developments\ARIS\Disease\Validation\red cotton bug\Image_7.jpg,red cotton bug,val,43,43,red cotton bug,0.7715127
R:\Developments\ARIS\Disease\Validation\red cotton bug\Image_70.jpg,red cotton bug,val,43,43,red cotton bug,0.9673905
R:\Developments\ARIS\Disease\Validation\red cotton bug\Image_8.jpg,red cotton bug,val,43,43,red cotton bug,0.88687944
R:\Developments\ARIS\Disease\Validation\red cotton bug\Image_9.jpg,red cotton bug,val,43,43,red cotton bug,0.91674393
R:\Developments\ARIS\Disease\Validation\RedRot sugarcane\0.jpg,RedRot sugarcane,val,16,17,RedRust sugarcane,0.46232104
R:\Developments\ARIS\Disease\Validation\RedRot sugarcane\1.jpg,RedRot sugarcane,val,16,17,RedRust sugarcane,0.503929
R:\Developments\ARIS\Disease\Validation\RedRot sugarcane\10.jpg,RedRot sugarcane,val,16,17,RedRust sugarcane,0.62186533
R:\Developments\ARIS\Disease\Validation\RedRot sugarcane\11.jpg,RedRot sugarcane,val,16,17,RedRust sugarcane,0.48566857
R:\Developments\ARIS\Disease\Validation\RedRot sugarcane\12.jpg,RedRot sugarcane,val,16,17,RedRust sugarcane,0.46719396
R:\Developments\ARIS\Disease\Validation\RedRot sugarcane\13.jpg,RedRot sugarcane,val,16,17,RedRust sugarcane,0.19606407
R:\Developments\ARIS\Disease\Validation\RedRot sugarcane\14.jpg,RedRot sugarcane,val,16,17,RedRust sugarcane,0.31316766
R:\Developments\ARIS\Disease\Validation\RedRot sugarcane\15.jpg,RedRot sugarcane,val,16,17,RedRust sugarcane,0.27231553
R:\Developments\ARIS\Disease\Validation\RedRot sugarcane\16.jpg,RedRot sugarcane,val,16,17,RedRust sugarcane,0.28238174
R:\Developments\ARIS\Disease\Validation\RedRot sugarcane\17.jpg,RedRot sugarcane,val,16,17,RedRust sugarcane,0.29348302
R:\Developments\ARIS\Disease\Validation\RedRot sugarcane\18.jpg,RedRot sugarcane,val,16,17,RedRust sugarcane,0.62838525
R:\Developments\ARIS\Disease\Validation\RedRot sugarcane\19.jpg,RedRot sugarcane,val,16,17,RedRust sugarcane,0.68564814
R:\Developments\ARIS\Disease\Validation\RedRot sugarcane\20.jpg,RedRot sugarcane,val,16,17,RedRust sugarcane,0.67223924
R:\Developments\ARIS\Disease\Validation\RedRot sugarcane\21.jpg,RedRot sugarcane,val,16,16,RedRot sugarcane,0.44823137
R:\Developments\ARIS\Disease\Validation\RedRot sugarcane\22.jpg,RedRot sugarcane,val,16,17,RedRust sugarcane,0.6049239
R:\Developments\ARIS\Disease\Validation\RedRot sugarcane\23.jpg,RedRot sugarcane,val,16,16,RedRot sugarcane,0.3981018
R:\Developments\ARIS\Disease\Validation\RedRot sugarcane\24.jpg,RedRot sugarcane,val,16,16,RedRot sugarcane,0.44005993
R:\Developments\ARIS\Disease\Validation\RedRot sugarcane\25.jpg,RedRot sugarcane,val,16,16,RedRot sugarcane,0.41760847
R:\Developments\ARIS\Disease\Validation\RedRot sugarcane\26.jpg,RedRot sugarcane,val,16,17,RedRust sugarcane,0.42420173
R:\Developments\ARIS\Disease\Validation\RedRot sugarcane\27.jpg,RedRot sugarcane,val,16,16,RedRot sugarcane,0.40163258
R:\Developments\ARIS\Disease\Validation\RedRot sugarcane\28.jpg,RedRot sugarcane,val,16,16,RedRot sugarcane,0.40521336
R:\Developments\ARIS\Disease\Validation\RedRot sugarcane\29.jpg,RedRot sugarcane,val,16,16,RedRot sugarcane,0.46553612
R:\Developments\ARIS\Disease\Validation\RedRot sugarcane\3.jpg,RedRot sugarcane,val,16,16,RedRot sugarcane,0.19017287
R:\Developments\ARIS\Disease\Validation\RedRot sugarcane\30.jpg,RedRot sugarcane,val,16,16,RedRot sugarcane,0.4374025
R:\Developments\ARIS\Disease\Validation\RedRot sugarcane\31.jpg,RedRot sugarcane,val,16,17,RedRust sugarcane,0.4821074
R:\Developments\ARIS\Disease\Validation\RedRot sugarcane\32.jpg,RedRot sugarcane,val,16,16,RedRot sugarcane,0.3964506
R:\Developments\ARIS\Disease\Validation\RedRot sugarcane\33.jpg,RedRot sugarcane,val,16,16,RedRot sugarcane,0.43212828
R:\Developments\ARIS\Disease\Validation\RedRot sugarcane\34.jpg,RedRot sugarcane,val,16,17,RedRust sugarcane,0.48550883
R:\Developments\ARIS\Disease\Validation\RedRot sugarcane\35.jpg,RedRot sugarcane,val,16,16,RedRot sugarcane,0.5434642
R:\Developments\ARIS\Disease\Validation\RedRot sugarcane\36.jpg,RedRot sugarcane,val,16,16,RedRot sugarcane,0.4551728
R:\Developments\ARIS\Disease\Validation\RedRot sugarcane\37.jpg,RedRot sugarcane,val,16,17,RedRust sugarcane,0.46546182
R:\Developments\ARIS\Disease\Validation\RedRot sugarcane\38.jpg,RedRot sugarcane,val,16,17,RedRust sugarcane,0.46535662
R:\Developments\ARIS\Disease\Validation\RedRot sugarcane\39.jpg,RedRot sugarcane,val,16,17,RedRust sugarcane,0.19087829
R:\Developments\ARIS\Disease\Validation\RedRot sugarcane\4.jpg,RedRot sugarcane,val,16,17,RedRust sugarcane,0.51646596
R:\Developments\ARIS\Disease\Validation\RedRot sugarcane\40.jpg,RedRot sugarcane,val,16,17,RedRust sugarcane,0.49183002
R:\Developments\ARIS\Disease\Validation\RedRot sugarcane\41.jpg,RedRot sugarcane,val,16,17,RedRust sugarcane,0.4757483
R:\Developments\ARIS\Disease\Validation\RedRot sugarcane\42.jpg,RedRot sugarcane,val,16,17,RedRust sugarcane,0.46744695
R:\Developments\ARIS\Disease\Validation\RedRot sugarcane\43.jpg,RedRot sugarcane,val,16,16,RedRot sugarcane,0.15788831
R:\Developments\ARIS\Disease\Validation\RedRot sugarcane\44.jpg,RedRot sugarcane,val,16,17,RedRust sugarcane,0.14668028
R:\Developments\ARIS\Disease\Validation\RedRot sugarcane\45.jpg,RedRot sugarcane,val,16,16,RedRot sugarcane,0.13719346
R:\Developments\ARIS\Disease\Validation\RedRot sugarcane\46.jpg,RedRot sugarcane,val,16,16,RedRot sugarcane,0.13089205
R:\Developments\ARIS\Disease\Validation\RedRot sugarcane\47.jpg,RedRot sugarcane,val,16,16,RedRot sugarcane,0.11831858
R:\Developments\ARIS\Disease\Validation\RedRot sugarcane\48.jpg,RedRot sugarcane,val,16,17,RedRust sugarcane,0.19453125
R:\Developments\ARIS\Disease\Validation\RedRot sugarcane\49.jpg,RedRot sugarcane,val,16,17,RedRust sugarcane,0.24618697
R:\Developments\ARIS\Disease\Validation\RedRot sugarcane\5.jpg,RedRot sugarcane,val,16,17,RedRust sugarcane,0.51379055
R:\Developments\ARIS\Disease\Validation\RedRot sugarcane\50.jpg,RedRot sugarcane,val,16,17,RedRust sugarcane,0.18584816
R:\Developments\ARIS\Disease\Validation\RedRot sugarcane\51.jpg,RedRot sugarcane,val,16,17,RedRust sugarcane,0.21267198
R:\Developments\ARIS\Disease\Validation\RedRot sugarcane\52.jpg,RedRot sugarcane,val,16,16,RedRot sugarcane,0.16975196
R:\Developments\ARIS\Disease\Validation\RedRot sugarcane\53.jpg,RedRot sugarcane,val,16,17,RedRust sugarcane,0.17043395
R:\Developments\ARIS\Disease\Validation\RedRot sugarcane\54.jpg,RedRot sugarcane,val,16,17,RedRust sugarcane,0.16420084
R:\Developments\ARIS\Disease\Validation\RedRot sugarcane\55.jpg,RedRot sugarcane,val,16,17,RedRust sugarcane,0.22321121
R:\Developments\ARIS\Disease\Validation\RedRot sugarcane\56.jpg,RedRot sugarcane,val,16,17,RedRust sugarcane,0.4196969
R:\Developments\ARIS\Disease\Validation\RedRot sugarcane\57.jpg,RedRot sugarcane,val,16,17,RedRust sugarcane,0.39368394
R:\Developments\ARIS\Disease\Validation\RedRot sugarcane\58.jpg,RedRot sugarcane,val,16,17,RedRust sugarcane,0.3802434
R:\Developments\ARIS\Disease\Validation\RedRot sugarcane\59.jpg,RedRot sugarcane,val,16,16,RedRot sugarcane,0.34971368
R:\Developments\ARIS\Disease\Validation\RedRot sugarcane\6.jpg,RedRot sugarcane,val,16,36,bollworm on Cotton,0.17214115
R:\Developments\ARIS\Disease\Validation\RedRot sugarcane\60.jpg,RedRot sugarcane,val,16,16,RedRot sugarcane,0.37116826
R:\Developments\ARIS\Disease\Validation\RedRot sugarcane\61.jpg,RedRot sugarcane,val,16,16,RedRot sugarcane,0.37325326
R:\Developments\ARIS\Disease\Validation\RedRot sugarcane\62.jpg,RedRot sugarcane,val,16,16,RedRot sugarcane,0.4762958
R:\Developments\ARIS\Disease\Validation\RedRot sugarcane\63.jpg,RedRot sugarcane,val,16,16,RedRot sugarcane,0.42671347
R:\Developments\ARIS\Disease\Validation\RedRot sugarcane\64.jpg,RedRot sugarcane,val,16,17,RedRust sugarcane,0.4558324
R:\Developments\ARIS\Disease\Validation\RedRot sugarcane\65.jpg,RedRot sugarcane,val,16,17,RedRust sugarcane,0.593178
R:\Developments\ARIS\Disease\Validation\RedRot sugarcane\66.jpg,RedRot sugarcane,val,16,16,RedRot sugarcane,0.37572432
R:\Developments\ARIS\Disease\Validation\RedRot sugarcane\67.jpg,RedRot sugarcane,val,16,16,RedRot sugarcane,0.443354
R:\Developments\ARIS\Disease\Validation\RedRot sugarcane\68.jpg,RedRot sugarcane,val,16,16,RedRot sugarcane,0.45097527
R:\Developments\ARIS\Disease\Validation\RedRot sugarcane\69.jpg,RedRot sugarcane,val,16,17,RedRust sugarcane,0.54648656
R:\Developments\ARIS\Disease\Validation\RedRot sugarcane\7.jpg,RedRot sugarcane,val,16,36,bollworm on Cotton,0.17122881
R:\Developments\ARIS\Disease\Validation\RedRot sugarcane\70.jpg,RedRot sugarcane,val,16,17,RedRust sugarcane,0.6355329
R:\Developments\ARIS\Disease\Validation\RedRot sugarcane\71.jpg,RedRot sugarcane,val,16,16,RedRot sugarcane,0.37873375
R:\Developments\ARIS\Disease\Validation\RedRot sugarcane\72.jpg,RedRot sugarcane,val,16,17,RedRust sugarcane,0.5478936
R:\Developments\ARIS\Disease\Validation\RedRot sugarcane\73.jpg,RedRot sugarcane,val,16,16,RedRot sugarcane,0.33867398
R:\Developments\ARIS\Disease\Validation\RedRot sugarcane\74.jpg,RedRot sugarcane,val,16,16,RedRot sugarcane,0.3862275
R:\Developments\ARIS\Disease\Validation\RedRot sugarcane\8.jpg,RedRot sugarcane,val,16,16,RedRot sugarcane,0.18928252
R:\Developments\ARIS\Disease\Validation\RedRot sugarcane\9.jpg,RedRot sugarcane,val,16,17,RedRust sugarcane,0.6845562
R:\Developments\ARIS\Disease\Validation\RedRot sugarcane\redrot (1).jpeg,RedRot sugarcane,val,16,17,RedRust sugarcane,0.5717274
R:\Developments\ARIS\Disease\Validation\RedRot sugarcane\redrot (10).jpeg,RedRot sugarcane,val,16,16,RedRot sugarcane,0.32917938
R:\Developments\ARIS\Disease\Validation\RedRot sugarcane\redrot (11).jpeg,RedRot sugarcane,val,16,16,RedRot sugarcane,0.3915594
R:\Developments\ARIS\Disease\Validation\RedRot sugarcane\redrot (12).jpeg,RedRot sugarcane,val,16,16,RedRot sugarcane,0.18647219
R:\Developments\ARIS\Disease\Validation\RedRot sugarcane\redrot (13).jpeg,RedRot sugarcane,val,16,16,RedRot sugarcane,0.20783405
R:\Developments\ARIS\Disease\Validation\RedRot sugarcane\redrot (14).jpeg,RedRot sugarcane,val,16,22,Wheat Brown leaf rust,0.23210149
R:\Developments\ARIS\Disease\Validation\RedRot sugarcane\redrot (15).jpeg,RedRot sugarcane,val,16,17,RedRust sugarcane,0.46248063
R:\Developments\ARIS\Disease\Validation\RedRot sugarcane\redrot (16).jpeg,RedRot sugarcane,val,16,15,Mosaic sugarcane,0.258514
R:\Developments\ARIS\Disease\Validation\RedRot sugarcane\redrot (17).jpeg,RedRot sugarcane,val,16,22,Wheat Brown leaf rust,0.104433365
R:\Developments\ARIS\Disease\Validation\RedRot sugarcane\redrot (18).jpeg,RedRot sugarcane,val,16,22,Wheat Brown leaf rust,0.19321978
R:\Developments\ARIS\Disease\Validation\RedRot sugarcane\redrot (19).jpeg,RedRot sugarcane,val,16,17,RedRust sugarcane,0.35923186
R:\Developments\ARIS\Disease\Validation\RedRot sugarcane\redrot (2).jpeg,RedRot sugarcane,val,16,16,RedRot sugarcane,0.47934425
R:\Developments\ARIS\Disease\Validation\RedRot sugarcane\redrot (20).jpeg,RedRot sugarcane,val,16,16,RedRot sugarcane,0.40089488
R:\Developments\ARIS\Disease\Validation\RedRot sugarcane\redrot (21).jpeg,RedRot sugarcane,val,16,16,RedRot sugarcane,0.29622188
R:\Developments\ARIS\Disease\Validation\RedRot sugarcane\redrot (22).jpeg,RedRot sugarcane,val,16,16,RedRot sugarcane,0.36685392
R:\Developments\ARIS\Disease\Validation\RedRot sugarcane\redrot (23).jpeg,RedRot sugarcane,val,16,21,Wheat Brown leaf Rust,0.15702319
R:\Developments\ARIS\Disease\Validation\RedRot sugarcane\redrot (24).jpeg,RedRot sugarcane,val,16,16,RedRot sugarcane,0.23797469
R:\Developments\ARIS\Disease\Validation\RedRot sugarcane\redrot (25).jpeg,RedRot sugarcane,val,16,17,RedRust sugarcane,0.45143113
R:\Developments\ARIS\Disease\Validation\RedRot sugarcane\redrot (26).jpeg,RedRot sugarcane,val,16,15,Mosaic sugarcane,0.10180492
R:\Developments\ARIS\Disease\Validation\RedRot sugarcane\redrot (27).jpeg,RedRot sugarcane,val,16,16,RedRot sugarcane,0.25223777
R:\Developments\ARIS\Disease\Validation\RedRot sugarcane\redrot (28).jpeg,RedRot sugarcane,val,16,16,RedRot sugarcane,0.41767374
R:\Developments\ARIS\Disease\Validation\RedRot sugarcane\redrot (29).jpeg,RedRot sugarcane,val,16,16,RedRot sugarcane,0.5125608
R:\Developments\ARIS\Disease\Validation\RedRot sugarcane\redrot (3).jpeg,RedRot sugarcane,val,16,16,RedRot sugarcane,0.39075097
R:\Developments\ARIS\Disease\Validation\RedRot sugarcane\redrot (30).jpeg,RedRot sugarcane,val,16,17,RedRust sugarcane,0.39876032
R:\Developments\ARIS\Disease\Validation\RedRot sugarcane\redrot (31).jpeg,RedRot sugarcane,val,16,16,RedRot sugarcane,0.37591377
R:\Developments\ARIS\Disease\Validation\RedRot sugarcane\redrot (32).jpeg,RedRot sugarcane,val,16,17,RedRust sugarcane,0.35985914
R:\Developments\ARIS\Disease\Validation\RedRot sugarcane\redrot (33).jpeg,RedRot sugarcane,val,16,16,RedRot sugarcane,0.27903214
R:\Developments\ARIS\Disease\Validation\RedRot sugarcane\redrot (34).jpeg,RedRot sugarcane,val,16,16,RedRot sugarcane,0.36638203
R:\Developments\ARIS\Disease\Validation\RedRot sugarcane\redrot (35).jpeg,RedRot sugarcane,val,16,33,Yellow Rust Sugarcane,0.44859564
R:\Developments\ARIS\Disease\Validation\RedRot sugarcane\redrot (36).jpeg,RedRot sugarcane,val,16,16,RedRot sugarcane,0.5803622
R:\Developments\ARIS\Disease\Validation\RedRot sugarcane\redrot (37).jpeg,RedRot sugarcane,val,16,16,RedRot sugarcane,0.44905996
R:\Developments\ARIS\Disease\Validation\RedRot sugarcane\redrot (38).jpeg,RedRot sugarcane,val,16,16,RedRot sugarcane,0.5437354
R:\Developments\ARIS\Disease\Validation\RedRot sugarcane\redrot (39).jpeg,RedRot sugarcane,val,16,16,RedRot sugarcane,0.24997829
R:\Developments\ARIS\Disease\Validation\RedRot sugarcane\redrot (4).jpeg,RedRot sugarcane,val,16,22,Wheat Brown leaf rust,0.2999872
R:\Developments\ARIS\Disease\Validation\RedRot sugarcane\redrot (40).jpeg,RedRot sugarcane,val,16,16,RedRot sugarcane,0.41047516
R:\Developments\ARIS\Disease\Validation\RedRot sugarcane\redrot (41).jpeg,RedRot sugarcane,val,16,16,RedRot sugarcane,0.38776776
R:\Developments\ARIS\Disease\Validation\RedRot sugarcane\redrot (42).jpeg,RedRot sugarcane,val,16,16,RedRot sugarcane,0.355114
R:\Developments\ARIS\Disease\Validation\RedRot sugarcane\redrot (43).jpeg,RedRot sugarcane,val,16,16,RedRot sugarcane,0.45443
R:\Developments\ARIS\Disease\Validation\RedRot sugarcane\redrot (44).jpeg,RedRot sugarcane,val,16,16,RedRot sugarcane,0.41172838
R:\Developments\ARIS\Disease\Validation\RedRot sugarcane\redrot (45).jpeg,RedRot sugarcane,val,16,16,RedRot sugarcane,0.28647807
R:\Developments\ARIS\Disease\Validation\RedRot sugarcane\redrot (46).jpeg,RedRot sugarcane,val,16,16,RedRot sugarcane,0.25044966
R:\Developments\ARIS\Disease\Validation\RedRot sugarcane\redrot (47).jpeg,RedRot sugarcane,val,16,16,RedRot sugarcane,0.44471297
R:\Developments\ARIS\Disease\Validation\RedRot sugarcane\redrot (48).jpeg,RedRot sugarcane,val,16,16,RedRot sugarcane,0.42342654
R:\Developments\ARIS\Disease\Validation\RedRot sugarcane\redrot (49).jpeg,RedRot sugarcane,val,16,16,RedRot sugarcane,0.30774465
R:\Developments\ARIS\Disease\Validation\RedRot sugarcane\redrot (5).jpeg,RedRot sugarcane,val,16,17,RedRust sugarcane,0.4990522
R:\Developments\ARIS\Disease\Validation\RedRot sugarcane\redrot (50).jpeg,RedRot sugarcane,val,16,16,RedRot sugarcane,0.46797737
R:\Developments\ARIS\Disease\Validation\RedRot sugarcane\redrot (51).jpeg,RedRot sugarcane,val,16,16,RedRot sugarcane,0.2856909
R:\Developments\ARIS\Disease\Validation\RedRot sugarcane\redrot (516).jpeg,RedRot sugarcane,val,16,14,Leaf smut,0.35702404
R:\Developments\ARIS\Disease\Validation\RedRot sugarcane\redrot (517).jpeg,RedRot sugarcane,val,16,33,Yellow Rust Sugarcane,0.30199546
R:\Developments\ARIS\Disease\Validation\RedRot sugarcane\redrot (518).jpeg,RedRot sugarcane,val,16,16,RedRot sugarcane,0.38016614
R:\Developments\ARIS\Disease\Validation\RedRot sugarcane\redrot (52).jpeg,RedRot sugarcane,val,16,17,RedRust sugarcane,0.3688172
R:\Developments\ARIS\Disease\Validation\RedRot sugarcane\redrot (53).jpeg,RedRot sugarcane,val,16,15,Mosaic sugarcane,0.30170944
R:\Developments\ARIS\Disease\Validation\RedRot sugarcane\redrot (54).jpeg,RedRot sugarcane,val,16,17,RedRust sugarcane,0.48528972
R:\Developments\ARIS\Disease\Validation\RedRot sugarcane\redrot (55).jpeg,RedRot sugarcane,val,16,16,RedRot sugarcane,0.5110119
R:\Developments\ARIS\Disease\Validation\RedRot sugarcane\redrot (56).jpeg,RedRot sugarcane,val,16,17,RedRust sugarcane,0.34371713
R:\Developments\ARIS\Disease\Validation\RedRot sugarcane\redrot (57).jpeg,RedRot sugarcane,val,16,16,RedRot sugarcane,0.42056286
R:\Developments\ARIS\Disease\Validation\RedRot sugarcane\redrot (58).jpeg,RedRot sugarcane,val,16,16,RedRot sugarcane,0.29263365
R:\Developments\ARIS\Disease\Validation\RedRot sugarcane\redrot (59).jpeg,RedRot sugarcane,val,16,16,RedRot sugarcane,0.6665358
R:\Developments\ARIS\Disease\Validation\RedRot sugarcane\redrot (6).jpeg,RedRot sugarcane,val,16,17,RedRust sugarcane,0.23242241
R:\Developments\ARIS\Disease\Validation\RedRot sugarcane\redrot (60).jpeg,RedRot sugarcane,val,16,16,RedRot sugarcane,0.49725404
R:\Developments\ARIS\Disease\Validation\RedRot sugarcane\redrot (61).jpeg,RedRot sugarcane,val,16,22,Wheat Brown leaf rust,0.13002938
R:\Developments\ARIS\Disease\Validation\RedRot sugarcane\redrot (62).jpeg,RedRot sugarcane,val,16,16,RedRot sugarcane,0.4856237
R:\Developments\ARIS\Disease\Validation\RedRot sugarcane\redrot (63).jpeg,RedRot sugarcane,val,16,16,RedRot sugarcane,0.43326244
R:\Developments\ARIS\Disease\Validation\RedRot sugarcane\redrot (64).jpeg,RedRot sugarcane,val,16,16,RedRot sugarcane,0.36578622
R:\Developments\ARIS\Disease\Validation\RedRot sugarcane\redrot (65).jpeg,RedRot sugarcane,val,16,33,Yellow Rust Sugarcane,0.25356635
R:\Developments\ARIS\Disease\Validation\RedRot sugarcane\redrot (66).jpeg,RedRot sugarcane,val,16,16,RedRot sugarcane,0.31060407
R:\Developments\ARIS\Disease\Validation\RedRot sugarcane\redrot (67).jpeg,RedRot sugarcane,val,16,16,RedRot sugarcane,0.4529613
R:\Developments\ARIS\Disease\Validation\RedRot sugarcane\redrot (68).jpeg,RedRot sugarcane,val,16,16,RedRot sugarcane,0.641279
R:\Developments\ARIS\Disease\Validation\RedRot sugarcane\redrot (69).jpeg,RedRot sugarcane,val,16,17,RedRust sugarcane,0.22697173
R:\Developments\ARIS\Disease\Validation\RedRot sugarcane\redrot (7).jpeg,RedRot sugarcane,val,16,16,RedRot sugarcane,0.21583225
R:\Developments\ARIS\Disease\Validation\RedRot sugarcane\redrot (70).jpeg,RedRot sugarcane,val,16,16,RedRot sugarcane,0.65193343
R:\Developments\ARIS\Disease\Validation\RedRot sugarcane\redrot (71).jpeg,RedRot sugarcane,val,16,30,Wheat___Healthy,0.31077206
R:\Developments\ARIS\Disease\Validation\RedRot sugarcane\redrot (72).jpeg,RedRot sugarcane,val,16,16,RedRot sugarcane,0.37263992
R:\Developments\ARIS\Disease\Validation\RedRot sugarcane\redrot (73).jpeg,RedRot sugarcane,val,16,16,RedRot sugarcane,0.5024728
R:\Developments\ARIS\Disease\Validation\RedRot sugarcane\redrot (74).jpeg,RedRot sugarcane,val,16,16,RedRot sugarcane,0.42737696
R:\Developments\ARIS\Disease\Validation\RedRot sugarcane\redrot (75).jpeg,RedRot sugarcane,val,16,16,RedRot sugarcane,0.42148903
R:\Developments\ARIS\Disease\Validation\RedRot sugarcane\redrot (76).jpeg,RedRot sugarcane,val,16,16,RedRot sugarcane,0.6833508
R:\Developments\ARIS\Disease\Validation\RedRot sugarcane\redrot (8).jpeg,RedRot sugarcane,val,16,16,RedRot sugarcane,0.29125932
R:\Developments\ARIS\Disease\Validation\RedRot sugarcane\redrot (9).jpeg,RedRot sugarcane,val,16,16,RedRot sugarcane,0.48513553
R:\Developments\ARIS\Disease\Validation\RedRust sugarcane\0.jpg,RedRust sugarcane,val,17,17,RedRust sugarcane,0.9194786
R:\Developments\ARIS\Disease\Validation\RedRust sugarcane\1.jpg,RedRust sugarcane,val,17,17,RedRust sugarcane,0.9534356
R:\Developments\ARIS\Disease\Validation\RedRust sugarcane\10.jpg,RedRust sugarcane,val,17,17,RedRust sugarcane,0.95582294
R:\Developments\ARIS\Disease\Validation\RedRust sugarcane\11.jpg,RedRust sugarcane,val,17,17,RedRust sugarcane,0.8809039
R:\Developments\ARIS\Disease\Validation\RedRust sugarcane\2.jpg,RedRust sugarcane,val,17,17,RedRust sugarcane,0.9275778
R:\Developments\ARIS\Disease\Validation\RedRust sugarcane\3.jpg,RedRust sugarcane,val,17,17,RedRust sugarcane,0.9704363
R:\Developments\ARIS\Disease\Validation\RedRust sugarcane\32.jpg,RedRust sugarcane,val,17,17,RedRust sugarcane,0.9832826
R:\Developments\ARIS\Disease\Validation\RedRust sugarcane\33.jpg,RedRust sugarcane,val,17,17,RedRust sugarcane,0.9797171
R:\Developments\ARIS\Disease\Validation\RedRust sugarcane\34.jpg,RedRust sugarcane,val,17,17,RedRust sugarcane,0.9878817
R:\Developments\ARIS\Disease\Validation\RedRust sugarcane\35.jpg,RedRust sugarcane,val,17,17,RedRust sugarcane,0.97817254
R:\Developments\ARIS\Disease\Validation\RedRust sugarcane\36.jpg,RedRust sugarcane,val,17,17,RedRust sugarcane,0.9849463
R:\Developments\ARIS\Disease\Validation\RedRust sugarcane\37.jpg,RedRust sugarcane,val,17,17,RedRust sugarcane,0.9822841
R:\Developments\ARIS\Disease\Validation\RedRust sugarcane\38.jpg,RedRust sugarcane,val,17,17,RedRust sugarcane,0.9819676
R:\Developments\ARIS\Disease\Validation\RedRust sugarcane\39.jpg,RedRust sugarcane,val,17,17,RedRust sugarcane,0.9832616
R:\Developments\ARIS\Disease\Validation\RedRust sugarcane\4.jpg,RedRust sugarcane,val,17,17,RedRust sugarcane,0.9253604
R:\Developments\ARIS\Disease\Validation\RedRust sugarcane\41.jpg,RedRust sugarcane,val,17,17,RedRust sugarcane,0.9883852
R:\Developments\ARIS\Disease\Validation\RedRust sugarcane\42.jpg,RedRust sugarcane,val,17,17,RedRust sugarcane,0.9779443
R:\Developments\ARIS\Disease\Validation\RedRust sugarcane\43.jpg,RedRust sugarcane,val,17,17,RedRust sugarcane,0.9845086
R:\Developments\ARIS\Disease\Validation\RedRust sugarcane\44.jpg,RedRust sugarcane,val,17,17,RedRust sugarcane,0.9805062
R:\Developments\ARIS\Disease\Validation\RedRust sugarcane\45.jpg,RedRust sugarcane,val,17,17,RedRust sugarcane,0.9815499
R:\Developments\ARIS\Disease\Validation\RedRust sugarcane\46.jpg,RedRust sugarcane,val,17,17,RedRust sugarcane,0.9810493
R:\Developments\ARIS\Disease\Validation\RedRust sugarcane\47.jpg,RedRust sugarcane,val,17,17,RedRust sugarcane,0.9708865
R:\Developments\ARIS\Disease\Validation\RedRust sugarcane\48.jpg,RedRust sugarcane,val,17,17,RedRust sugarcane,0.977771
R:\Developments\ARIS\Disease\Validation\RedRust sugarcane\49.jpg,RedRust sugarcane,val,17,17,RedRust sugarcane,0.980663
R:\Developments\ARIS\Disease\Validation\RedRust sugarcane\5.jpg,RedRust sugarcane,val,17,17,RedRust sugarcane,0.9495751
R:\Developments\ARIS\Disease\Validation\RedRust sugarcane\50.jpg,RedRust sugarcane,val,17,17,RedRust sugarcane,0.9789049
R:\Developments\ARIS\Disease\Validation\RedRust sugarcane\51.jpg,RedRust sugarcane,val,17,17,RedRust sugarcane,0.97417307
R:\Developments\ARIS\Disease\Validation\RedRust sugarcane\6.jpg,RedRust sugarcane,val,17,17,RedRust sugarcane,0.93657607
R:\Developments\ARIS\Disease\Validation\RedRust sugarcane\7.jpg,RedRust sugarcane,val,17,17,RedRust sugarcane,0.96028966
R:\Developments\ARIS\Disease\Validation\RedRust sugarcane\8.jpg,RedRust sugarcane,val,17,17,RedRust sugarcane,0.96267205
R:\Developments\ARIS\Disease\Validation\RedRust sugarcane\9.jpg,RedRust sugarcane,val,17,17,RedRust sugarcane,0.95462275
R:\Developments\ARIS\Disease\Validation\Rice Blast\BLAST9_126.jpg,Rice Blast,val,18,18,Rice Blast,0.19947065
R:\Developments\ARIS\Disease\Validation\Rice Blast\BLAST9_127.JPG,Rice Blast,val,18,18,Rice Blast,0.14566927
R:\Developments\ARIS\Disease\Validation\Rice Blast\BLAST9_128.JPG,Rice Blast,val,18,18,Rice Blast,0.11252896
R:\Developments\ARIS\Disease\Validation\Rice Blast\BLAST9_129.JPG,Rice Blast,val,18,26,Wheat leaf blight,0.26941523
R:\Developments\ARIS\Disease\Validation\Rice Blast\BLAST9_130.JPG,Rice Blast,val,18,31,Wheat___Yellow_Rust,0.10523808
R:\Developments\ARIS\Disease\Validation\Rice Blast\BLAST9_131.jpg,Rice Blast,val,18,31,Wheat___Yellow_Rust,0.27596602
R:\Developments\ARIS\Disease\Validation\Rice Blast\BLAST9_132.JPG,Rice Blast,val,18,22,Wheat Brown leaf rust,0.14570062
R:\Developments\ARIS\Disease\Validation\Rice Blast\BLAST9_133.JPG,Rice Blast,val,18,11,Healthy Wheat,0.10533879
R:\Developments\ARIS\Disease\Validation\Rice Blast\BLAST9_134.jpg,Rice Blast,val,18,18,Rice Blast,0.1341949
R:\Developments\ARIS\Disease\Validation\Rice Blast\BLAST9_135.JPG,Rice Blast,val,18,31,Wheat___Yellow_Rust,0.2673501
R:\Developments\ARIS\Disease\Validation\Rice Blast\BLAST9_136.JPG,Rice Blast,val,18,18,Rice Blast,0.21108781
R:\Developments\ARIS\Disease\Validation\Rice Blast\BLAST9_137.JPG,Rice Blast,val,18,18,Rice Blast,0.27416193
R:\Developments\ARIS\Disease\Validation\Rice Blast\BLAST9_138.JPG,Rice Blast,val,18,18,Rice Blast,0.3368897
R:\Developments\ARIS\Disease\Validation\Rice Blast\BLAST9_139.JPG,Rice Blast,val,18,18,Rice Blast,0.30359372
R:\Developments\ARIS\Disease\Validation\Rice Blast\BLAST9_140.JPG,Rice Blast,val,18,21,Wheat Brown leaf Rust,0.22844042
R:\Developments\ARIS\Disease\Validation\Rice Blast\BLAST9_141.jpg,Rice Blast,val,18,18,Rice Blast,0.1977544
R:\Developments\ARIS\Disease\Validation\Rice Blast\BLAST9_142.JPG,Rice Blast,val,18,18,Rice Blast,0.1918807
R:\Developments\ARIS\Disease\Validation\Rice Blast\BLAST9_143.JPG,Rice Blast,val,18,31,Wheat___Yellow_Rust,0.43128005
R:\Developments\ARIS\Disease\Validation\Rice Blast\BLAST9_144.JPG,Rice Blast,val,18,31,Wheat___Yellow_Rust,0.26126295
R:\Developments\ARIS\Disease\Validation\Rice Blast\BLAST9_145.JPG,Rice Blast,val,18,26,Wheat leaf blight,0.27702653
R:\Developments\ARIS\Disease\Validation\Rice Blast\BLAST9_146.JPG,Rice Blast,val,18,31,Wheat___Yellow_Rust,0.15062201
R:\Developments\ARIS\Disease\Validation\Rice Blast\BLAST9_147.JPG,Rice Blast,val,18,30,Wheat___Healthy,0.15756133
R:\Developments\ARIS\Disease\Validation\Rice Blast\BLAST9_148.JPG,Rice Blast,val,18,18,Rice Blast,0.23286724
R:\Developments\ARIS\Disease\Validation\Rice Blast\BLAST9_149.JPG,Rice Blast,val,18,4,Becterial Blight in Rice,0.11975662
R:\Developments\ARIS\Disease\Validation\Rice Blast\BLAST9_150.JPG,Rice Blast,val,18,28,Wheat powdery mildew,0.14980458
R:\Developments\ARIS\Disease\Validation\Rice Blast\BLAST9_151.jpg,Rice Blast,val,18,26,Wheat leaf blight,0.2621232
R:\Developments\ARIS\Disease\Validation\Rice Blast\BLAST9_152.jpg,Rice Blast,val,18,22,Wheat Brown leaf rust,0.33447275
R:\Developments\ARIS\Disease\Validation\Rice Blast\BLAST9_153.jpg,Rice Blast,val,18,22,Wheat Brown leaf rust,0.34671244
R:\Developments\ARIS\Disease\Validation\Rice Blast\BLAST9_154.jpg,Rice Blast,val,18,22,Wheat Brown leaf rust,0.23917575
R:\Developments\ARIS\Disease\Validation\Rice Blast\BLAST9_155.jpg,Rice Blast,val,18,24,Wheat aphid,0.09461174
R:\Developments\ARIS\Disease\Validation\Rice Blast\BLAST9_156.jpg,Rice Blast,val,18,22,Wheat Brown leaf rust,0.25585675
R:\Developments\ARIS\Disease\Validation\Rice Blast\BLAST9_157.jpg,Rice Blast,val,18,22,Wheat Brown leaf rust,0.18633299
R:\Developments\ARIS\Disease\Validation\Rice Blast\BLAST9_158.jpg,Rice Blast,val,18,25,Wheat black rust,0.21728848
R:\Developments\ARIS\Disease\Validation\Rice Blast\BLAST9_159.jpg,Rice Blast,val,18,28,Wheat powdery mildew,0.22655642
R:\Developments\ARIS\Disease\Validation\Rice Blast\BLAST9_160.jpg,Rice Blast,val,18,5,Brownspot,0.32702932
R:\Developments\ARIS\Disease\Validation\Rice Blast\Image_1.jpg,Rice Blast,val,18,22,Wheat Brown leaf rust,0.3689793
R:\Developments\ARIS\Disease\Validation\Rice Blast\Image_10.jpg,Rice Blast,val,18,22,Wheat Brown leaf rust,0.20805359
R:\Developments\ARIS\Disease\Validation\Rice Blast\Image_16.jpg,Rice Blast,val,18,30,Wheat___Healthy,0.23148972
R:\Developments\ARIS\Disease\Validation\Rice Blast\Image_17.jpg,Rice Blast,val,18,22,Wheat Brown leaf rust,0.29677454
R:\Developments\ARIS\Disease\Validation\Rice Blast\Image_18.jpg,Rice Blast,val,18,22,Wheat Brown leaf rust,0.17230965
R:\Developments\ARIS\Disease\Validation\Rice Blast\Image_19.jpg,Rice Blast,val,18,28,Wheat powdery mildew,0.114670664
R:\Developments\ARIS\Disease\Validation\Rice Blast\Image_6.jpg,Rice Blast,val,18,22,Wheat Brown leaf rust,0.406602
R:\Developments\ARIS\Disease\Validation\Rice Blast\Image_7.jpg,Rice Blast,val,18,22,Wheat Brown leaf rust,0.26051578
R:\Developments\ARIS\Disease\Validation\Rice Blast\Image_9.jpg,Rice Blast,val,18,27,Wheat mite,0.15751232
R:\Developments\ARIS\Disease\Validation\Sugarcane Healthy\healthy (441).jpeg,Sugarcane Healthy,val,19,19,Sugarcane Healthy,0.54092467
R:\Developments\ARIS\Disease\Validation\Sugarcane Healthy\healthy (442).jpeg,Sugarcane Healthy,val,19,19,Sugarcane Healthy,0.43209732
R:\Developments\ARIS\Disease\Validation\Sugarcane Healthy\healthy (443).jpeg,Sugarcane Healthy,val,19,15,Mosaic sugarcane,0.24803841
R:\Developments\ARIS\Disease\Validation\Sugarcane Healthy\healthy (444).jpeg,Sugarcane Healthy,val,19,15,Mosaic sugarcane,0.42327
R:\Developments\ARIS\Disease\Validation\Sugarcane Healthy\healthy (445).jpeg,Sugarcane Healthy,val,19,15,Mosaic sugarcane,0.3867353
R:\Developments\ARIS\Disease\Validation\Sugarcane Healthy\healthy (446).jpeg,Sugarcane Healthy,val,19,19,Sugarcane Healthy,0.46570265
R:\Developments\ARIS\Disease\Validation\Sugarcane Healthy\healthy (447).jpeg,Sugarcane Healthy,val,19,19,Sugarcane Healthy,0.33167818
R:\Developments\ARIS\Disease\Validation\Sugarcane Healthy\healthy (448).jpeg,Sugarcane Healthy,val,19,19,Sugarcane Healthy,0.3429719
R:\Developments\ARIS\Disease\Validation\Sugarcane Healthy\healthy (449).jpeg,Sugarcane Healthy,val,19,15,Mosaic sugarcane,0.40428567
R:\Developments\ARIS\Disease\Validation\Sugarcane Healthy\healthy (450).jpeg,Sugarcane Healthy,val,19,33,Yellow Rust Sugarcane,0.24190772
R:\Developments\ARIS\Disease\Validation\Sugarcane Healthy\healthy (451).jpeg,Sugarcane Healthy,val,19,19,Sugarcane Healthy,0.54804176
R:\Developments\ARIS\Disease\Validation\Sugarcane Healthy\healthy (452).jpeg,Sugarcane Healthy,val,19,19,Sugarcane Healthy,0.65826756
R:\Developments\ARIS\Disease\Validation\Sugarcane Healthy\healthy (453).jpeg,Sugarcane Healthy,val,19,19,Sugarcane Healthy,0.4610301
R:\Developments\ARIS\Disease\Validation\Sugarcane Healthy\healthy (454).jpeg,Sugarcane Healthy,val,19,19,Sugarcane Healthy,0.5995069
R:\Developments\ARIS\Disease\Validation\Sugarcane Healthy\healthy (455).jpeg,Sugarcane Healthy,val,19,15,Mosaic sugarcane,0.48893428
R:\Developments\ARIS\Disease\Validation\Sugarcane Healthy\healthy (456).jpeg,Sugarcane Healthy,val,19,15,Mosaic sugarcane,0.42793354
R:\Developments\ARIS\Disease\Validation\Sugarcane Healthy\healthy (457).jpeg,Sugarcane Healthy,val,19,15,Mosaic sugarcane,0.30454198
R:\Developments\ARIS\Disease\Validation\Sugarcane Healthy\healthy (458).jpeg,Sugarcane Healthy,val,19,19,Sugarcane Healthy,0.44401494
R:\Developments\ARIS\Disease\Validation\Sugarcane Healthy\healthy (459).jpeg,Sugarcane Healthy,val,19,19,Sugarcane Healthy,0.5254355
R:\Developments\ARIS\Disease\Validation\Sugarcane Healthy\healthy (460).jpeg,Sugarcane Healthy,val,19,19,Sugarcane Healthy,0.4712948
R:\Developments\ARIS\Disease\Validation\Sugarcane Healthy\healthy (461).jpeg,Sugarcane Healthy,val,19,19,Sugarcane Healthy,0.41045833
R:\Developments\ARIS\Disease\Validation\Sugarcane Healthy\healthy (462).jpeg,Sugarcane Healthy,val,19,15,Mosaic sugarcane,0.31003287
R:\Developments\ARIS\Disease\Validation\Sugarcane Healthy\healthy (463).jpeg,Sugarcane Healthy,val,19,15,Mosaic sugarcane,0.3000987
R:\Developments\ARIS\Disease\Validation\Sugarcane Healthy\healthy (464).jpeg,Sugarcane Healthy,val,19,15,Mosaic sugarcane,0.29807445
R:\Developments\ARIS\Disease\Validation\Sugarcane Healthy\healthy (465).jpeg,Sugarcane Healthy,val,19,19,Sugarcane Healthy,0.40723363
R:\Developments\ARIS\Disease\Validation\Sugarcane Healthy\healthy (466).jpeg,Sugarcane Healthy,val,19,19,Sugarcane Healthy,0.4739367
R:\Developments\ARIS\Disease\Validation\Sugarcane Healthy\healthy (467).jpeg,Sugarcane Healthy,val,19,15,Mosaic sugarcane,0.37103525
R:\Developments\ARIS\Disease\Validation\Sugarcane Healthy\healthy (468).jpeg,Sugarcane Healthy,val,19,15,Mosaic sugarcane,0.47709993
R:\Developments\ARIS\Disease\Validation\Sugarcane Healthy\healthy (469).jpeg,Sugarcane Healthy,val,19,15,Mosaic sugarcane,0.4095373
R:\Developments\ARIS\Disease\Validation\Sugarcane Healthy\healthy (470).jpeg,Sugarcane Healthy,val,19,33,Yellow Rust Sugarcane,0.32452706
R:\Developments\ARIS\Disease\Validation\Sugarcane Healthy\healthy (471).jpeg,Sugarcane Healthy,val,19,15,Mosaic sugarcane,0.3566195
R:\Developments\ARIS\Disease\Validation\Sugarcane Healthy\healthy (472).jpeg,Sugarcane Healthy,val,19,15,Mosaic sugarcane,0.4571403
R:\Developments\ARIS\Disease\Validation\Sugarcane Healthy\healthy (473).jpeg,Sugarcane Healthy,val,19,19,Sugarcane Healthy,0.58578044
R:\Developments\ARIS\Disease\Validation\Sugarcane Healthy\healthy (474).jpeg,Sugarcane Healthy,val,19,19,Sugarcane Healthy,0.5721484
R:\Developments\ARIS\Disease\Validation\Sugarcane Healthy\healthy (475).jpeg,Sugarcane Healthy,val,19,15,Mosaic sugarcane,0.37317014
R:\Developments\ARIS\Disease\Validation\Sugarcane Healthy\healthy (476).jpeg,Sugarcane Healthy,val,19,33,Yellow Rust Sugarcane,0.33842203
R:\Developments\ARIS\Disease\Validation\Sugarcane Healthy\healthy (477).jpeg,Sugarcane Healthy,val,19,15,Mosaic sugarcane,0.355911
R:\Developments\ARIS\Disease\Validation\Sugarcane Healthy\healthy (478).jpeg,Sugarcane Healthy,val,19,15,Mosaic sugarcane,0.3219904
R:\Developments\ARIS\Disease\Validation\Sugarcane Healthy\healthy (479).jpeg,Sugarcane Healthy,val,19,19,Sugarcane Healthy,0.44150624
R:\Developments\ARIS\Disease\Validation\Sugarcane Healthy\healthy (480).jpeg,Sugarcane Healthy,val,19,15,Mosaic sugarcane,0.1583222
R:\Developments\ARIS\Disease\Validation\Sugarcane Healthy\healthy (481).jpeg,Sugarcane Healthy,val,19,19,Sugarcane Healthy,0.55097264
R:\Developments\ARIS\Disease\Validation\Sugarcane Healthy\healthy (482).jpeg,Sugarcane Healthy,val,19,19,Sugarcane Healthy,0.4543688
R:\Developments\ARIS\Disease\Validation\Sugarcane Healthy\healthy (483).jpeg,Sugarcane Healthy,val,19,19,Sugarcane Healthy,0.73940307
R:\Developments\ARIS\Disease\Validation\Sugarcane Healthy\healthy (484).jpeg,Sugarcane Healthy,val,19,15,Mosaic sugarcane,0.28412113
R:\Developments\ARIS\Disease\Validation\Sugarcane Healthy\healthy (485).jpeg,Sugarcane Healthy,val,19,15,Mosaic sugarcane,0.31179893
R:\Developments\ARIS\Disease\Validation\Sugarcane Healthy\healthy (486).jpeg,Sugarcane Healthy,val,19,19,Sugarcane Healthy,0.26326826
R:\Developments\ARIS\Disease\Validation\Sugarcane Healthy\healthy (487).jpeg,Sugarcane Healthy,val,19,15,Mosaic sugarcane,0.2970332
R:\Developments\ARIS\Disease\Validation\Sugarcane Healthy\healthy (488).jpeg,Sugarcane Healthy,val,19,15,Mosaic sugarcane,0.4882829
R:\Developments\ARIS\Disease\Validation\Sugarcane Healthy\healthy (489).jpeg,Sugarcane Healthy,val,19,16,RedRot sugarcane,0.19008787
R:\Developments\ARIS\Disease\Validation\Sugarcane Healthy\healthy (490).jpeg,Sugarcane Healthy,val,19,15,Mosaic sugarcane,0.37205926
R:\Developments\ARIS\Disease\Validation\Sugarcane Healthy\healthy (491).jpeg,Sugarcane Healthy,val,19,19,Sugarcane Healthy,0.4216188
R:\Developments\ARIS\Disease\Validation\Sugarcane Healthy\healthy (492).jpeg,Sugarcane Healthy,val,19,19,Sugarcane Healthy,0.3708284
R:\Developments\ARIS\Disease\Validation\Sugarcane Healthy\healthy (493).jpeg,Sugarcane Healthy,val,19,19,Sugarcane Healthy,0.26127854
R:\Developments\ARIS\Disease\Validation\Sugarcane Healthy\healthy (494).jpeg,Sugarcane Healthy,val,19,16,RedRot sugarcane,0.18907844
R:\Developments\ARIS\Disease\Validation\Sugarcane Healthy\healthy (495).jpeg,Sugarcane Healthy,val,19,15,Mosaic sugarcane,0.23626637
R:\Developments\ARIS\Disease\Validation\Sugarcane Healthy\healthy (496).jpeg,Sugarcane Healthy,val,19,16,RedRot sugarcane,0.20682907
R:\Developments\ARIS\Disease\Validation\Sugarcane Healthy\healthy (497).jpeg,Sugarcane Healthy,val,19,15,Mosaic sugarcane,0.3693632
R:\Developments\ARIS\Disease\Validation\Sugarcane Healthy\healthy (498).jpeg,Sugarcane Healthy,val,19,19,Sugarcane Healthy,0.24268125
R:\Developments\ARIS\Disease\Validation\Sugarcane Healthy\healthy (499).jpeg,Sugarcane Healthy,val,19,15,Mosaic sugarcane,0.25325933
R:\Developments\ARIS\Disease\Validation\Sugarcane Healthy\healthy (500).jpeg,Sugarcane Healthy,val,19,16,RedRot sugarcane,0.30451798
R:\Developments\ARIS\Disease\Validation\Sugarcane Healthy\healthy (501).jpeg,Sugarcane Healthy,val,19,16,RedRot sugarcane,0.35278305
R:\Developments\ARIS\Disease\Validation\Sugarcane Healthy\healthy (502).jpeg,Sugarcane Healthy,val,19,19,Sugarcane Healthy,0.39899933
R:\Developments\ARIS\Disease\Validation\Sugarcane Healthy\healthy (503).jpeg,Sugarcane Healthy,val,19,19,Sugarcane Healthy,0.46850792
R:\Developments\ARIS\Disease\Validation\Sugarcane Healthy\healthy (504).jpeg,Sugarcane Healthy,val,19,19,Sugarcane Healthy,0.48048928
R:\Developments\ARIS\Disease\Validation\Sugarcane Healthy\healthy (505).jpeg,Sugarcane Healthy,val,19,19,Sugarcane Healthy,0.46712148
R:\Developments\ARIS\Disease\Validation\Sugarcane Healthy\healthy (506).jpeg,Sugarcane Healthy,val,19,19,Sugarcane Healthy,0.43783554
R:\Developments\ARIS\Disease\Validation\Sugarcane Healthy\healthy (507).jpeg,Sugarcane Healthy,val,19,19,Sugarcane Healthy,0.43818292
R:\Developments\ARIS\Disease\Validation\Sugarcane Healthy\healthy (508).jpeg,Sugarcane Healthy,val,19,19,Sugarcane Healthy,0.41999713
R:\Developments\ARIS\Disease\Validation\Sugarcane Healthy\healthy (509).jpeg,Sugarcane Healthy,val,19,15,Mosaic sugarcane,0.39442447
R:\Developments\ARIS\Disease\Validation\Sugarcane Healthy\healthy (510).jpeg,Sugarcane Healthy,val,19,15,Mosaic sugarcane,0.3136647
R:\Developments\ARIS\Disease\Validation\Sugarcane Healthy\healthy (511).jpeg,Sugarcane Healthy,val,19,15,Mosaic sugarcane,0.28902337
R:\Developments\ARIS\Disease\Validation\Sugarcane Healthy\healthy (512).jpeg,Sugarcane Healthy,val,19,15,Mosaic sugarcane,0.30134353
R:\Developments\ARIS\Disease\Validation\Sugarcane Healthy\healthy (513).jpeg,Sugarcane Healthy,val,19,15,Mosaic sugarcane,0.48844886
R:\Developments\ARIS\Disease\Validation\Sugarcane Healthy\healthy (514).jpeg,Sugarcane Healthy,val,19,19,Sugarcane Healthy,0.37428948
R:\Developments\ARIS\Disease\Validation\Sugarcane Healthy\healthy (515).jpeg,Sugarcane Healthy,val,19,15,Mosaic sugarcane,0.37286186
R:\Developments\ARIS\Disease\Validation\Sugarcane Healthy\healthy (516).jpeg,Sugarcane Healthy,val,19,16,RedRot sugarcane,0.19147016
R:\Developments\ARIS\Disease\Validation\Sugarcane Healthy\healthy (517).jpeg,Sugarcane Healthy,val,19,16,RedRot sugarcane,0.22244106
R:\Developments\ARIS\Disease\Validation\Sugarcane Healthy\healthy (518).jpeg,Sugarcane Healthy,val,19,16,RedRot sugarcane,0.22687936
R:\Developments\ARIS\Disease\Validation\Sugarcane Healthy\healthy (519).jpeg,Sugarcane Healthy,val,19,15,Mosaic sugarcane,0.34112763
R:\Developments\ARIS\Disease\Validation\Sugarcane Healthy\healthy (520).jpeg,Sugarcane Healthy,val,19,15,Mosaic sugarcane,0.25373304
R:\Developments\ARIS\Disease\Validation\Sugarcane Healthy\healthy (521).jpeg,Sugarcane Healthy,val,19,15,Mosaic sugarcane,0.39753494
R:\Developments\ARIS\Disease\Validation\Sugarcane Healthy\healthy (522).jpeg,Sugarcane Healthy,val,19,19,Sugarcane Healthy,0.3867159
R:\Developments\ARIS\Disease\Validation\Sugarcane Healthy\Image_1.jpg,Sugarcane Healthy,val,19,30,Wheat___Healthy,0.15245347
R:\Developments\ARIS\Disease\Validation\Sugarcane Healthy\Image_10.jpg,Sugarcane Healthy,val,19,11,Healthy Wheat,0.2246257
R:\Developments\ARIS\Disease\Validation\Sugarcane Healthy\Image_13.jpg,Sugarcane Healthy,val,19,11,Healthy Wheat,0.16296832
R:\Developments\ARIS\Disease\Validation\Sugarcane Healthy\Image_15.jpg,Sugarcane Healthy,val,19,28,Wheat powdery mildew,0.17608367
R:\Developments\ARIS\Disease\Validation\Sugarcane Healthy\Image_18.jpg,Sugarcane Healthy,val,19,8,Flag Smut,0.18523158
R:\Developments\ARIS\Disease\Validation\Sugarcane Healthy\Image_2.jpg,Sugarcane Healthy,val,19,11,Healthy Wheat,0.2828228
R:\Developments\ARIS\Disease\Validation\Sugarcane Healthy\Image_3.jpg,Sugarcane Healthy,val,19,41,maize stem borer,0.13449267
R:\Developments\ARIS\Disease\Validation\Sugarcane Healthy\Image_4.jpg,Sugarcane Healthy,val,19,11,Healthy Wheat,0.09621336
R:\Developments\ARIS\Disease\Validation\Sugarcane Healthy\Image_5.jpg,Sugarcane Healthy,val,19,11,Healthy Wheat,0.19997835
R:\Developments\ARIS\Disease\Validation\Sugarcane Healthy\Image_6.jpg,Sugarcane Healthy,val,19,22,Wheat Brown leaf rust,0.13071673
R:\Developments\ARIS\Disease\Validation\Sugarcane Healthy\Image_7.jpg,Sugarcane Healthy,val,19,30,Wheat___Healthy,0.5346279
R:\Developments\ARIS\Disease\Validation\Sugarcane Healthy\Image_8.jpg,Sugarcane Healthy,val,19,28,Wheat powdery mildew,0.116178714
R:\Developments\ARIS\Disease\Validation\thirps on  cotton\Image_1.jpg,thirps on  cotton,val,44,22,Wheat Brown leaf rust,0.36781868
R:\Developments\ARIS\Disease\Validation\thirps on  cotton\Image_14.jpg,thirps on  cotton,val,44,36,bollworm on Cotton,0.32455203
R:\Developments\ARIS\Disease\Validation\thirps on  cotton\Image_16.jpg,thirps on  cotton,val,44,44,thirps on  cotton,0.13254507
R:\Developments\ARIS\Disease\Validation\thirps on  cotton\Image_17.jpeg,thirps on  cotton,val,44,17,RedRust sugarcane,0.15026478
R:\Developments\ARIS\Disease\Validation\thirps on  cotton\Image_18.jpg,thirps on  cotton,val,44,44,thirps on  cotton,0.17315869
R:\Developments\ARIS\Disease\Validation\thirps on  cotton\Image_19.jpg,thirps on  cotton,val,44,44,thirps on  cotton,0.7730724
R:\Developments\ARIS\Disease\Validation\thirps on  cotton\Image_2.jpg,thirps on  cotton,val,44,44,thirps on  cotton,0.35651812
R:\Developments\ARIS\Disease\Validation\thirps on  cotton\Image_20.jpg,thirps on  cotton,val,44,44,thirps on  cotton,0.18493895
R:\Developments\ARIS\Disease\Validation\thirps on  cotton\Image_21.jpg,thirps on  cotton,val,44,44,thirps on  cotton,0.4635965
R:\Developments\ARIS\Disease\Validation\thirps on  cotton\Image_22.jpg,thirps on  cotton,val,44,38,cotton whitefly,0.29788873
R:\Developments\ARIS\Disease\Validation\thirps on  cotton\Image_23.PNG,thirps on  cotton,val,44,44,thirps on  cotton,0.26326382
R:\Developments\ARIS\Disease\Validation\thirps on  cotton\Image_24.jpg,thirps on  cotton,val,44,44,thirps on  cotton,0.46509004
R:\Developments\ARIS\Disease\Validation\thirps on  cotton\Image_25.jpg,thirps on  cotton,val,44,44,thirps on  cotton,0.81936747
R:\Developments\ARIS\Disease\Validation\thirps on  cotton\Image_27.jpg,thirps on  cotton,val,44,44,thirps on  cotton,0.30195737
R:\Developments\ARIS\Disease\Validation\thirps on  cotton\Image_28.png,thirps on  cotton,val,44,1,Anthracnose on Cotton,0.1604534
R:\Developments\ARIS\Disease\Validation\thirps on  cotton\Image_29.jpg,thirps on  cotton,val,44,44,thirps on  cotton,0.24646652
R:\Developments\ARIS\Disease\Validation\thirps on  cotton\Image_3.jpeg,thirps on  cotton,val,44,44,thirps on  cotton,0.66859204
R:\Developments\ARIS\Disease\Validation\thirps on  cotton\Image_32.jpg,thirps on  cotton,val,44,44,thirps on  cotton,0.26478836
R:\Developments\ARIS\Disease\Validation\thirps on  cotton\Image_33.jpg,thirps on  cotton,val,44,35,bollrot on Cotton,0.5618885
R:\Developments\ARIS\Disease\Validation\thirps on  cotton\Image_34.jpg,thirps on  cotton,val,44,44,thirps on  cotton,0.5498483
R:\Developments\ARIS\Disease\Validation\thirps on  cotton\Image_35.jpg,thirps on  cotton,val,44,32,Wilt,0.20809676
R:\Developments\ARIS\Disease\Validation\thirps on  cotton\Image_36.jpg,thirps on  cotton,val,44,44,thirps on  cotton,0.48059878
R:\Developments\ARIS\Disease\Validation\thirps on  cotton\Image_37.jpg,thirps on  cotton,val,44,44,thirps on  cotton,0.34486935
R:\Developments\ARIS\Disease\Validation\thirps on  cotton\Image_38.jpg,thirps on  cotton,val,44,38,cotton whitefly,0.49022713
R:\Developments\ARIS\Disease\Validation\thirps on  cotton\Image_39.JPG,thirps on  cotton,val,44,38,cotton whitefly,0.2063427
R:\Developments\ARIS\Disease\Validation\thirps on  cotton\Image_4.jpg,thirps on  cotton,val,44,44,thirps on  cotton,0.8307819
R:\Developments\ARIS\Disease\Validation\thirps on  cotton\Image_40.jpg,thirps on  cotton,val,44,44,thirps on  cotton,0.15074946
R:\Developments\ARIS\Disease\Validation\thirps on  cotton\Image_41.jpg,thirps on  cotton,val,44,44,thirps on  cotton,0.7398162
R:\Developments\ARIS\Disease\Validation\thirps on  cotton\Image_43.jpg,thirps on  cotton,val,44,44,thirps on  cotton,0.8924694
R:\Developments\ARIS\Disease\Validation\thirps on  cotton\Image_44.JPG,thirps on  cotton,val,44,38,cotton whitefly,0.29003942
R:\Developments\ARIS\Disease\Validation\thirps on  cotton\Image_45.jpg,thirps on  cotton,val,44,44,thirps on  cotton,0.71377486
R:\Developments\ARIS\Disease\Validation\thirps on  cotton\Image_5.jpg,thirps on  cotton,val,44,44,thirps on  cotton,0.5860955
R:\Developments\ARIS\Disease\Validation\thirps on  cotton\Image_6.jpg,thirps on  cotton,val,44,44,thirps on  cotton,0.72779655
R:\Developments\ARIS\Disease\Validation\thirps on  cotton\Image_7.jpg,thirps on  cotton,val,44,44,thirps on  cotton,0.42371526
R:\Developments\ARIS\Disease\Validation\thirps on  cotton\Image_8.png,thirps on  cotton,val,44,44,thirps on  cotton,0.5188676
R:\Developments\ARIS\Disease\Validation\thirps on  cotton\Image_9.jpg,thirps on  cotton,val,44,44,thirps on  cotton,0.7672148
R:\Developments\ARIS\Disease\Validation\Tungro\TUNGRO1_001.jpg,Tungro,val,20,20,Tungro,0.11096064
R:\Developments\ARIS\Disease\Validation\Tungro\TUNGRO5_193.JPG,Tungro,val,20,20,Tungro,0.6233024
R:\Developments\ARIS\Disease\Validation\Tungro\TUNGRO5_194.JPG,Tungro,val,20,20,Tungro,0.7952275
R:\Developments\ARIS\Disease\Validation\Tungro\TUNGRO5_195.JPG,Tungro,val,20,20,Tungro,0.582566
R:\Developments\ARIS\Disease\Validation\Tungro\TUNGRO5_196.JPG,Tungro,val,20,20,Tungro,0.663719
R:\Developments\ARIS\Disease\Validation\Tungro\TUNGRO5_197.JPG,Tungro,val,20,20,Tungro,0.48588386
R:\Developments\ARIS\Disease\Validation\Tungro\TUNGRO5_198.JPG,Tungro,val,20,20,Tungro,0.56560606
R:\Developments\ARIS\Disease\Validation\Tungro\TUNGRO5_199.JPG,Tungro,val,20,20,Tungro,0.5608794
R:\Developments\ARIS\Disease\Validation\Tungro\TUNGRO5_200.JPG,Tungro,val,20,20,Tungro,0.62941366
R:\Developments\ARIS\Disease\Validation\Wheat aphid\1.jpg,Wheat aphid,val,24,22,Wheat Brown leaf rust,0.11901146
R:\Developments\ARIS\Disease\Validation\Wheat aphid\162.jpg,Wheat aphid,val,24,24,Wheat aphid,0.26400414
R:\Developments\ARIS\Disease\Validation\Wheat aphid\164.png,Wheat aphid,val,24,29,Wheat scab,0.45358428
R:\Developments\ARIS\Disease\Validation\Wheat aphid\17.jpg,Wheat aphid,val,24,24,Wheat aphid,0.37249818
R:\Developments\ARIS\Disease\Validation\Wheat aphid\22441.jpg,Wheat aphid,val,24,24,Wheat aphid,0.50684047
R:\Developments\ARIS\Disease\Validation\Wheat aphid\22446.jpg,Wheat aphid,val,24,24,Wheat aphid,0.22603369
R:\Developments\ARIS\Disease\Validation\Wheat aphid\22497.jpg,Wheat aphid,val,24,39,maize ear rot,0.13460062
R:\Developments\ARIS\Disease\Validation\Wheat aphid\22526.jpg,Wheat aphid,val,24,43,red cotton bug,0.30876875
R:\Developments\ARIS\Disease\Validation\Wheat aphid\22583.jpg,Wheat aphid,val,24,24,Wheat aphid,0.1729636
R:\Developments\ARIS\Disease\Validation\Wheat aphid\22585.jpg,Wheat aphid,val,24,24,Wheat aphid,0.5461344
R:\Developments\ARIS\Disease\Validation\Wheat aphid\22592.jpg,Wheat aphid,val,24,44,thirps on  cotton,0.38100517
R:\Developments\ARIS\Disease\Validation\Wheat aphid\22742.jpg,Wheat aphid,val,24,24,Wheat aphid,0.5085435
R:\Developments\ARIS\Disease\Validation\Wheat aphid\22860.jpg,Wheat aphid,val,24,24,Wheat aphid,0.4366952
R:\Developments\ARIS\Disease\Validation\Wheat aphid\22899.jpg,Wheat aphid,val,24,33,Yellow Rust Sugarcane,0.13303271
R:\Developments\ARIS\Disease\Validation\Wheat aphid\23069.jpg,Wheat aphid,val,24,29,Wheat scab,0.65669584
R:\Developments\ARIS\Disease\Validation\Wheat aphid\23071.jpg,Wheat aphid,val,24,24,Wheat aphid,0.22876716
R:\Developments\ARIS\Disease\Validation\Wheat aphid\23234.jpg,Wheat aphid,val,24,38,cotton whitefly,0.42838144
R:\Developments\ARIS\Disease\Validation\Wheat aphid\23250.jpg,Wheat aphid,val,24,14,Leaf smut,0.25430214
R:\Developments\ARIS\Disease\Validation\Wheat aphid\23258.jpg,Wheat aphid,val,24,24,Wheat aphid,0.30189136
R:\Developments\ARIS\Disease\Validation\Wheat aphid\23296.jpg,Wheat aphid,val,24,24,Wheat aphid,0.12440678
R:\Developments\ARIS\Disease\Validation\Wheat aphid\23306.jpg,Wheat aphid,val,24,14,Leaf smut,0.11805429
R:\Developments\ARIS\Disease\Validation\Wheat aphid\23315.jpg,Wheat aphid,val,24,28,Wheat powdery mildew,0.31397286
R:\Developments\ARIS\Disease\Validation\Wheat aphid\23321.jpg,Wheat aphid,val,24,24,Wheat aphid,0.35184348
R:\Developments\ARIS\Disease\Validation\Wheat aphid\23384.jpg,Wheat aphid,val,24,22,Wheat Brown leaf rust,0.18122242
R:\Developments\ARIS\Disease\Validation\Wheat aphid\23411.jpg,Wheat aphid,val,24,24,Wheat aphid,0.577789
R:\Developments\ARIS\Disease\Validation\Wheat aphid\23437.jpg,Wheat aphid,val,24,24,Wheat aphid,0.46116653
R:\Developments\ARIS\Disease\Validation\Wheat aphid\23512.jpg,Wheat aphid,val,24,22,Wheat Brown leaf rust,0.12981823
R:\Developments\ARIS\Disease\Validation\Wheat aphid\23546.jpg,Wheat aphid,val,24,27,Wheat mite,0.14584436
R:\Developments\ARIS\Disease\Validation\Wheat aphid\23635.jpg,Wheat aphid,val,24,36,bollworm on Cotton,0.09950125
R:\Developments\ARIS\Disease\Validation\Wheat aphid\23666.jpg,Wheat aphid,val,24,27,Wheat mite,0.48383328
R:\Developments\ARIS\Disease\Validation\Wheat aphid\23853.jpg,Wheat aphid,val,24,24,Wheat aphid,0.28661433
R:\Developments\ARIS\Disease\Validation\Wheat aphid\23900.jpg,Wheat aphid,val,24,27,Wheat mite,0.29688188
R:\Developments\ARIS\Disease\Validation\Wheat aphid\23905.jpg,Wheat aphid,val,24,35,bollrot on Cotton,0.29899606
R:\Developments\ARIS\Disease\Validation\Wheat aphid\24082.jpg,Wheat aphid,val,24,22,Wheat Brown leaf rust,0.22107364
R:\Developments\ARIS\Disease\Validation\Wheat aphid\24110.jpg,Wheat aphid,val,24,24,Wheat aphid,0.17608972
R:\Developments\ARIS\Disease\Validation\Wheat aphid\24111.jpg,Wheat aphid,val,24,23,Wheat Stem fly,0.23233838
R:\Developments\ARIS\Disease\Validation\Wheat aphid\44.jpg,Wheat aphid,val,24,14,Leaf smut,0.2856265
R:\Developments\ARIS\Disease\Validation\Wheat aphid\7.jpg,Wheat aphid,val,24,29,Wheat scab,0.50207585
R:\Developments\ARIS\Disease\Validation\Wheat black rust\00000605.jpg,Wheat black rust,val,25,22,Wheat Brown leaf rust,0.8011481
R:\Developments\ARIS\Disease\Validation\Wheat black rust\00000607.jpg,Wheat black rust,val,25,22,Wheat Brown leaf rust,0.8523612
R:\Developments\ARIS\Disease\Validation\Wheat black rust\00000608.jpg,Wheat black rust,val,25,22,Wheat Brown leaf rust,0.35723075
R:\Developments\ARIS\Disease\Validation\Wheat black rust\00000610.jpg,Wheat black rust,val,25,22,Wheat Brown leaf rust,0.49955484
R:\Developments\ARIS\Disease\Validation\Wheat black rust\00000611.jpg,Wheat black rust,val,25,22,Wheat Brown leaf rust,0.85276216
R:\Developments\ARIS\Disease\Validation\Wheat black rust\00000614.jpg,Wheat black rust,val,25,29,Wheat scab,0.5589424
R:\Developments\ARIS\Disease\Validation\Wheat black rust\00000615.jpg,Wheat black rust,val,25,30,Wheat___Healthy,0.22381274
R:\Developments\ARIS\Disease\Validation\Wheat black rust\00000619.jpg,Wheat black rust,val,25,25,Wheat black rust,0.28086677
R:\Developments\ARIS\Disease\Validation\Wheat black rust\00000622.jpg,Wheat black rust,val,25,22,Wheat Brown leaf rust,0.5361401
R:\Developments\ARIS\Disease\Validation\Wheat black rust\00000626.jpg,Wheat black rust,val,25,22,Wheat Brown leaf rust,0.27250496
R:\Developments\ARIS\Disease\Validation\Wheat black rust\00000628.jpg,Wheat black rust,val,25,14,Leaf smut,0.37413016
R:\Developments\ARIS\Disease\Validation\Wheat black rust\00000629.jpg,Wheat black rust,val,25,22,Wheat Brown leaf rust,0.6581103
R:\Developments\ARIS\Disease\Validation\Wheat black rust\00000631.jpg,Wheat black rust,val,25,22,Wheat Brown leaf rust,0.6626351
R:\Developments\ARIS\Disease\Validation\Wheat black rust\00000634.jpg,Wheat black rust,val,25,22,Wheat Brown leaf rust,0.79250485
R:\Developments\ARIS\Disease\Validation\Wheat black rust\00000635.jpg,Wheat black rust,val,25,22,Wheat Brown leaf rust,0.61934614
R:\Developments\ARIS\Disease\Validation\Wheat black rust\00000714.jpg,Wheat black rust,val,25,22,Wheat Brown leaf rust,0.942969
R:\Developments\ARIS\Disease\Validation\Wheat black rust\00000720.jpg,Wheat black rust,val,25,22,Wheat Brown leaf rust,0.7840746
R:\Developments\ARIS\Disease\Validation\Wheat black rust\00000722.jpg,Wheat black rust,val,25,22,Wheat Brown leaf rust,0.16863208
R:\Developments\ARIS\Disease\Validation\Wheat black rust\00000724.jpg,Wheat black rust,val,25,22,Wheat Brown leaf rust,0.3527255
R:\Developments\ARIS\Disease\Validation\Wheat black rust\00000725.jpg,Wheat black rust,val,25,22,Wheat Brown leaf rust,0.6377316
R:\Developments\ARIS\Disease\Validation\Wheat black rust\00000730.jpg,Wheat black rust,val,25,22,Wheat Brown leaf rust,0.38645872
R:\Developments\ARIS\Disease\Validation\Wheat black rust\00000732.jpg,Wheat black rust,val,25,22,Wheat Brown leaf rust,0.45088443
R:\Developments\ARIS\Disease\Validation\Wheat black rust\00000733.jpg,Wheat black rust,val,25,22,Wheat Brown leaf rust,0.47767496
R:\Developments\ARIS\Disease\Validation\Wheat black rust\00000734.jpg,Wheat black rust,val,25,28,Wheat powdery mildew,0.25403184
R:\Developments\ARIS\Disease\Validation\Wheat black rust\00000741.jpg,Wheat black rust,val,25,22,Wheat Brown leaf rust,0.7115912
R:\Developments\ARIS\Disease\Validation\Wheat black rust\00000743.jpg,Wheat black rust,val,25,21,Wheat Brown leaf Rust,0.31374398
R:\Developments\ARIS\Disease\Validation\Wheat black rust\00000745.jpg,Wheat black rust,val,25,22,Wheat Brown leaf rust,0.8297921
R:\Developments\ARIS\Disease\Validation\Wheat black rust\00000746.jpg,Wheat black rust,val,25,22,Wheat Brown leaf rust,0.30242118
R:\Developments\ARIS\Disease\Validation\Wheat black rust\00000747.jpg,Wheat black rust,val,25,25,Wheat black rust,0.28351545
R:\Developments\ARIS\Disease\Validation\Wheat black rust\00000748.jpg,Wheat black rust,val,25,22,Wheat Brown leaf rust,0.58479303
R:\Developments\ARIS\Disease\Validation\Wheat black rust\00000752.jpg,Wheat black rust,val,25,22,Wheat Brown leaf rust,0.79174155
R:\Developments\ARIS\Disease\Validation\Wheat black rust\00000754.jpg,Wheat black rust,val,25,22,Wheat Brown leaf rust,0.5432586
R:\Developments\ARIS\Disease\Validation\Wheat black rust\00000756.jpg,Wheat black rust,val,25,22,Wheat Brown leaf rust,0.74696606
R:\Developments\ARIS\Disease\Validation\Wheat black rust\00000763.jpg,Wheat black rust,val,25,22,Wheat Brown leaf rust,0.82224566
R:\Developments\ARIS\Disease\Validation\Wheat black rust\00000764.jpg,Wheat black rust,val,25,22,Wheat Brown leaf rust,0.40982294
R:\Developments\ARIS\Disease\Validation\Wheat black rust\00000920.jpg,Wheat black rust,val,25,22,Wheat Brown leaf rust,0.5423413
R:\Developments\ARIS\Disease\Validation\Wheat black rust\00000925.jpg,Wheat black rust,val,25,22,Wheat Brown leaf rust,0.1994987
R:\Developments\ARIS\Disease\Validation\Wheat black rust\00000927.jpg,Wheat black rust,val,25,22,Wheat Brown leaf rust,0.53056306
R:\Developments\ARIS\Disease\Validation\Wheat black rust\04YCE2.JPG,Wheat black rust,val,25,22,Wheat Brown leaf rust,0.4978609
R:\Developments\ARIS\Disease\Validation\Wheat black rust\3IIC89.jpg,Wheat black rust,val,25,30,Wheat___Healthy,0.6194777
R:\Developments\ARIS\Disease\Validation\Wheat black rust\3T864F.jpg,Wheat black rust,val,25,22,Wheat Brown leaf rust,0.5608731
R:\Developments\ARIS\Disease\Validation\Wheat black rust\3YKSFB.jpg,Wheat black rust,val,25,22,Wheat Brown leaf rust,0.5322179
R:\Developments\ARIS\Disease\Validation\Wheat black rust\4HPNQR.jpg,Wheat black rust,val,25,22,Wheat Brown leaf rust,0.3356339
R:\Developments\ARIS\Disease\Validation\Wheat black rust\6616DF.jpg,Wheat black rust,val,25,22,Wheat Brown leaf rust,0.38520476
R:\Developments\ARIS\Disease\Validation\Wheat black rust\6IW1HK.jpg,Wheat black rust,val,25,21,Wheat Brown leaf Rust,0.3042643
R:\Developments\ARIS\Disease\Validation\Wheat black rust\94FX3I.jpg,Wheat black rust,val,25,22,Wheat Brown leaf rust,0.4355177
R:\Developments\ARIS\Disease\Validation\Wheat black rust\AM369S.jpg,Wheat black rust,val,25,22,Wheat Brown leaf rust,0.83118963
R:\Developments\ARIS\Disease\Validation\Wheat black rust\AVFGNY.jpg,Wheat black rust,val,25,14,Leaf smut,0.33467683
R:\Developments\ARIS\Disease\Validation\Wheat black rust\CEVUE3.jpg,Wheat black rust,val,25,22,Wheat Brown leaf rust,0.50738925
R:\Developments\ARIS\Disease\Validation\Wheat black rust\CU1Z91.jpg,Wheat black rust,val,25,22,Wheat Brown leaf rust,0.5046702
R:\Developments\ARIS\Disease\Validation\Wheat black rust\DHNL92.jpg,Wheat black rust,val,25,22,Wheat Brown leaf rust,0.94934654
R:\Developments\ARIS\Disease\Validation\Wheat black rust\K1TXKT.jpg,Wheat black rust,val,25,22,Wheat Brown leaf rust,0.92594653
R:\Developments\ARIS\Disease\Validation\Wheat black rust\lolr(1).JPG,Wheat black rust,val,25,31,Wheat___Yellow_Rust,0.1775059
R:\Developments\ARIS\Disease\Validation\Wheat black rust\lolr(11).JPG,Wheat black rust,val,25,26,Wheat leaf blight,0.40168178
R:\Developments\ARIS\Disease\Validation\Wheat black rust\lolr(12).JPG,Wheat black rust,val,25,26,Wheat leaf blight,0.28663707
R:\Developments\ARIS\Disease\Validation\Wheat black rust\lolr(16).JPG,Wheat black rust,val,25,38,cotton whitefly,0.32903722
R:\Developments\ARIS\Disease\Validation\Wheat black rust\lolr(23).JPG,Wheat black rust,val,25,25,Wheat black rust,0.31794703
R:\Developments\ARIS\Disease\Validation\Wheat black rust\lolr(3).JPG,Wheat black rust,val,25,26,Wheat leaf blight,0.20375216
R:\Developments\ARIS\Disease\Validation\Wheat black rust\lolr(30).JPG,Wheat black rust,val,25,25,Wheat black rust,0.27203086
R:\Developments\ARIS\Disease\Validation\Wheat black rust\lolr(4).JPG,Wheat black rust,val,25,22,Wheat Brown leaf rust,0.14822294
R:\Developments\ARIS\Disease\Validation\Wheat black rust\lolr(41).JPG,Wheat black rust,val,25,25,Wheat black rust,0.09557638
R:\Developments\ARIS\Disease\Validation\Wheat black rust\lolr(43).JPG,Wheat black rust,val,25,25,Wheat black rust,0.3627824
R:\Developments\ARIS\Disease\Validation\Wheat black rust\lolr(44).JPG,Wheat black rust,val,25,25,Wheat black rust,0.2517897
R:\Developments\ARIS\Disease\Validation\Wheat black rust\lolr(45).JPG,Wheat black rust,val,25,25,Wheat black rust,0.2310319
R:\Developments\ARIS\Disease\Validation\Wheat black rust\lolr(47).JPG,Wheat black rust,val,25,25,Wheat black rust,0.36125675
R:\Developments\ARIS\Disease\Validation\Wheat black rust\lolr(7).JPG,Wheat black rust,val,25,26,Wheat leaf blight,0.3093576
R:\Developments\ARIS\Disease\Validation\Wheat black rust\XFPZY5.JPG,Wheat black rust,val,25,22,Wheat Brown leaf rust,0.387295
R:\Developments\ARIS\Disease\Validation\Wheat black rust\XV81OY.jpg,Wheat black rust,val,25,22,Wheat Brown leaf rust,0.65490645
R:\Developments\ARIS\Disease\Validation\Wheat black rust\Z0WJ1I.jpg,Wheat black rust,val,25,22,Wheat Brown leaf rust,0.25545853
R:\Developments\ARIS\Disease\Validation\Wheat black rust\ZZFXJM.jpg,Wheat black rust,val,25,22,Wheat Brown leaf rust,0.6120938
R:\Developments\ARIS\Disease\Validation\Wheat Brown leaf rust\00000609.jpg,Wheat Brown leaf rust,val,22,22,Wheat Brown leaf rust,0.8503587
R:\Developments\ARIS\Disease\Validation\Wheat Brown leaf rust\00000612.jpg,Wheat Brown leaf rust,val,22,22,Wheat Brown leaf rust,0.6752801
R:\Developments\ARIS\Disease\Validation\Wheat Brown leaf rust\00000623.jpg,Wheat Brown leaf rust,val,22,22,Wheat Brown leaf rust,0.9153238
R:\Developments\ARIS\Disease\Validation\Wheat Brown leaf rust\00000630.jpg,Wheat Brown leaf rust,val,22,22,Wheat Brown leaf rust,0.55372167
R:\Developments\ARIS\Disease\Validation\Wheat Brown leaf rust\00000716.jpg,Wheat Brown leaf rust,val,22,22,Wheat Brown leaf rust,0.76940924
R:\Developments\ARIS\Disease\Validation\Wheat Brown leaf rust\00000721.jpg,Wheat Brown leaf rust,val,22,22,Wheat Brown leaf rust,0.8067319
R:\Developments\ARIS\Disease\Validation\Wheat Brown leaf rust\10AFS6.jpg,Wheat Brown leaf rust,val,22,22,Wheat Brown leaf rust,0.8548921
R:\Developments\ARIS\Disease\Validation\Wheat Brown leaf rust\3TZ5AZ.jpg,Wheat Brown leaf rust,val,22,22,Wheat Brown leaf rust,0.5961999
R:\Developments\ARIS\Disease\Validation\Wheat Brown leaf rust\4NABU3.jpg,Wheat Brown leaf rust,val,22,22,Wheat Brown leaf rust,0.67979383
R:\Developments\ARIS\Disease\Validation\Wheat Brown leaf rust\76FFDO.png,Wheat Brown leaf rust,val,22,22,Wheat Brown leaf rust,0.74544173
R:\Developments\ARIS\Disease\Validation\Wheat Brown leaf rust\8PMCCH.jpg,Wheat Brown leaf rust,val,22,22,Wheat Brown leaf rust,0.5629235
R:\Developments\ARIS\Disease\Validation\Wheat Brown leaf rust\IOVN1Z.jpg,Wheat Brown leaf rust,val,22,22,Wheat Brown leaf rust,0.7216642
R:\Developments\ARIS\Disease\Validation\Wheat Brown leaf rust\QUQYBO.jpg,Wheat Brown leaf rust,val,22,22,Wheat Brown leaf rust,0.81304693
R:\Developments\ARIS\Disease\Validation\Wheat Brown leaf rust\YL98WR.jpg,Wheat Brown leaf rust,val,22,22,Wheat Brown leaf rust,0.7939419
R:\Developments\ARIS\Disease\Validation\Wheat Brown leaf rust\Z0MIMM.jpg,Wheat Brown leaf rust,val,22,22,Wheat Brown leaf rust,0.6276774
R:\Developments\ARIS\Disease\Validation\Wheat leaf blight\00002956.jpg,Wheat leaf blight,val,26,22,Wheat Brown leaf rust,0.39752355
R:\Developments\ARIS\Disease\Validation\Wheat leaf blight\00002962.jpg,Wheat leaf blight,val,26,29,Wheat scab,0.40901813
R:\Developments\ARIS\Disease\Validation\Wheat leaf blight\00002998.jpg,Wheat leaf blight,val,26,22,Wheat Brown leaf rust,0.2493356
R:\Developments\ARIS\Disease\Validation\Wheat leaf blight\00003034.jpg,Wheat leaf blight,val,26,22,Wheat Brown leaf rust,0.2792592
R:\Developments\ARIS\Disease\Validation\Wheat leaf blight\00003082.jpg,Wheat leaf blight,val,26,22,Wheat Brown leaf rust,0.19072449
R:\Developments\ARIS\Disease\Validation\Wheat leaf blight\00003196.jpg,Wheat leaf blight,val,26,22,Wheat Brown leaf rust,0.18240465
R:\Developments\ARIS\Disease\Validation\Wheat leaf blight\00003244.jpg,Wheat leaf blight,val,26,22,Wheat Brown leaf rust,0.36161938
R:\Developments\ARIS\Disease\Validation\Wheat leaf blight\00003286.jpg,Wheat leaf blight,val,26,22,Wheat Brown leaf rust,0.33480152
R:\Developments\ARIS\Disease\Validation\Wheat leaf blight\00003304.jpg,Wheat leaf blight,val,26,22,Wheat Brown leaf rust,0.52128583
R:\Developments\ARIS\Disease\Validation\Wheat leaf blight\115.jpg,Wheat leaf blight,val,26,22,Wheat Brown leaf rust,0.6251866
R:\Developments\ARIS\Disease\Validation\Wheat leaf blight\14.jpg,Wheat leaf blight,val,26,22,Wheat Brown leaf rust,0.16648631
R:\Developments\ARIS\Disease\Validation\Wheat leaf blight\145.png,Wheat leaf blight,val,26,29,Wheat scab,0.33100685
R:\Developments\ARIS\Disease\Validation\Wheat leaf blight\182.jpg,Wheat leaf blight,val,26,22,Wheat Brown leaf rust,0.1794519
R:\Developments\ARIS\Disease\Validation\Wheat leaf blight\31.jpg,Wheat leaf blight,val,26,26,Wheat leaf blight,0.1518743
R:\Developments\ARIS\Disease\Validation\Wheat leaf blight\34.jpg,Wheat leaf blight,val,26,30,Wheat___Healthy,0.14293176
R:\Developments\ARIS\Disease\Validation\Wheat leaf blight\los(15).JPG,Wheat leaf blight,val,26,26,Wheat leaf blight,0.7275968
R:\Developments\ARIS\Disease\Validation\Wheat leaf blight\los(16).JPG,Wheat leaf blight,val,26,26,Wheat leaf blight,0.63817734
R:\Developments\ARIS\Disease\Validation\Wheat leaf blight\los(20).JPG,Wheat leaf blight,val,26,26,Wheat leaf blight,0.5696439
R:\Developments\ARIS\Disease\Validation\Wheat leaf blight\los(23).JPG,Wheat leaf blight,val,26,26,Wheat leaf blight,0.7341216
R:\Developments\ARIS\Disease\Validation\Wheat leaf blight\los(24).JPG,Wheat leaf blight,val,26,26,Wheat leaf blight,0.8909028
R:\Developments\ARIS\Disease\Validation\Wheat leaf blight\los(29).JPG,Wheat leaf blight,val,26,26,Wheat leaf blight,0.93417245
R:\Developments\ARIS\Disease\Validation\Wheat leaf blight\los(36).JPG,Wheat leaf blight,val,26,26,Wheat leaf blight,0.79834014
R:\Developments\ARIS\Disease\Validation\Wheat leaf blight\los(4).JPG,Wheat leaf blight,val,26,26,Wheat leaf blight,0.1764309
R:\Developments\ARIS\Disease\Validation\Wheat leaf blight\los(48).JPG,Wheat leaf blight,val,26,26,Wheat leaf blight,0.9569526
R:\Developments\ARIS\Disease\Validation\Wheat leaf blight\los(5).JPG,Wheat leaf blight,val,26,26,Wheat leaf blight,0.54199815
R:\Developments\ARIS\Disease\Validation\Wheat leaf blight\los(61).JPG,Wheat leaf blight,val,26,26,Wheat leaf blight,0.8920267
R:\Developments\ARIS\Disease\Validation\Wheat leaf blight\los(62).JPG,Wheat leaf blight,val,26,26,Wheat leaf blight,0.91713935
R:\Developments\ARIS\Disease\Validation\Wheat leaf blight\los(65).JPG,Wheat leaf blight,val,26,26,Wheat leaf blight,0.8876595
R:\Developments\ARIS\Disease\Validation\Wheat leaf blight\los(67).JPG,Wheat leaf blight,val,26,26,Wheat leaf blight,0.93956643
R:\Developments\ARIS\Disease\Validation\Wheat leaf blight\los(72).JPG,Wheat leaf blight,val,26,26,Wheat leaf blight,0.9627271
R:\Developments\ARIS\Disease\Validation\Wheat leaf blight\los(73).JPG,Wheat leaf blight,val,26,26,Wheat leaf blight,0.9120547
R:\Developments\ARIS\Disease\Validation\Wheat leaf blight\los(75).JPG,Wheat leaf blight,val,26,26,Wheat leaf blight,0.84083647
R:\Developments\ARIS\Disease\Validation\Wheat leaf blight\los(89).JPG,Wheat leaf blight,val,26,26,Wheat leaf blight,0.5969301
R:\Developments\ARIS\Disease\Validation\Wheat leaf blight\los(92).JPG,Wheat leaf blight,val,26,26,Wheat leaf blight,0.63656074
R:\Developments\ARIS\Disease\Validation\Wheat leaf blight\los(94).JPG,Wheat leaf blight,val,26,26,Wheat leaf blight,0.6305818
R:\Developments\ARIS\Disease\Validation\Wheat mite\24605.jpg,Wheat mite,val,27,14,Leaf smut,0.30383763
R:\Developments\ARIS\Disease\Validation\Wheat mite\24633.jpg,Wheat mite,val,27,41,maize stem borer,0.09822554
R:\Developments\ARIS\Disease\Validation\Wheat mite\24642.jpg,Wheat mite,val,27,14,Leaf smut,0.18977357
R:\Developments\ARIS\Disease\Validation\Wheat mite\24646.jpg,Wheat mite,val,27,27,Wheat mite,0.8483832
R:\Developments\ARIS\Disease\Validation\Wheat mite\24650.jpg,Wheat mite,val,27,27,Wheat mite,0.9350083
R:\Developments\ARIS\Disease\Validation\Wheat mite\24658.jpg,Wheat mite,val,27,27,Wheat mite,0.26366255
R:\Developments\ARIS\Disease\Validation\Wheat mite\24659.jpg,Wheat mite,val,27,27,Wheat mite,0.7927413
R:\Developments\ARIS\Disease\Validation\Wheat mite\24669.jpg,Wheat mite,val,27,27,Wheat mite,0.9337151
R:\Developments\ARIS\Disease\Validation\Wheat mite\24672.jpg,Wheat mite,val,27,44,thirps on  cotton,0.26272276
R:\Developments\ARIS\Disease\Validation\Wheat mite\24676.jpg,Wheat mite,val,27,27,Wheat mite,0.7890353
R:\Developments\ARIS\Disease\Validation\Wheat mite\24679.jpg,Wheat mite,val,27,40,maize fall armyworm,0.17096947
R:\Developments\ARIS\Disease\Validation\Wheat mite\24692.jpg,Wheat mite,val,27,27,Wheat mite,0.25722378
R:\Developments\ARIS\Disease\Validation\Wheat mite\24693.jpg,Wheat mite,val,27,27,Wheat mite,0.7876749
R:\Developments\ARIS\Disease\Validation\Wheat mite\24697.jpg,Wheat mite,val,27,30,Wheat___Healthy,0.40796125
R:\Developments\ARIS\Disease\Validation\Wheat mite\24700.jpg,Wheat mite,val,27,27,Wheat mite,0.38963953
R:\Developments\ARIS\Disease\Validation\Wheat mite\24703.jpg,Wheat mite,val,27,27,Wheat mite,0.2305935
R:\Developments\ARIS\Disease\Validation\Wheat mite\24707.jpg,Wheat mite,val,27,27,Wheat mite,0.5279288
R:\Developments\ARIS\Disease\Validation\Wheat mite\24720.jpg,Wheat mite,val,27,27,Wheat mite,0.8768757
R:\Developments\ARIS\Disease\Validation\Wheat mite\24724.jpg,Wheat mite,val,27,27,Wheat mite,0.7512981
R:\Developments\ARIS\Disease\Validation\Wheat mite\24729.jpg,Wheat mite,val,27,27,Wheat mite,0.8901007
R:\Developments\ARIS\Disease\Validation\Wheat mite\24739.jpg,Wheat mite,val,27,27,Wheat mite,0.9058742
R:\Developments\ARIS\Disease\Validation\Wheat mite\24749.jpg,Wheat mite,val,27,27,Wheat mite,0.51303005
R:\Developments\ARIS\Disease\Validation\Wheat mite\24756.jpg,Wheat mite,val,27,27,Wheat mite,0.45144558
R:\Developments\ARIS\Disease\Validation\Wheat mite\24773.jpg,Wheat mite,val,27,36,bollworm on Cotton,0.343362
R:\Developments\ARIS\Disease\Validation\Wheat mite\24784.jpg,Wheat mite,val,27,27,Wheat mite,0.77496046
R:\Developments\ARIS\Disease\Validation\Wheat mite\24788.jpg,Wheat mite,val,27,22,Wheat Brown leaf rust,0.18730928
R:\Developments\ARIS\Disease\Validation\Wheat mite\24796.jpg,Wheat mite,val,27,23,Wheat Stem fly,0.18415034
R:\Developments\ARIS\Disease\Validation\Wheat mite\24800.jpg,Wheat mite,val,27,27,Wheat mite,0.35850668
R:\Developments\ARIS\Disease\Validation\Wheat mite\24802.jpg,Wheat mite,val,27,27,Wheat mite,0.5102539
R:\Developments\ARIS\Disease\Validation\Wheat mite\24811.jpg,Wheat mite,val,27,27,Wheat mite,0.9481165
R:\Developments\ARIS\Disease\Validation\Wheat mite\24817.jpg,Wheat mite,val,27,22,Wheat Brown leaf rust,0.30414745
R:\Developments\ARIS\Disease\Validation\Wheat mite\24820.jpg,Wheat mite,val,27,14,Leaf smut,0.50285476
R:\Developments\ARIS\Disease\Validation\Wheat mite\24822.jpg,Wheat mite,val,27,44,thirps on  cotton,0.26601592
R:\Developments\ARIS\Disease\Validation\Wheat mite\24825.jpg,Wheat mite,val,27,27,Wheat mite,0.78305364
R:\Developments\ARIS\Disease\Validation\Wheat mite\24826.jpg,Wheat mite,val,27,27,Wheat mite,0.83241415
R:\Developments\ARIS\Disease\Validation\Wheat mite\24828.jpg,Wheat mite,val,27,27,Wheat mite,0.40246823
R:\Developments\ARIS\Disease\Validation\Wheat mite\24830.jpg,Wheat mite,val,27,27,Wheat mite,0.9125247
R:\Developments\ARIS\Disease\Validation\Wheat mite\24832.jpg,Wheat mite,val,27,27,Wheat mite,0.20812763
R:\Developments\ARIS\Disease\Validation\Wheat powdery mildew\00001249.jpg,Wheat powdery mildew,val,28,28,Wheat powdery mildew,0.42168418
R:\Developments\ARIS\Disease\Validation\Wheat powdery mildew\00001252.jpg,Wheat powdery mildew,val,28,28,Wheat powdery mildew,0.41473457
R:\Developments\ARIS\Disease\Validation\Wheat powdery mildew\00001254.jpg,Wheat powdery mildew,val,28,30,Wheat___Healthy,0.29485074
R:\Developments\ARIS\Disease\Validation\Wheat powdery mildew\00001256.jpg,Wheat powdery mildew,val,28,22,Wheat Brown leaf rust,0.33103505
R:\Developments\ARIS\Disease\Validation\Wheat powdery mildew\00001262.jpg,Wheat powdery mildew,val,28,8,Flag Smut,0.3329763
R:\Developments\ARIS\Disease\Validation\Wheat powdery mildew\00001268.jpg,Wheat powdery mildew,val,28,28,Wheat powdery mildew,0.40833202
R:\Developments\ARIS\Disease\Validation\Wheat powdery mildew\00001275.jpg,Wheat powdery mildew,val,28,30,Wheat___Healthy,0.19962394
R:\Developments\ARIS\Disease\Validation\Wheat powdery mildew\00001285.jpg,Wheat powdery mildew,val,28,28,Wheat powdery mildew,0.47334266
R:\Developments\ARIS\Disease\Validation\Wheat powdery mildew\00001287.jpg,Wheat powdery mildew,val,28,28,Wheat powdery mildew,0.22098507
R:\Developments\ARIS\Disease\Validation\Wheat powdery mildew\00001292.jpg,Wheat powdery mildew,val,28,28,Wheat powdery mildew,0.21709518
R:\Developments\ARIS\Disease\Validation\Wheat powdery mildew\00001294.jpg,Wheat powdery mildew,val,28,22,Wheat Brown leaf rust,0.26674005
R:\Developments\ARIS\Disease\Validation\Wheat powdery mildew\00001300.jpg,Wheat powdery mildew,val,28,22,Wheat Brown leaf rust,0.42056036
R:\Developments\ARIS\Disease\Validation\Wheat powdery mildew\00001303.jpg,Wheat powdery mildew,val,28,28,Wheat powdery mildew,0.6649395
R:\Developments\ARIS\Disease\Validation\Wheat powdery mildew\00001312.jpg,Wheat powdery mildew,val,28,28,Wheat powdery mildew,0.51612574
R:\Developments\ARIS\Disease\Validation\Wheat powdery mildew\00001316.jpg,Wheat powdery mildew,val,28,28,Wheat powdery mildew,0.2791647
R:\Developments\ARIS\Disease\Validation\Wheat powdery mildew\00001318.jpg,Wheat powdery mildew,val,28,22,Wheat Brown leaf rust,0.3538278
R:\Developments\ARIS\Disease\Validation\Wheat powdery mildew\00001322.jpg,Wheat powdery mildew,val,28,28,Wheat powdery mildew,0.52432096
R:\Developments\ARIS\Disease\Validation\Wheat powdery mildew\00001326.jpg,Wheat powdery mildew,val,28,28,Wheat powdery mildew,0.44926667
R:\Developments\ARIS\Disease\Validation\Wheat powdery mildew\00001355.jpg,Wheat powdery mildew,val,28,28,Wheat powdery mildew,0.50727385
R:\Developments\ARIS\Disease\Validation\Wheat powdery mildew\00001360.jpg,Wheat powdery mildew,val,28,28,Wheat powdery mildew,0.5396268
R:\Developments\ARIS\Disease\Validation\Wheat powdery mildew\00001374.jpg,Wheat powdery mildew,val,28,28,Wheat powdery mildew,0.26377246
R:\Developments\ARIS\Disease\Validation\Wheat powdery mildew\00001376.jpg,Wheat powdery mildew,val,28,28,Wheat powdery mildew,0.24387336
R:\Developments\ARIS\Disease\Validation\Wheat powdery mildew\00001377.jpg,Wheat powdery mildew,val,28,28,Wheat powdery mildew,0.30527085
R:\Developments\ARIS\Disease\Validation\Wheat powdery mildew\00001397.jpg,Wheat powdery mildew,val,28,28,Wheat powdery mildew,0.204175
R:\Developments\ARIS\Disease\Validation\Wheat powdery mildew\00001407.jpg,Wheat powdery mildew,val,28,28,Wheat powdery mildew,0.6432616
R:\Developments\ARIS\Disease\Validation\Wheat powdery mildew\00001409.jpg,Wheat powdery mildew,val,28,28,Wheat powdery mildew,0.5251377
R:\Developments\ARIS\Disease\Validation\Wheat powdery mildew\00001411.jpg,Wheat powdery mildew,val,28,17,RedRust sugarcane,0.119923495
R:\Developments\ARIS\Disease\Validation\Wheat powdery mildew\00001412.jpg,Wheat powdery mildew,val,28,28,Wheat powdery mildew,0.4003695
R:\Developments\ARIS\Disease\Validation\Wheat powdery mildew\00001432.jpg,Wheat powdery mildew,val,28,28,Wheat powdery mildew,0.32244703
R:\Developments\ARIS\Disease\Validation\Wheat powdery mildew\00001434.jpg,Wheat powdery mildew,val,28,22,Wheat Brown leaf rust,0.17724353
R:\Developments\ARIS\Disease\Validation\Wheat powdery mildew\00001439.jpg,Wheat powdery mildew,val,28,14,Leaf smut,0.31729198
R:\Developments\ARIS\Disease\Validation\Wheat powdery mildew\00001440.jpg,Wheat powdery mildew,val,28,22,Wheat Brown leaf rust,0.19745995
R:\Developments\ARIS\Disease\Validation\Wheat powdery mildew\00001446.jpg,Wheat powdery mildew,val,28,30,Wheat___Healthy,0.3120908
R:\Developments\ARIS\Disease\Validation\Wheat powdery mildew\00001450.jpg,Wheat powdery mildew,val,28,22,Wheat Brown leaf rust,0.26265743
R:\Developments\ARIS\Disease\Validation\Wheat powdery mildew\00001457.jpg,Wheat powdery mildew,val,28,22,Wheat Brown leaf rust,0.36343476
R:\Developments\ARIS\Disease\Validation\Wheat powdery mildew\00001465.jpg,Wheat powdery mildew,val,28,22,Wheat Brown leaf rust,0.27574393
R:\Developments\ARIS\Disease\Validation\Wheat powdery mildew\00001467.jpg,Wheat powdery mildew,val,28,28,Wheat powdery mildew,0.21431895
R:\Developments\ARIS\Disease\Validation\Wheat powdery mildew\00001469.jpg,Wheat powdery mildew,val,28,22,Wheat Brown leaf rust,0.4421862
R:\Developments\ARIS\Disease\Validation\Wheat powdery mildew\00001475.jpg,Wheat powdery mildew,val,28,28,Wheat powdery mildew,0.25517228
R:\Developments\ARIS\Disease\Validation\Wheat powdery mildew\00001488.jpg,Wheat powdery mildew,val,28,22,Wheat Brown leaf rust,0.16095008
R:\Developments\ARIS\Disease\Validation\Wheat powdery mildew\00001504.jpg,Wheat powdery mildew,val,28,22,Wheat Brown leaf rust,0.27324206
R:\Developments\ARIS\Disease\Validation\Wheat powdery mildew\00001514.jpg,Wheat powdery mildew,val,28,28,Wheat powdery mildew,0.43225896
R:\Developments\ARIS\Disease\Validation\Wheat scab\00002577.jpg,Wheat scab,val,29,29,Wheat scab,0.8698399
R:\Developments\ARIS\Disease\Validation\Wheat scab\00002591.jpg,Wheat scab,val,29,29,Wheat scab,0.7269058
R:\Developments\ARIS\Disease\Validation\Wheat scab\00002609.jpg,Wheat scab,val,29,29,Wheat scab,0.9155595
R:\Developments\ARIS\Disease\Validation\Wheat scab\00002647.jpg,Wheat scab,val,29,29,Wheat scab,0.78192854
R:\Developments\ARIS\Disease\Validation\Wheat scab\00002657.jpg,Wheat scab,val,29,29,Wheat scab,0.5317022
R:\Developments\ARIS\Disease\Validation\Wheat scab\00002686.jpg,Wheat scab,val,29,29,Wheat scab,0.7353968
R:\Developments\ARIS\Disease\Validation\Wheat scab\00002697.jpg,Wheat scab,val,29,29,Wheat scab,0.72015285
R:\Developments\ARIS\Disease\Validation\Wheat scab\00002717.jpg,Wheat scab,val,29,29,Wheat scab,0.8135207
R:\Developments\ARIS\Disease\Validation\Wheat scab\00002728.jpg,Wheat scab,val,29,29,Wheat scab,0.5651234
R:\Developments\ARIS\Disease\Validation\Wheat scab\00002756.jpg,Wheat scab,val,29,29,Wheat scab,0.8195462
R:\Developments\ARIS\Disease\Validation\Wheat scab\00002835.jpg,Wheat scab,val,29,29,Wheat scab,0.8213498
R:\Developments\ARIS\Disease\Validation\Wheat scab\00002845.jpg,Wheat scab,val,29,29,Wheat scab,0.39222845
R:\Developments\ARIS\Disease\Validation\Wheat scab\00002863.jpg,Wheat scab,val,29,29,Wheat scab,0.42132494
R:\Developments\ARIS\Disease\Validation\Wheat scab\00002889.jpg,Wheat scab,val,29,29,Wheat scab,0.839869
R:\Developments\ARIS\Disease\Validation\Wheat scab\00002908.jpg,Wheat scab,val,29,29,Wheat scab,0.86077803
R:\Developments\ARIS\Disease\Validation\Wheat scab\00002929.jpg,Wheat scab,val,29,29,Wheat scab,0.80974644
R:\Developments\ARIS\Disease\Validation\Wheat scab\160.jpg,Wheat scab,val,29,29,Wheat scab,0.86796427
R:\Developments\ARIS\Disease\Validation\Wheat scab\182.jpg,Wheat scab,val,29,29,Wheat scab,0.6152363
R:\Developments\ARIS\Disease\Validation\Wheat scab\211.png,Wheat scab,val,29,29,Wheat scab,0.6185244
R:\Developments\ARIS\Disease\Validation\Wheat scab\215.jpg,Wheat scab,val,29,29,Wheat scab,0.8022775
R:\Developments\ARIS\Disease\Validation\Wheat scab\26.jpg,Wheat scab,val,29,29,Wheat scab,0.7112713
R:\Developments\ARIS\Disease\Validation\Wheat scab\262.jpg,Wheat scab,val,29,29,Wheat scab,0.3434595
R:\Developments\ARIS\Disease\Validation\Wheat scab\337.jpeg,Wheat scab,val,29,29,Wheat scab,0.5635831
R:\Developments\ARIS\Disease\Validation\Wheat Stem fly\25375.jpg,Wheat Stem fly,val,23,23,Wheat Stem fly,0.46807206
R:\Developments\ARIS\Disease\Validation\Wheat Stem fly\25376.jpg,Wheat Stem fly,val,23,19,Sugarcane Healthy,0.10094911
R:\Developments\ARIS\Disease\Validation\Wheat Stem fly\25379.jpg,Wheat Stem fly,val,23,23,Wheat Stem fly,0.37203383
R:\Developments\ARIS\Disease\Validation\Wheat Stem fly\25380.jpg,Wheat Stem fly,val,23,23,Wheat Stem fly,0.6952939
R:\Developments\ARIS\Disease\Validation\Wheat Stem fly\25383.jpg,Wheat Stem fly,val,23,23,Wheat Stem fly,0.5568263
R:\Developments\ARIS\Disease\Validation\Wheat Stem fly\25385.jpg,Wheat Stem fly,val,23,2,Army worm,0.15727443
R:\Developments\ARIS\Disease\Validation\Wheat Stem fly\25386.jpg,Wheat Stem fly,val,23,23,Wheat Stem fly,0.1313958
R:\Developments\ARIS\Disease\Validation\Wheat Stem fly\25387.jpg,Wheat Stem fly,val,23,23,Wheat Stem fly,0.17446513
R:\Developments\ARIS\Disease\Validation\Wheat Stem fly\25388.jpg,Wheat Stem fly,val,23,23,Wheat Stem fly,0.7523735
R:\Developments\ARIS\Disease\Validation\Wheat Stem fly\25389.jpg,Wheat Stem fly,val,23,23,Wheat Stem fly,0.38255253
R:\Developments\ARIS\Disease\Validation\Wheat Stem fly\25391.jpg,Wheat Stem fly,val,23,28,Wheat powdery mildew,0.29681817
R:\Developments\ARIS\Disease\Validation\Wheat Stem fly\25393.jpg,Wheat Stem fly,val,23,23,Wheat Stem fly,0.4541019
R:\Developments\ARIS\Disease\Validation\Wheat Stem fly\25395.jpg,Wheat Stem fly,val,23,23,Wheat Stem fly,0.18231128
R:\Developments\ARIS\Disease\Validation\Wheat Stem fly\25397.jpg,Wheat Stem fly,val,23,14,Leaf smut,0.19280195
R:\Developments\ARIS\Disease\Validation\Wheat Stem fly\25398.jpg,Wheat Stem fly,val,23,23,Wheat Stem fly,0.48983693
R:\Developments\ARIS\Disease\Validation\Wheat Stem fly\25399.jpg,Wheat Stem fly,val,23,43,red cotton bug,0.7415573
R:\Developments\ARIS\Disease\Validation\Wheat Stem fly\25401.jpg,Wheat Stem fly,val,23,29,Wheat scab,0.25540987
R:\Developments\ARIS\Disease\Validation\Wheat Stem fly\25402.jpg,Wheat Stem fly,val,23,28,Wheat powdery mildew,0.17997949
R:\Developments\ARIS\Disease\Validation\Wheat Stem fly\25408.jpg,Wheat Stem fly,val,23,23,Wheat Stem fly,0.52950925
R:\Developments\ARIS\Disease\Validation\Wheat Stem fly\25411.jpg,Wheat Stem fly,val,23,43,red cotton bug,0.31615198
R:\Developments\ARIS\Disease\Validation\Wheat Stem fly\25413.jpg,Wheat Stem fly,val,23,23,Wheat Stem fly,0.4166794
R:\Developments\ARIS\Disease\Validation\Wheat Stem fly\25416.jpg,Wheat Stem fly,val,23,22,Wheat Brown leaf rust,0.1470639
R:\Developments\ARIS\Disease\Validation\Wheat Stem fly\25417.jpg,Wheat Stem fly,val,23,22,Wheat Brown leaf rust,0.09946543
R:\Developments\ARIS\Disease\Validation\Wheat Stem fly\25419.jpg,Wheat Stem fly,val,23,29,Wheat scab,0.18980628
R:\Developments\ARIS\Disease\Validation\Wheat Stem fly\25424.jpg,Wheat Stem fly,val,23,23,Wheat Stem fly,0.35341966
R:\Developments\ARIS\Disease\Validation\Wheat Stem fly\25428.jpg,Wheat Stem fly,val,23,23,Wheat Stem fly,0.45712814
R:\Developments\ARIS\Disease\Validation\Wheat Stem fly\25434.jpg,Wheat Stem fly,val,23,23,Wheat Stem fly,0.4296209
R:\Developments\ARIS\Disease\Validation\Wheat Stem fly\25437.jpg,Wheat Stem fly,val,23,43,red cotton bug,0.30867335
R:\Developments\ARIS\Disease\Validation\Wheat Stem fly\25441.jpg,Wheat Stem fly,val,23,14,Leaf smut,0.22096638
R:\Developments\ARIS\Disease\Validation\Wheat Stem fly\25443.jpg,Wheat Stem fly,val,23,23,Wheat Stem fly,0.36312267
R:\Developments\ARIS\Disease\Validation\Wheat Stem fly\25449.jpg,Wheat Stem fly,val,23,23,Wheat Stem fly,0.47879282
R:\Developments\ARIS\Disease\Validation\Wheat Stem fly\25451.jpg,Wheat Stem fly,val,23,23,Wheat Stem fly,0.3364358
R:\Developments\ARIS\Disease\Validation\Wheat Stem fly\25454.jpg,Wheat Stem fly,val,23,24,Wheat aphid,0.1856513
R:\Developments\ARIS\Disease\Validation\Wheat Stem fly\25456.jpg,Wheat Stem fly,val,23,43,red cotton bug,0.77918124
R:\Developments\ARIS\Disease\Validation\Wheat Stem fly\25466.jpg,Wheat Stem fly,val,23,23,Wheat Stem fly,0.22983181
R:\Developments\ARIS\Disease\Validation\Wheat Stem fly\25468.jpg,Wheat Stem fly,val,23,23,Wheat Stem fly,0.6158624
R:\Developments\ARIS\Disease\Validation\Wheat Stem fly\25469.jpg,Wheat Stem fly,val,23,23,Wheat Stem fly,0.15452756
R:\Developments\ARIS\Disease\Validation\Wheat Stem fly\25470.jpg,Wheat Stem fly,val,23,38,cotton whitefly,0.17006896
R:\Developments\ARIS\Disease\Validation\Wheat Stem fly\25472.jpg,Wheat Stem fly,val,23,23,Wheat Stem fly,0.4391698
R:\Developments\ARIS\Disease\Validation\Wheat Stem fly\25474.jpg,Wheat Stem fly,val,23,23,Wheat Stem fly,0.62936014
R:\Developments\ARIS\Disease\Validation\Wheat Stem fly\25475.jpg,Wheat Stem fly,val,23,14,Leaf smut,0.17858995
R:\Developments\ARIS\Disease\Validation\Wheat Stem fly\25476.jpg,Wheat Stem fly,val,23,14,Leaf smut,0.15327828
R:\Developments\ARIS\Disease\Validation\Wheat Stem fly\25480.jpg,Wheat Stem fly,val,23,2,Army worm,0.17560841
R:\Developments\ARIS\Disease\Validation\Wheat Stem fly\25488.jpg,Wheat Stem fly,val,23,28,Wheat powdery mildew,0.37233433
R:\Developments\ARIS\Disease\Validation\Wheat Stem fly\25490.jpg,Wheat Stem fly,val,23,29,Wheat scab,0.20767434
R:\Developments\ARIS\Disease\Validation\Wheat Stem fly\25491.jpg,Wheat Stem fly,val,23,23,Wheat Stem fly,0.41130462
R:\Developments\ARIS\Disease\Validation\Wheat Stem fly\25496.jpg,Wheat Stem fly,val,23,22,Wheat Brown leaf rust,0.3905457
R:\Developments\ARIS\Disease\Validation\Wheat Stem fly\25497.jpg,Wheat Stem fly,val,23,41,maize stem borer,0.22298037
R:\Developments\ARIS\Disease\Validation\Wheat Stem fly\25663.jpg,Wheat Stem fly,val,23,23,Wheat Stem fly,0.3224862
R:\Developments\ARIS\Disease\Validation\Wheat Stem fly\25664.jpg,Wheat Stem fly,val,23,23,Wheat Stem fly,0.4327494
R:\Developments\ARIS\Disease\Validation\Wheat Stem fly\25665.jpg,Wheat Stem fly,val,23,23,Wheat Stem fly,0.14366475
R:\Developments\ARIS\Disease\Validation\Wheat Stem fly\25666.jpg,Wheat Stem fly,val,23,23,Wheat Stem fly,0.6137835
R:\Developments\ARIS\Disease\Validation\Wheat Stem fly\25667.jpg,Wheat Stem fly,val,23,23,Wheat Stem fly,0.14631788
R:\Developments\ARIS\Disease\Validation\Wheat Stem fly\25669.jpg,Wheat Stem fly,val,23,23,Wheat Stem fly,0.52901906
R:\Developments\ARIS\Disease\Validation\Wheat Stem fly\25670.jpg,Wheat Stem fly,val,23,23,Wheat Stem fly,0.70508355
R:\Developments\ARIS\Disease\Validation\Wheat Stem fly\25671.jpg,Wheat Stem fly,val,23,23,Wheat Stem fly,0.5312398
R:\Developments\ARIS\Disease\Validation\Wheat Stem fly\25672.jpg,Wheat Stem fly,val,23,23,Wheat Stem fly,0.398862
R:\Developments\ARIS\Disease\Validation\Wheat Stem fly\25673.jpg,Wheat Stem fly,val,23,23,Wheat Stem fly,0.5307277
R:\Developments\ARIS\Disease\Validation\Wheat Stem fly\25674.jpg,Wheat Stem fly,val,23,23,Wheat Stem fly,0.6804932
R:\Developments\ARIS\Disease\Validation\Wheat Stem fly\25675.jpg,Wheat Stem fly,val,23,43,red cotton bug,0.57216835
R:\Developments\ARIS\Disease\Validation\Wheat Stem fly\25710.jpg,Wheat Stem fly,val,23,44,thirps on  cotton,0.20771737
R:\Developments\ARIS\Disease\Validation\Wheat Stem fly\25712.jpg,Wheat Stem fly,val,23,23,Wheat Stem fly,0.23745298
R:\Developments\ARIS\Disease\Validation\Wheat___Yellow_Rust\Yellow_rust1141.jpg,Wheat___Yellow_Rust,val,31,31,Wheat___Yellow_Rust,0.65229315
R:\Developments\ARIS\Disease\Validation\Wheat___Yellow_Rust\Yellow_rust1142.jpg,Wheat___Yellow_Rust,val,31,31,Wheat___Yellow_Rust,0.8861795
R:\Developments\ARIS\Disease\Validation\Wheat___Yellow_Rust\Yellow_rust1143.jpg,Wheat___Yellow_Rust,val,31,31,Wheat___Yellow_Rust,0.9109357
R:\Developments\ARIS\Disease\Validation\Wheat___Yellow_Rust\Yellow_rust1144.jpg,Wheat___Yellow_Rust,val,31,31,Wheat___Yellow_Rust,0.9166538
R:\Developments\ARIS\Disease\Validation\Wheat___Yellow_Rust\Yellow_rust1145.jpg,Wheat___Yellow_Rust,val,31,31,Wheat___Yellow_Rust,0.8893662
R:\Developments\ARIS\Disease\Validation\Wheat___Yellow_Rust\Yellow_rust1146.jpg,Wheat___Yellow_Rust,val,31,31,Wheat___Yellow_Rust,0.9204585
R:\Developments\ARIS\Disease\Validation\Wheat___Yellow_Rust\Yellow_rust1147.jpg,Wheat___Yellow_Rust,val,31,31,Wheat___Yellow_Rust,0.4352386
R:\Developments\ARIS\Disease\Validation\Wheat___Yellow_Rust\Yellow_rust1148.jpg,Wheat___Yellow_Rust,val,31,31,Wheat___Yellow_Rust,0.9452939
R:\Developments\ARIS\Disease\Validation\Wheat___Yellow_Rust\Yellow_rust1149.jpg,Wheat___Yellow_Rust,val,31,31,Wheat___Yellow_Rust,0.7951955
R:\Developments\ARIS\Disease\Validation\Wheat___Yellow_Rust\Yellow_rust1150.jpg,Wheat___Yellow_Rust,val,31,31,Wheat___Yellow_Rust,0.51502484
R:\Developments\ARIS\Disease\Validation\Wheat___Yellow_Rust\Yellow_rust1151.jpg,Wheat___Yellow_Rust,val,31,31,Wheat___Yellow_Rust,0.5650456
R:\Developments\ARIS\Disease\Validation\Wheat___Yellow_Rust\Yellow_rust1152.jpg,Wheat___Yellow_Rust,val,31,31,Wheat___Yellow_Rust,0.91248274
R:\Developments\ARIS\Disease\Validation\Wheat___Yellow_Rust\Yellow_rust1153.jpg,Wheat___Yellow_Rust,val,31,31,Wheat___Yellow_Rust,0.77320987
R:\Developments\ARIS\Disease\Validation\Wheat___Yellow_Rust\Yellow_rust1154.jpg,Wheat___Yellow_Rust,val,31,31,Wheat___Yellow_Rust,0.64664596
R:\Developments\ARIS\Disease\Validation\Wheat___Yellow_Rust\Yellow_rust1155.jpg,Wheat___Yellow_Rust,val,31,31,Wheat___Yellow_Rust,0.8720775
R:\Developments\ARIS\Disease\Validation\Wheat___Yellow_Rust\Yellow_rust1157.jpg,Wheat___Yellow_Rust,val,31,31,Wheat___Yellow_Rust,0.8317218
R:\Developments\ARIS\Disease\Validation\Wheat___Yellow_Rust\Yellow_rust1158.jpg,Wheat___Yellow_Rust,val,31,31,Wheat___Yellow_Rust,0.78435516
R:\Developments\ARIS\Disease\Validation\Wheat___Yellow_Rust\Yellow_rust1159.jpg,Wheat___Yellow_Rust,val,31,31,Wheat___Yellow_Rust,0.60147154
R:\Developments\ARIS\Disease\Validation\Wheat___Yellow_Rust\Yellow_rust1160.jpg,Wheat___Yellow_Rust,val,31,31,Wheat___Yellow_Rust,0.567905
R:\Developments\ARIS\Disease\Validation\Wilt\3-Figure1-1.jpg,Wilt,val,32,44,thirps on  cotton,0.1488332
R:\Developments\ARIS\Disease\Validation\Wilt\done.jpg,Wilt,val,32,32,Wilt,0.24020286
R:\Developments\ARIS\Disease\Validation\Wilt\done1.jpg,Wilt,val,32,32,Wilt,0.50253254
R:\Developments\ARIS\Disease\Validation\Wilt\done10.jpg,Wilt,val,32,32,Wilt,0.36683616
R:\Developments\ARIS\Disease\Validation\Wilt\done11.jpg,Wilt,val,32,32,Wilt,0.4885858
R:\Developments\ARIS\Disease\Validation\Wilt\done12.jpg,Wilt,val,32,32,Wilt,0.34065935
R:\Developments\ARIS\Disease\Validation\Wilt\done13.jpg,Wilt,val,32,38,cotton whitefly,0.22853637
R:\Developments\ARIS\Disease\Validation\Wilt\done14.jpg,Wilt,val,32,32,Wilt,0.49411845
R:\Developments\ARIS\Disease\Validation\Wilt\done15.png,Wilt,val,32,32,Wilt,0.27172694
R:\Developments\ARIS\Disease\Validation\Wilt\done16.jpg,Wilt,val,32,32,Wilt,0.36684823
R:\Developments\ARIS\Disease\Validation\Wilt\done17.jpg,Wilt,val,32,32,Wilt,0.26955104
R:\Developments\ARIS\Disease\Validation\Wilt\done18.jpg,Wilt,val,32,32,Wilt,0.35680494
R:\Developments\ARIS\Disease\Validation\Wilt\done19.jpg,Wilt,val,32,32,Wilt,0.19762725
R:\Developments\ARIS\Disease\Validation\Wilt\done20.jpg,Wilt,val,32,1,Anthracnose on Cotton,0.31322718
R:\Developments\ARIS\Disease\Validation\Wilt\done21.jpg,Wilt,val,32,1,Anthracnose on Cotton,0.20657176
R:\Developments\ARIS\Disease\Validation\Wilt\done22.jpg,Wilt,val,32,32,Wilt,0.48534694
R:\Developments\ARIS\Disease\Validation\Wilt\done23.png,Wilt,val,32,32,Wilt,0.6508586
R:\Developments\ARIS\Disease\Validation\Wilt\done3.jpg,Wilt,val,32,32,Wilt,0.33966056
R:\Developments\ARIS\Disease\Validation\Wilt\done5.jpg,Wilt,val,32,1,Anthracnose on Cotton,0.24959125
R:\Developments\ARIS\Disease\Validation\Wilt\done6.jpg,Wilt,val,32,32,Wilt,0.30351204
R:\Developments\ARIS\Disease\Validation\Wilt\done8 (2).jpg,Wilt,val,32,3,Bacterial Blight in cotton,0.09115452
R:\Developments\ARIS\Disease\Validation\Wilt\done8.jpg,Wilt,val,32,35,bollrot on Cotton,0.2940912
R:\Developments\ARIS\Disease\Validation\Wilt\done9.jpg,Wilt,val,32,1,Anthracnose on Cotton,0.32989267
R:\Developments\ARIS\Disease\Validation\Wilt\Figure-1C.png,Wilt,val,32,32,Wilt,0.36581442
R:\Developments\ARIS\Disease\Validation\Wilt\Figure-2A.png,Wilt,val,32,32,Wilt,0.51984215
R:\Developments\ARIS\Disease\Validation\Wilt\Figure-2B.png,Wilt,val,32,32,Wilt,0.6497176
R:\Developments\ARIS\Disease\Validation\Wilt\Figure-2C.png,Wilt,val,32,44,thirps on  cotton,0.17199717
R:\Developments\ARIS\Disease\Validation\Wilt\foliar-damage-from-fusarium-oxysporum.png,Wilt,val,32,32,Wilt,0.31805027
R:\Developments\ARIS\Disease\Validation\Wilt\FOV4-leaf-symptoms-courtesy-UC-Davis_468x351.jpg,Wilt,val,32,1,Anthracnose on Cotton,0.20411526
R:\Developments\ARIS\Disease\Validation\Wilt\fus1.jpg,Wilt,val,32,30,Wheat___Healthy,0.36089453
R:\Developments\ARIS\Disease\Validation\Wilt\fus10.jpg,Wilt,val,32,30,Wheat___Healthy,0.29137418
R:\Developments\ARIS\Disease\Validation\Wilt\fus100.jpg,Wilt,val,32,32,Wilt,0.19433029
R:\Developments\ARIS\Disease\Validation\Wilt\fus101.jpg,Wilt,val,32,32,Wilt,0.2600657
R:\Developments\ARIS\Disease\Validation\Wilt\fus102.jpg,Wilt,val,32,13,Leaf Curl,0.30816853
R:\Developments\ARIS\Disease\Validation\Wilt\fus103.jpg,Wilt,val,32,32,Wilt,0.31743982
R:\Developments\ARIS\Disease\Validation\Wilt\fus104.jpg,Wilt,val,32,32,Wilt,0.22052829
R:\Developments\ARIS\Disease\Validation\Wilt\fus105.jpg,Wilt,val,32,32,Wilt,0.27907363
R:\Developments\ARIS\Disease\Validation\Wilt\fus106.jpg,Wilt,val,32,13,Leaf Curl,0.26579127
R:\Developments\ARIS\Disease\Validation\Wilt\fus107.jpg,Wilt,val,32,32,Wilt,0.28801498
R:\Developments\ARIS\Disease\Validation\Wilt\fus108.jpg,Wilt,val,32,32,Wilt,0.4420996
R:\Developments\ARIS\Disease\Validation\Wilt\fus109.jpg,Wilt,val,32,32,Wilt,0.49418783
R:\Developments\ARIS\Disease\Validation\Wilt\fus11.jpg,Wilt,val,32,32,Wilt,0.2879683
R:\Developments\ARIS\Disease\Validation\Wilt\fus110.jpg,Wilt,val,32,32,Wilt,0.50319123
R:\Developments\ARIS\Disease\Validation\Wilt\fus111.jpg,Wilt,val,32,32,Wilt,0.52529705
R:\Developments\ARIS\Disease\Validation\Wilt\fus112.jpg,Wilt,val,32,32,Wilt,0.59515756
R:\Developments\ARIS\Disease\Validation\Wilt\fus113.jpg,Wilt,val,32,32,Wilt,0.628226
R:\Developments\ARIS\Disease\Validation\Wilt\fus114.jpg,Wilt,val,32,32,Wilt,0.46426967
R:\Developments\ARIS\Disease\Validation\Wilt\fus115.jpg,Wilt,val,32,32,Wilt,0.5329196
R:\Developments\ARIS\Disease\Validation\Wilt\fus116.jpg,Wilt,val,32,32,Wilt,0.4874932
R:\Developments\ARIS\Disease\Validation\Wilt\fus117.jpg,Wilt,val,32,32,Wilt,0.3312613
R:\Developments\ARIS\Disease\Validation\Wilt\fus118.jpg,Wilt,val,32,32,Wilt,0.47896203
R:\Developments\ARIS\Disease\Validation\Wilt\fus119.jpg,Wilt,val,32,32,Wilt,0.3800963
R:\Developments\ARIS\Disease\Validation\Wilt\fus12.jpg,Wilt,val,32,32,Wilt,0.19880565
R:\Developments\ARIS\Disease\Validation\Wilt\fus120.jpg,Wilt,val,32,32,Wilt,0.34320363
R:\Developments\ARIS\Disease\Validation\Wilt\fus121.jpg,Wilt,val,32,32,Wilt,0.2944597
R:\Developments\ARIS\Disease\Validation\Wilt\fus122.jpg,Wilt,val,32,32,Wilt,0.266629
R:\Developments\ARIS\Disease\Validation\Wilt\fus123.jpg,Wilt,val,32,32,Wilt,0.32962972
R:\Developments\ARIS\Disease\Validation\Wilt\fus124.jpg,Wilt,val,32,32,Wilt,0.22927506
R:\Developments\ARIS\Disease\Validation\Wilt\fus125.jpg,Wilt,val,32,32,Wilt,0.25774345
R:\Developments\ARIS\Disease\Validation\Wilt\fus126.jpg,Wilt,val,32,32,Wilt,0.22876124
R:\Developments\ARIS\Disease\Validation\Wilt\fus127.jpg,Wilt,val,32,32,Wilt,0.2651669
R:\Developments\ARIS\Disease\Validation\Wilt\fus128.jpg,Wilt,val,32,38,cotton whitefly,0.22888176
R:\Developments\ARIS\Disease\Validation\Wilt\fus129.jpg,Wilt,val,32,32,Wilt,0.2035263
R:\Developments\ARIS\Disease\Validation\Wilt\fus13.jpg,Wilt,val,32,30,Wheat___Healthy,0.2850976
R:\Developments\ARIS\Disease\Validation\Wilt\fus130.jpg,Wilt,val,32,38,cotton whitefly,0.34095296
R:\Developments\ARIS\Disease\Validation\Wilt\fus131.jpg,Wilt,val,32,38,cotton whitefly,0.18364835
R:\Developments\ARIS\Disease\Validation\Wilt\fus132.jpg,Wilt,val,32,38,cotton whitefly,0.25249895
R:\Developments\ARIS\Disease\Validation\Wilt\fus133.jpg,Wilt,val,32,44,thirps on  cotton,0.16676171
R:\Developments\ARIS\Disease\Validation\Wilt\fus134.jpg,Wilt,val,32,38,cotton whitefly,0.48484686
R:\Developments\ARIS\Disease\Validation\Wilt\fus135.jpg,Wilt,val,32,38,cotton whitefly,0.17744331
R:\Developments\ARIS\Disease\Validation\Wilt\fus136.jpg,Wilt,val,32,32,Wilt,0.4945744
R:\Developments\ARIS\Disease\Validation\Wilt\fus137.jpg,Wilt,val,32,32,Wilt,0.43794718
R:\Developments\ARIS\Disease\Validation\Wilt\fus138.jpg,Wilt,val,32,32,Wilt,0.4999958
R:\Developments\ARIS\Disease\Validation\Wilt\fus139.jpg,Wilt,val,32,32,Wilt,0.43715966
R:\Developments\ARIS\Disease\Validation\Wilt\fus14.jpg,Wilt,val,32,32,Wilt,0.23348443
R:\Developments\ARIS\Disease\Validation\Wilt\fus140.jpg,Wilt,val,32,32,Wilt,0.4890677
R:\Developments\ARIS\Disease\Validation\Wilt\fus141.jpg,Wilt,val,32,32,Wilt,0.4849101
R:\Developments\ARIS\Disease\Validation\Wilt\fus142.jpg,Wilt,val,32,32,Wilt,0.5337942
R:\Developments\ARIS\Disease\Validation\Wilt\fus143.jpg,Wilt,val,32,32,Wilt,0.4920405
R:\Developments\ARIS\Disease\Validation\Wilt\fus144.png,Wilt,val,32,32,Wilt,0.2720937
R:\Developments\ARIS\Disease\Validation\Wilt\fus145.png,Wilt,val,32,32,Wilt,0.513058
R:\Developments\ARIS\Disease\Validation\Wilt\fus146.png,Wilt,val,32,32,Wilt,0.3131962
R:\Developments\ARIS\Disease\Validation\Wilt\fus147.png,Wilt,val,32,32,Wilt,0.47579846
R:\Developments\ARIS\Disease\Validation\Wilt\fus148.png,Wilt,val,32,32,Wilt,0.17271751
R:\Developments\ARIS\Disease\Validation\Wilt\fus149.png,Wilt,val,32,32,Wilt,0.3630084
R:\Developments\ARIS\Disease\Validation\Wilt\fus15.jpg,Wilt,val,32,30,Wheat___Healthy,0.3341109
R:\Developments\ARIS\Disease\Validation\Wilt\fus150.png,Wilt,val,32,38,cotton whitefly,0.20230372
R:\Developments\ARIS\Disease\Validation\Wilt\fus151.jpg,Wilt,val,32,32,Wilt,0.3619767
R:\Developments\ARIS\Disease\Validation\Wilt\fus152.jpg,Wilt,val,32,32,Wilt,0.41671577
R:\Developments\ARIS\Disease\Validation\Wilt\fus153.jpg,Wilt,val,32,32,Wilt,0.36574364
R:\Developments\ARIS\Disease\Validation\Wilt\fus154.jpg,Wilt,val,32,32,Wilt,0.34687185
R:\Developments\ARIS\Disease\Validation\Wilt\fus155.jpg,Wilt,val,32,32,Wilt,0.39105424
R:\Developments\ARIS\Disease\Validation\Wilt\fus156.jpg,Wilt,val,32,32,Wilt,0.43363652
R:\Developments\ARIS\Disease\Validation\Wilt\fus157.jpg,Wilt,val,32,32,Wilt,0.3846676
R:\Developments\ARIS\Disease\Validation\Wilt\fus158.jpg,Wilt,val,32,32,Wilt,0.3420259
R:\Developments\ARIS\Disease\Validation\Wilt\fus159.jpg,Wilt,val,32,32,Wilt,0.26839998
R:\Developments\ARIS\Disease\Validation\Wilt\fus16.jpg,Wilt,val,32,32,Wilt,0.50160307
R:\Developments\ARIS\Disease\Validation\Wilt\fus160.jpg,Wilt,val,32,38,cotton whitefly,0.48947492
R:\Developments\ARIS\Disease\Validation\Wilt\fus161.jpg,Wilt,val,32,32,Wilt,0.33237442
R:\Developments\ARIS\Disease\Validation\Wilt\fus162.jpg,Wilt,val,32,38,cotton whitefly,0.4098319
R:\Developments\ARIS\Disease\Validation\Wilt\fus163.jpg,Wilt,val,32,32,Wilt,0.38503385
R:\Developments\ARIS\Disease\Validation\Wilt\fus164.jpg,Wilt,val,32,32,Wilt,0.35145664
R:\Developments\ARIS\Disease\Validation\Wilt\fus165.jpg,Wilt,val,32,32,Wilt,0.44294038
R:\Developments\ARIS\Disease\Validation\Wilt\fus166.jpg,Wilt,val,32,32,Wilt,0.48910114
R:\Developments\ARIS\Disease\Validation\Wilt\fus167.jpg,Wilt,val,32,32,Wilt,0.35651198
R:\Developments\ARIS\Disease\Validation\Wilt\fus168.jpg,Wilt,val,32,32,Wilt,0.38190255
R:\Developments\ARIS\Disease\Validation\Wilt\fus169.jpg,Wilt,val,32,32,Wilt,0.535497
R:\Developments\ARIS\Disease\Validation\Wilt\fus17.jpg,Wilt,val,32,32,Wilt,0.5342849
R:\Developments\ARIS\Disease\Validation\Wilt\fus170.jpg,Wilt,val,32,32,Wilt,0.36245784
R:\Developments\ARIS\Disease\Validation\Wilt\fus171.jpg,Wilt,val,32,32,Wilt,0.3003037
R:\Developments\ARIS\Disease\Validation\Wilt\fus172.jpg,Wilt,val,32,32,Wilt,0.42052987
R:\Developments\ARIS\Disease\Validation\Wilt\fus173.jpg,Wilt,val,32,32,Wilt,0.48163447
R:\Developments\ARIS\Disease\Validation\Wilt\fus174.jpg,Wilt,val,32,32,Wilt,0.34395722
R:\Developments\ARIS\Disease\Validation\Wilt\fus175.jpg,Wilt,val,32,32,Wilt,0.19837718
R:\Developments\ARIS\Disease\Validation\Wilt\fus176.jpg,Wilt,val,32,32,Wilt,0.15071492
R:\Developments\ARIS\Disease\Validation\Wilt\fus177.jpg,Wilt,val,32,32,Wilt,0.17888196
R:\Developments\ARIS\Disease\Validation\Wilt\fus178.jpg,Wilt,val,32,32,Wilt,0.17672731
R:\Developments\ARIS\Disease\Validation\Wilt\fus179.jpg,Wilt,val,32,32,Wilt,0.20344011
R:\Developments\ARIS\Disease\Validation\Wilt\fus18.jpg,Wilt,val,32,32,Wilt,0.6110099
R:\Developments\ARIS\Disease\Validation\Wilt\fus180.jpg,Wilt,val,32,32,Wilt,0.14546444
R:\Developments\ARIS\Disease\Validation\Wilt\fus181.jpg,Wilt,val,32,32,Wilt,0.19152254
R:\Developments\ARIS\Disease\Validation\Wilt\fus182.jpg,Wilt,val,32,32,Wilt,0.17056637
R:\Developments\ARIS\Disease\Validation\Wilt\fus183.jpg,Wilt,val,32,32,Wilt,0.19609495
R:\Developments\ARIS\Disease\Validation\Wilt\fus184.jpg,Wilt,val,32,32,Wilt,0.19786698
R:\Developments\ARIS\Disease\Validation\Wilt\fus185.jpg,Wilt,val,32,32,Wilt,0.17937665
R:\Developments\ARIS\Disease\Validation\Wilt\fus186.jpg,Wilt,val,32,32,Wilt,0.22505544
R:\Developments\ARIS\Disease\Validation\Wilt\fus187.jpg,Wilt,val,32,35,bollrot on Cotton,0.17980886
R:\Developments\ARIS\Disease\Validation\Wilt\fus188.jpg,Wilt,val,32,32,Wilt,0.14414716
R:\Developments\ARIS\Disease\Validation\Wilt\fus189.jpg,Wilt,val,32,1,Anthracnose on Cotton,0.25764126
R:\Developments\ARIS\Disease\Validation\Wilt\fus19.jpg,Wilt,val,32,32,Wilt,0.47704205
R:\Developments\ARIS\Disease\Validation\Wilt\fus190.jpg,Wilt,val,32,32,Wilt,0.20779908
R:\Developments\ARIS\Disease\Validation\Wilt\fus191.jpg,Wilt,val,32,1,Anthracnose on Cotton,0.32808045
R:\Developments\ARIS\Disease\Validation\Wilt\fus192.jpg,Wilt,val,32,35,bollrot on Cotton,0.16924317
R:\Developments\ARIS\Disease\Validation\Wilt\fus193.jpg,Wilt,val,32,1,Anthracnose on Cotton,0.24650691
R:\Developments\ARIS\Disease\Validation\Wilt\fus194.jpg,Wilt,val,32,35,bollrot on Cotton,0.109122954
R:\Developments\ARIS\Disease\Validation\Wilt\fus195.jpg,Wilt,val,32,1,Anthracnose on Cotton,0.23453218
R:\Developments\ARIS\Disease\Validation\Wilt\fus196.jpg,Wilt,val,32,32,Wilt,0.13005765
R:\Developments\ARIS\Disease\Validation\Wilt\fus197.jpg,Wilt,val,32,1,Anthracnose on Cotton,0.27770463
R:\Developments\ARIS\Disease\Validation\Wilt\fus198.jpg,Wilt,val,32,1,Anthracnose on Cotton,0.31179547
R:\Developments\ARIS\Disease\Validation\Wilt\fus199.jpg,Wilt,val,32,1,Anthracnose on Cotton,0.22575092
R:\Developments\ARIS\Disease\Validation\Wilt\fus2.jpg,Wilt,val,32,32,Wilt,0.32720664
R:\Developments\ARIS\Disease\Validation\Wilt\fus20.jpg,Wilt,val,32,32,Wilt,0.45190072
R:\Developments\ARIS\Disease\Validation\Wilt\fus200.jpg,Wilt,val,32,1,Anthracnose on Cotton,0.3683367
R:\Developments\ARIS\Disease\Validation\Wilt\fus201.jpg,Wilt,val,32,1,Anthracnose on Cotton,0.19289988
R:\Developments\ARIS\Disease\Validation\Wilt\fus202.jpg,Wilt,val,32,1,Anthracnose on Cotton,0.2865233
R:\Developments\ARIS\Disease\Validation\Wilt\fus203.jpg,Wilt,val,32,1,Anthracnose on Cotton,0.2165498
R:\Developments\ARIS\Disease\Validation\Wilt\fus204.jpg,Wilt,val,32,1,Anthracnose on Cotton,0.35990492
R:\Developments\ARIS\Disease\Validation\Wilt\fus205.jpg,Wilt,val,32,1,Anthracnose on Cotton,0.19626856
R:\Developments\ARIS\Disease\Validation\Wilt\fus207.jpg,Wilt,val,32,32,Wilt,0.23700075
R:\Developments\ARIS\Disease\Validation\Wilt\fus208.jpg,Wilt,val,32,32,Wilt,0.31525418
R:\Developments\ARIS\Disease\Validation\Wilt\fus209.jpg,Wilt,val,32,32,Wilt,0.28203163
R:\Developments\ARIS\Disease\Validation\Wilt\fus21.jpg,Wilt,val,32,32,Wilt,0.5512518
R:\Developments\ARIS\Disease\Validation\Wilt\fus210.jpg,Wilt,val,32,12,Healthy cotton,0.21368681
R:\Developments\ARIS\Disease\Validation\Wilt\fus211.jpg,Wilt,val,32,12,Healthy cotton,0.21889545
R:\Developments\ARIS\Disease\Validation\Wilt\fus212.jpg,Wilt,val,32,1,Anthracnose on Cotton,0.20791762
R:\Developments\ARIS\Disease\Validation\Wilt\fus213.jpg,Wilt,val,32,12,Healthy cotton,0.18297225
R:\Developments\ARIS\Disease\Validation\Wilt\fus214.jpg,Wilt,val,32,32,Wilt,0.18270433
R:\Developments\ARIS\Disease\Validation\Wilt\fus215.jpg,Wilt,val,32,1,Anthracnose on Cotton,0.28887287
R:\Developments\ARIS\Disease\Validation\Wilt\fus216.jpg,Wilt,val,32,32,Wilt,0.21135218
R:\Developments\ARIS\Disease\Validation\Wilt\fus217.jpg,Wilt,val,32,1,Anthracnose on Cotton,0.16586836
R:\Developments\ARIS\Disease\Validation\Wilt\fus218.png,Wilt,val,32,32,Wilt,0.18313627
R:\Developments\ARIS\Disease\Validation\Wilt\fus219.png,Wilt,val,32,22,Wheat Brown leaf rust,0.16574852
R:\Developments\ARIS\Disease\Validation\Wilt\fus22.jpg,Wilt,val,32,32,Wilt,0.5789839
R:\Developments\ARIS\Disease\Validation\Wilt\fus220.png,Wilt,val,32,30,Wheat___Healthy,0.19370782
R:\Developments\ARIS\Disease\Validation\Wilt\fus221.png,Wilt,val,32,44,thirps on  cotton,0.207388
R:\Developments\ARIS\Disease\Validation\Wilt\fus222.png,Wilt,val,32,32,Wilt,0.5154915
R:\Developments\ARIS\Disease\Validation\Wilt\fus223.jpg,Wilt,val,32,30,Wheat___Healthy,0.30948982
R:\Developments\ARIS\Disease\Validation\Wilt\fus224.jpg,Wilt,val,32,32,Wilt,0.32262555
R:\Developments\ARIS\Disease\Validation\Wilt\fus225.jpg,Wilt,val,32,30,Wheat___Healthy,0.3737872
R:\Developments\ARIS\Disease\Validation\Wilt\fus226.jpg,Wilt,val,32,32,Wilt,0.30681136
R:\Developments\ARIS\Disease\Validation\Wilt\fus227.png,Wilt,val,32,32,Wilt,0.7524894
R:\Developments\ARIS\Disease\Validation\Wilt\fus228.png,Wilt,val,32,32,Wilt,0.6359799
R:\Developments\ARIS\Disease\Validation\Wilt\fus229.png,Wilt,val,32,32,Wilt,0.68251985
R:\Developments\ARIS\Disease\Validation\Wilt\fus23.jpg,Wilt,val,32,32,Wilt,0.52539957
R:\Developments\ARIS\Disease\Validation\Wilt\fus230.png,Wilt,val,32,32,Wilt,0.58503073
R:\Developments\ARIS\Disease\Validation\Wilt\fus231.png,Wilt,val,32,32,Wilt,0.6474114
R:\Developments\ARIS\Disease\Validation\Wilt\fus232.png,Wilt,val,32,32,Wilt,0.49441412
R:\Developments\ARIS\Disease\Validation\Wilt\fus233.png,Wilt,val,32,32,Wilt,0.6759388
R:\Developments\ARIS\Disease\Validation\Wilt\fus234.png,Wilt,val,32,32,Wilt,0.50075334
R:\Developments\ARIS\Disease\Validation\Wilt\fus235.jpg,Wilt,val,32,1,Anthracnose on Cotton,0.57009286
R:\Developments\ARIS\Disease\Validation\Wilt\fus236.jpg,Wilt,val,32,1,Anthracnose on Cotton,0.3978765
R:\Developments\ARIS\Disease\Validation\Wilt\fus237.jpg,Wilt,val,32,1,Anthracnose on Cotton,0.64817446
R:\Developments\ARIS\Disease\Validation\Wilt\fus238.jpg,Wilt,val,32,1,Anthracnose on Cotton,0.4601961
R:\Developments\ARIS\Disease\Validation\Wilt\fus239.jpg,Wilt,val,32,1,Anthracnose on Cotton,0.6184581
R:\Developments\ARIS\Disease\Validation\Wilt\fus24.jpg,Wilt,val,32,32,Wilt,0.45620093
R:\Developments\ARIS\Disease\Validation\Wilt\fus240.jpg,Wilt,val,32,1,Anthracnose on Cotton,0.47129282
R:\Developments\ARIS\Disease\Validation\Wilt\fus241.jpg,Wilt,val,32,1,Anthracnose on Cotton,0.5881362
R:\Developments\ARIS\Disease\Validation\Wilt\fus242.jpg,Wilt,val,32,1,Anthracnose on Cotton,0.48663127
R:\Developments\ARIS\Disease\Validation\Wilt\fus243.jpg,Wilt,val,32,35,bollrot on Cotton,0.12501188
R:\Developments\ARIS\Disease\Validation\Wilt\fus244.jpg,Wilt,val,32,27,Wheat mite,0.21128537
R:\Developments\ARIS\Disease\Validation\Wilt\fus245.jpg,Wilt,val,32,35,bollrot on Cotton,0.17337126
R:\Developments\ARIS\Disease\Validation\Wilt\fus246.jpg,Wilt,val,32,27,Wheat mite,0.31375906
R:\Developments\ARIS\Disease\Validation\Wilt\fus247.jpg,Wilt,val,32,27,Wheat mite,0.20194042
R:\Developments\ARIS\Disease\Validation\Wilt\fus248.jpg,Wilt,val,32,27,Wheat mite,0.31240144
R:\Developments\ARIS\Disease\Validation\Wilt\fus249.jpg,Wilt,val,32,27,Wheat mite,0.14302514
R:\Developments\ARIS\Disease\Validation\Wilt\fus25.jpg,Wilt,val,32,32,Wilt,0.3710313
R:\Developments\ARIS\Disease\Validation\Wilt\fus250.jpg,Wilt,val,32,27,Wheat mite,0.41950002
R:\Developments\ARIS\Disease\Validation\Wilt\fus251.jpg,Wilt,val,32,32,Wilt,0.12519827
R:\Developments\ARIS\Disease\Validation\Wilt\fus252.jpg,Wilt,val,32,32,Wilt,0.122911744
R:\Developments\ARIS\Disease\Validation\Wilt\fus253.jpg,Wilt,val,32,32,Wilt,0.13019733
R:\Developments\ARIS\Disease\Validation\Wilt\fus254.jpg,Wilt,val,32,32,Wilt,0.21410592
R:\Developments\ARIS\Disease\Validation\Wilt\fus255.jpg,Wilt,val,32,1,Anthracnose on Cotton,0.2922105
R:\Developments\ARIS\Disease\Validation\Wilt\fus256.jpg,Wilt,val,32,1,Anthracnose on Cotton,0.27767932
R:\Developments\ARIS\Disease\Validation\Wilt\fus257.jpg,Wilt,val,32,1,Anthracnose on Cotton,0.2853128
R:\Developments\ARIS\Disease\Validation\Wilt\fus258.jpg,Wilt,val,32,1,Anthracnose on Cotton,0.2243747
R:\Developments\ARIS\Disease\Validation\Wilt\fus259.jpg,Wilt,val,32,1,Anthracnose on Cotton,0.3222678
R:\Developments\ARIS\Disease\Validation\Wilt\fus26.jpg,Wilt,val,32,32,Wilt,0.44734764
R:\Developments\ARIS\Disease\Validation\Wilt\fus260.jpg,Wilt,val,32,1,Anthracnose on Cotton,0.24890977
R:\Developments\ARIS\Disease\Validation\Wilt\fus261.jpg,Wilt,val,32,1,Anthracnose on Cotton,0.4344035
R:\Developments\ARIS\Disease\Validation\Wilt\fus262.jpg,Wilt,val,32,1,Anthracnose on Cotton,0.23982711
R:\Developments\ARIS\Disease\Validation\Wilt\fus263.jpg,Wilt,val,32,32,Wilt,0.39561328
R:\Developments\ARIS\Disease\Validation\Wilt\fus264.jpg,Wilt,val,32,32,Wilt,0.31763592
R:\Developments\ARIS\Disease\Validation\Wilt\fus265.jpg,Wilt,val,32,32,Wilt,0.389392
R:\Developments\ARIS\Disease\Validation\Wilt\fus266.jpg,Wilt,val,32,32,Wilt,0.34785485
R:\Developments\ARIS\Disease\Validation\Wilt\fus267.jpg,Wilt,val,32,32,Wilt,0.34658733
R:\Developments\ARIS\Disease\Validation\Wilt\fus268.jpg,Wilt,val,32,32,Wilt,0.27411678
R:\Developments\ARIS\Disease\Validation\Wilt\fus269.jpg,Wilt,val,32,32,Wilt,0.34693018
R:\Developments\ARIS\Disease\Validation\Wilt\fus27.jpg,Wilt,val,32,32,Wilt,0.370344
R:\Developments\ARIS\Disease\Validation\Wilt\fus270.jpg,Wilt,val,32,32,Wilt,0.3113427
R:\Developments\ARIS\Disease\Validation\Wilt\fus271.jpg,Wilt,val,32,35,bollrot on Cotton,0.1818312
R:\Developments\ARIS\Disease\Validation\Wilt\fus272.jpg,Wilt,val,32,13,Leaf Curl,0.21308334
R:\Developments\ARIS\Disease\Validation\Wilt\fus273.jpg,Wilt,val,32,1,Anthracnose on Cotton,0.1617998
R:\Developments\ARIS\Disease\Validation\Wilt\fus274.jpg,Wilt,val,32,13,Leaf Curl,0.24332654
R:\Developments\ARIS\Disease\Validation\Wilt\fus275.jpg,Wilt,val,32,35,bollrot on Cotton,0.15276144
R:\Developments\ARIS\Disease\Validation\Wilt\fus276.jpg,Wilt,val,32,1,Anthracnose on Cotton,0.17859493
R:\Developments\ARIS\Disease\Validation\Wilt\fus277.jpg,Wilt,val,32,1,Anthracnose on Cotton,0.14737052
R:\Developments\ARIS\Disease\Validation\Wilt\fus278.jpg,Wilt,val,32,13,Leaf Curl,0.19980256
R:\Developments\ARIS\Disease\Validation\Wilt\fus279.jpg,Wilt,val,32,1,Anthracnose on Cotton,0.4290844
R:\Developments\ARIS\Disease\Validation\Wilt\fus28.jpg,Wilt,val,32,32,Wilt,0.4438397
R:\Developments\ARIS\Disease\Validation\Wilt\fus280.jpg,Wilt,val,32,1,Anthracnose on Cotton,0.34368673
R:\Developments\ARIS\Disease\Validation\Wilt\fus281.jpg,Wilt,val,32,1,Anthracnose on Cotton,0.52719915
R:\Developments\ARIS\Disease\Validation\Wilt\fus282.jpg,Wilt,val,32,1,Anthracnose on Cotton,0.32704237
R:\Developments\ARIS\Disease\Validation\Wilt\fus283.jpg,Wilt,val,32,1,Anthracnose on Cotton,0.24486573
R:\Developments\ARIS\Disease\Validation\Wilt\fus284.jpg,Wilt,val,32,1,Anthracnose on Cotton,0.22070988
R:\Developments\ARIS\Disease\Validation\Wilt\fus285.jpg,Wilt,val,32,1,Anthracnose on Cotton,0.28167596
R:\Developments\ARIS\Disease\Validation\Wilt\fus286.jpg,Wilt,val,32,1,Anthracnose on Cotton,0.25016388
R:\Developments\ARIS\Disease\Validation\Wilt\fus287.jpg,Wilt,val,32,1,Anthracnose on Cotton,0.49735203
R:\Developments\ARIS\Disease\Validation\Wilt\fus288.jpg,Wilt,val,32,1,Anthracnose on Cotton,0.27706906
R:\Developments\ARIS\Disease\Validation\Wilt\fus289.jpg,Wilt,val,32,1,Anthracnose on Cotton,0.54266495
R:\Developments\ARIS\Disease\Validation\Wilt\fus29.jpg,Wilt,val,32,32,Wilt,0.3088759
R:\Developments\ARIS\Disease\Validation\Wilt\fus290.jpg,Wilt,val,32,1,Anthracnose on Cotton,0.2853466
R:\Developments\ARIS\Disease\Validation\Wilt\fus291.jpg,Wilt,val,32,1,Anthracnose on Cotton,0.46818557
R:\Developments\ARIS\Disease\Validation\Wilt\fus292.jpg,Wilt,val,32,1,Anthracnose on Cotton,0.33659005
R:\Developments\ARIS\Disease\Validation\Wilt\fus293.jpg,Wilt,val,32,1,Anthracnose on Cotton,0.5161311
R:\Developments\ARIS\Disease\Validation\Wilt\fus294.jpg,Wilt,val,32,1,Anthracnose on Cotton,0.3753676
R:\Developments\ARIS\Disease\Validation\Wilt\fus295.jpg,Wilt,val,32,1,Anthracnose on Cotton,0.34460524
R:\Developments\ARIS\Disease\Validation\Wilt\fus296.jpg,Wilt,val,32,1,Anthracnose on Cotton,0.39771882
R:\Developments\ARIS\Disease\Validation\Wilt\fus297.jpg,Wilt,val,32,1,Anthracnose on Cotton,0.27491567
R:\Developments\ARIS\Disease\Validation\Wilt\fus298.jpg,Wilt,val,32,1,Anthracnose on Cotton,0.3765243
R:\Developments\ARIS\Disease\Validation\Wilt\fus299.jpg,Wilt,val,32,1,Anthracnose on Cotton,0.61956304
R:\Developments\ARIS\Disease\Validation\Wilt\fus3.jpg,Wilt,val,32,30,Wheat___Healthy,0.3360161
R:\Developments\ARIS\Disease\Validation\Wilt\fus30.jpg,Wilt,val,32,32,Wilt,0.42657724
R:\Developments\ARIS\Disease\Validation\Wilt\fus300.jpg,Wilt,val,32,1,Anthracnose on Cotton,0.65543926
R:\Developments\ARIS\Disease\Validation\Wilt\fus301.jpg,Wilt,val,32,1,Anthracnose on Cotton,0.35231397
R:\Developments\ARIS\Disease\Validation\Wilt\fus302.jpg,Wilt,val,32,1,Anthracnose on Cotton,0.67253786
R:\Developments\ARIS\Disease\Validation\Wilt\fus303.jpg,Wilt,val,32,1,Anthracnose on Cotton,0.5535903
R:\Developments\ARIS\Disease\Validation\Wilt\fus304.jpg,Wilt,val,32,1,Anthracnose on Cotton,0.46923208
R:\Developments\ARIS\Disease\Validation\Wilt\fus305.jpg,Wilt,val,32,1,Anthracnose on Cotton,0.5245033
R:\Developments\ARIS\Disease\Validation\Wilt\fus306.jpg,Wilt,val,32,1,Anthracnose on Cotton,0.49472943
R:\Developments\ARIS\Disease\Validation\Wilt\fus307.jpg,Wilt,val,32,1,Anthracnose on Cotton,0.64120024
R:\Developments\ARIS\Disease\Validation\Wilt\fus308.jpg,Wilt,val,32,1,Anthracnose on Cotton,0.44655776
R:\Developments\ARIS\Disease\Validation\Wilt\fus309.JPG,Wilt,val,32,32,Wilt,0.30554453
R:\Developments\ARIS\Disease\Validation\Wilt\fus31.jpg,Wilt,val,32,32,Wilt,0.33449793
R:\Developments\ARIS\Disease\Validation\Wilt\fus310.JPG,Wilt,val,32,32,Wilt,0.3047167
R:\Developments\ARIS\Disease\Validation\Wilt\fus311.JPG,Wilt,val,32,32,Wilt,0.17537896
R:\Developments\ARIS\Disease\Validation\Wilt\fus312.JPG,Wilt,val,32,32,Wilt,0.3102694
R:\Developments\ARIS\Disease\Validation\Wilt\fus313.JPG,Wilt,val,32,32,Wilt,0.2612398
R:\Developments\ARIS\Disease\Validation\Wilt\fus314.JPG,Wilt,val,32,32,Wilt,0.3730943
R:\Developments\ARIS\Disease\Validation\Wilt\fus315.JPG,Wilt,val,32,32,Wilt,0.24021094
R:\Developments\ARIS\Disease\Validation\Wilt\fus316.JPG,Wilt,val,32,32,Wilt,0.3879983
R:\Developments\ARIS\Disease\Validation\Wilt\fus317.JPG,Wilt,val,32,32,Wilt,0.34127474
R:\Developments\ARIS\Disease\Validation\Wilt\fus318.jpg,Wilt,val,32,3,Bacterial Blight in cotton,0.2178777
R:\Developments\ARIS\Disease\Validation\Wilt\fus319.jpg,Wilt,val,32,1,Anthracnose on Cotton,0.18431701
R:\Developments\ARIS\Disease\Validation\Wilt\fus32.jpg,Wilt,val,32,32,Wilt,0.4280912
R:\Developments\ARIS\Disease\Validation\Wilt\fus320.jpg,Wilt,val,32,3,Bacterial Blight in cotton,0.19550724
R:\Developments\ARIS\Disease\Validation\Wilt\fus321.jpg,Wilt,val,32,1,Anthracnose on Cotton,0.14984551
R:\Developments\ARIS\Disease\Validation\Wilt\fus322.jpg,Wilt,val,32,3,Bacterial Blight in cotton,0.26635116
R:\Developments\ARIS\Disease\Validation\Wilt\fus323.jpg,Wilt,val,32,1,Anthracnose on Cotton,0.20995198
R:\Developments\ARIS\Disease\Validation\Wilt\fus324.jpg,Wilt,val,32,3,Bacterial Blight in cotton,0.2216769
R:\Developments\ARIS\Disease\Validation\Wilt\fus325.jpg,Wilt,val,32,1,Anthracnose on Cotton,0.1613545
R:\Developments\ARIS\Disease\Validation\Wilt\fus326.jpg,Wilt,val,32,3,Bacterial Blight in cotton,0.35425392
R:\Developments\ARIS\Disease\Validation\Wilt\fus327.jpg,Wilt,val,32,3,Bacterial Blight in cotton,0.24169588
R:\Developments\ARIS\Disease\Validation\Wilt\fus328.jpg,Wilt,val,32,3,Bacterial Blight in cotton,0.34382725
R:\Developments\ARIS\Disease\Validation\Wilt\fus329.jpg,Wilt,val,32,44,thirps on  cotton,0.23176186
R:\Developments\ARIS\Disease\Validation\Wilt\fus33.jpg,Wilt,val,32,1,Anthracnose on Cotton,0.2507592
R:\Developments\ARIS\Disease\Validation\Wilt\fus330.jpg,Wilt,val,32,44,thirps on  cotton,0.27687594
R:\Developments\ARIS\Disease\Validation\Wilt\fus331.jpg,Wilt,val,32,44,thirps on  cotton,0.5318249
R:\Developments\ARIS\Disease\Validation\Wilt\fus332.jpg,Wilt,val,32,44,thirps on  cotton,0.33706173
R:\Developments\ARIS\Disease\Validation\Wilt\fus333.jpg,Wilt,val,32,44,thirps on  cotton,0.4604975
R:\Developments\ARIS\Disease\Validation\Wilt\fus334.jpg,Wilt,val,32,32,Wilt,0.3144345
R:\Developments\ARIS\Disease\Validation\Wilt\fus335.jpg,Wilt,val,32,32,Wilt,0.28786775
R:\Developments\ARIS\Disease\Validation\Wilt\fus336.jpg,Wilt,val,32,32,Wilt,0.2959652
R:\Developments\ARIS\Disease\Validation\Wilt\fus337.jpg,Wilt,val,32,32,Wilt,0.28840086
R:\Developments\ARIS\Disease\Validation\Wilt\fus338.jpg,Wilt,val,32,32,Wilt,0.23297967
R:\Developments\ARIS\Disease\Validation\Wilt\fus339.jpg,Wilt,val,32,32,Wilt,0.22818792
R:\Developments\ARIS\Disease\Validation\Wilt\fus34.jpg,Wilt,val,32,1,Anthracnose on Cotton,0.21640551
R:\Developments\ARIS\Disease\Validation\Wilt\fus340.jpg,Wilt,val,32,32,Wilt,0.26829803
R:\Developments\ARIS\Disease\Validation\Wilt\fus341.jpg,Wilt,val,32,32,Wilt,0.19021387
R:\Developments\ARIS\Disease\Validation\Wilt\fus342.jpg,Wilt,val,32,30,Wheat___Healthy,0.39624885
R:\Developments\ARIS\Disease\Validation\Wilt\fus343.jpg,Wilt,val,32,32,Wilt,0.32307714
R:\Developments\ARIS\Disease\Validation\Wilt\fus344.jpg,Wilt,val,32,30,Wheat___Healthy,0.4356356
R:\Developments\ARIS\Disease\Validation\Wilt\fus345.jpg,Wilt,val,32,32,Wilt,0.3806335
R:\Developments\ARIS\Disease\Validation\Wilt\fus346.png,Wilt,val,32,32,Wilt,0.3206751
R:\Developments\ARIS\Disease\Validation\Wilt\fus347.png,Wilt,val,32,32,Wilt,0.32457015
R:\Developments\ARIS\Disease\Validation\Wilt\fus348.png,Wilt,val,32,32,Wilt,0.35635862
R:\Developments\ARIS\Disease\Validation\Wilt\fus349.png,Wilt,val,32,32,Wilt,0.29553005
R:\Developments\ARIS\Disease\Validation\Wilt\fus35.jpg,Wilt,val,32,1,Anthracnose on Cotton,0.23126547
R:\Developments\ARIS\Disease\Validation\Wilt\fus350.jpg,Wilt,val,32,32,Wilt,0.4755151
R:\Developments\ARIS\Disease\Validation\Wilt\fus351.jpg,Wilt,val,32,32,Wilt,0.4735173
R:\Developments\ARIS\Disease\Validation\Wilt\fus352.jpg,Wilt,val,32,32,Wilt,0.5385935
R:\Developments\ARIS\Disease\Validation\Wilt\fus353.jpg,Wilt,val,32,32,Wilt,0.4790987
R:\Developments\ARIS\Disease\Validation\Wilt\fus354.jpg,Wilt,val,32,32,Wilt,0.4235891
R:\Developments\ARIS\Disease\Validation\Wilt\fus355.jpg,Wilt,val,32,32,Wilt,0.47318992
R:\Developments\ARIS\Disease\Validation\Wilt\fus356.jpg,Wilt,val,32,32,Wilt,0.4679635
R:\Developments\ARIS\Disease\Validation\Wilt\fus357.jpg,Wilt,val,32,32,Wilt,0.4400855
R:\Developments\ARIS\Disease\Validation\Wilt\fus358.jpg,Wilt,val,32,32,Wilt,0.16705869
R:\Developments\ARIS\Disease\Validation\Wilt\fus359.jpg,Wilt,val,32,32,Wilt,0.15557976
R:\Developments\ARIS\Disease\Validation\Wilt\fus36.jpg,Wilt,val,32,1,Anthracnose on Cotton,0.16349202
R:\Developments\ARIS\Disease\Validation\Wilt\fus360.jpg,Wilt,val,32,32,Wilt,0.28162494
R:\Developments\ARIS\Disease\Validation\Wilt\fus361.jpg,Wilt,val,32,32,Wilt,0.12169095
R:\Developments\ARIS\Disease\Validation\Wilt\fus362.jpg,Wilt,val,32,32,Wilt,0.2132864
R:\Developments\ARIS\Disease\Validation\Wilt\fus363.jpg,Wilt,val,32,32,Wilt,0.21661969
R:\Developments\ARIS\Disease\Validation\Wilt\fus364.jpg,Wilt,val,32,32,Wilt,0.2831752
R:\Developments\ARIS\Disease\Validation\Wilt\fus365.jpg,Wilt,val,32,32,Wilt,0.13172883
R:\Developments\ARIS\Disease\Validation\Wilt\fus366.jpg,Wilt,val,32,32,Wilt,0.42511892
R:\Developments\ARIS\Disease\Validation\Wilt\fus367.jpg,Wilt,val,32,32,Wilt,0.30682883
R:\Developments\ARIS\Disease\Validation\Wilt\fus368.jpg,Wilt,val,32,32,Wilt,0.37739214
R:\Developments\ARIS\Disease\Validation\Wilt\fus369.jpg,Wilt,val,32,32,Wilt,0.32917988
R:\Developments\ARIS\Disease\Validation\Wilt\fus37.jpg,Wilt,val,32,1,Anthracnose on Cotton,0.32808244
R:\Developments\ARIS\Disease\Validation\Wilt\fus370.jpg,Wilt,val,32,32,Wilt,0.44485882
R:\Developments\ARIS\Disease\Validation\Wilt\fus371.jpg,Wilt,val,32,32,Wilt,0.34300685
R:\Developments\ARIS\Disease\Validation\Wilt\fus372.jpg,Wilt,val,32,32,Wilt,0.39734688
R:\Developments\ARIS\Disease\Validation\Wilt\fus373.jpg,Wilt,val,32,32,Wilt,0.32944372
R:\Developments\ARIS\Disease\Validation\Wilt\fus374.jpg,Wilt,val,32,32,Wilt,0.22907539
R:\Developments\ARIS\Disease\Validation\Wilt\fus375.jpg,Wilt,val,32,32,Wilt,0.5041471
R:\Developments\ARIS\Disease\Validation\Wilt\fus376.jpg,Wilt,val,32,1,Anthracnose on Cotton,0.28309014
R:\Developments\ARIS\Disease\Validation\Wilt\fus377.jpg,Wilt,val,32,32,Wilt,0.58250296
R:\Developments\ARIS\Disease\Validation\Wilt\fus378.jpg,Wilt,val,32,1,Anthracnose on Cotton,0.24178426
R:\Developments\ARIS\Disease\Validation\Wilt\fus379.jpg,Wilt,val,32,32,Wilt,0.48935762
R:\Developments\ARIS\Disease\Validation\Wilt\fus38.jpg,Wilt,val,32,1,Anthracnose on Cotton,0.24694039
R:\Developments\ARIS\Disease\Validation\Wilt\fus380.jpg,Wilt,val,32,32,Wilt,0.34807816
R:\Developments\ARIS\Disease\Validation\Wilt\fus381.jpg,Wilt,val,32,32,Wilt,0.5456315
R:\Developments\ARIS\Disease\Validation\Wilt\fus382.jpg,Wilt,val,32,32,Wilt,0.36167774
R:\Developments\ARIS\Disease\Validation\Wilt\fus383.jpg,Wilt,val,32,32,Wilt,0.36584958
R:\Developments\ARIS\Disease\Validation\Wilt\fus384.jpg,Wilt,val,32,32,Wilt,0.25006855
R:\Developments\ARIS\Disease\Validation\Wilt\fus385.jpg,Wilt,val,32,32,Wilt,0.35023627
R:\Developments\ARIS\Disease\Validation\Wilt\fus386.jpg,Wilt,val,32,32,Wilt,0.20083149
R:\Developments\ARIS\Disease\Validation\Wilt\fus39.jpg,Wilt,val,32,1,Anthracnose on Cotton,0.28516376
R:\Developments\ARIS\Disease\Validation\Wilt\fus4.jpg,Wilt,val,32,32,Wilt,0.43743953
R:\Developments\ARIS\Disease\Validation\Wilt\fus40.jpg,Wilt,val,32,1,Anthracnose on Cotton,0.27675232
R:\Developments\ARIS\Disease\Validation\Wilt\fus41.jpg,Wilt,val,32,32,Wilt,0.2993866
R:\Developments\ARIS\Disease\Validation\Wilt\fus42.jpg,Wilt,val,32,32,Wilt,0.29362133
R:\Developments\ARIS\Disease\Validation\Wilt\fus43.jpg,Wilt,val,32,32,Wilt,0.32595512
R:\Developments\ARIS\Disease\Validation\Wilt\fus44.jpg,Wilt,val,32,32,Wilt,0.26478085
R:\Developments\ARIS\Disease\Validation\Wilt\fus45.jpg,Wilt,val,32,32,Wilt,0.34184656
R:\Developments\ARIS\Disease\Validation\Wilt\fus46.jpg,Wilt,val,32,32,Wilt,0.2505813
R:\Developments\ARIS\Disease\Validation\Wilt\fus47.jpg,Wilt,val,32,32,Wilt,0.24409445
R:\Developments\ARIS\Disease\Validation\Wilt\fus48.jpg,Wilt,val,32,32,Wilt,0.21623857
R:\Developments\ARIS\Disease\Validation\Wilt\fus49.jpg,Wilt,val,32,32,Wilt,0.19503765
R:\Developments\ARIS\Disease\Validation\Wilt\fus5.jpg,Wilt,val,32,30,Wheat___Healthy,0.34876433
R:\Developments\ARIS\Disease\Validation\Wilt\fus50.jpg,Wilt,val,32,32,Wilt,0.19523841
R:\Developments\ARIS\Disease\Validation\Wilt\fus51.jpg,Wilt,val,32,32,Wilt,0.2937909
R:\Developments\ARIS\Disease\Validation\Wilt\fus52.jpg,Wilt,val,32,32,Wilt,0.19716793
R:\Developments\ARIS\Disease\Validation\Wilt\fus53.jpg,Wilt,val,32,30,Wheat___Healthy,0.14825694
R:\Developments\ARIS\Disease\Validation\Wilt\fus54.jpg,Wilt,val,32,28,Wheat powdery mildew,0.17859632
R:\Developments\ARIS\Disease\Validation\Wilt\fus55.jpg,Wilt,val,32,32,Wilt,0.15631108
R:\Developments\ARIS\Disease\Validation\Wilt\fus56.jpg,Wilt,val,32,1,Anthracnose on Cotton,0.19059801
R:\Developments\ARIS\Disease\Validation\Wilt\fus57.jpg,Wilt,val,32,35,bollrot on Cotton,0.29321918
R:\Developments\ARIS\Disease\Validation\Wilt\fus58.jpg,Wilt,val,32,30,Wheat___Healthy,0.2135725
R:\Developments\ARIS\Disease\Validation\Wilt\fus59.jpg,Wilt,val,32,32,Wilt,0.18175586
R:\Developments\ARIS\Disease\Validation\Wilt\fus6.jpg,Wilt,val,32,30,Wheat___Healthy,0.30827546
R:\Developments\ARIS\Disease\Validation\Wilt\fus60.jpg,Wilt,val,32,32,Wilt,0.21679373
R:\Developments\ARIS\Disease\Validation\Wilt\fus61.jpg,Wilt,val,32,35,bollrot on Cotton,0.3441457
R:\Developments\ARIS\Disease\Validation\Wilt\fus62.jpg,Wilt,val,32,30,Wheat___Healthy,0.22023039
R:\Developments\ARIS\Disease\Validation\Wilt\fus63.jpg,Wilt,val,32,32,Wilt,0.19803745
R:\Developments\ARIS\Disease\Validation\Wilt\fus64.jpg,Wilt,val,32,3,Bacterial Blight in cotton,0.09043101
R:\Developments\ARIS\Disease\Validation\Wilt\fus65.jpg,Wilt,val,32,22,Wheat Brown leaf rust,0.079993665
R:\Developments\ARIS\Disease\Validation\Wilt\fus66.jpg,Wilt,val,32,3,Bacterial Blight in cotton,0.12488376
R:\Developments\ARIS\Disease\Validation\Wilt\fus67.jpg,Wilt,val,32,32,Wilt,0.08722525
R:\Developments\ARIS\Disease\Validation\Wilt\fus68.jpg,Wilt,val,32,3,Bacterial Blight in cotton,0.08855451
R:\Developments\ARIS\Disease\Validation\Wilt\fus69.jpg,Wilt,val,32,32,Wilt,0.07769122
R:\Developments\ARIS\Disease\Validation\Wilt\fus7.jpg,Wilt,val,32,30,Wheat___Healthy,0.3247464
R:\Developments\ARIS\Disease\Validation\Wilt\fus70.jpg,Wilt,val,32,30,Wheat___Healthy,0.13487741
R:\Developments\ARIS\Disease\Validation\Wilt\fus71.jpg,Wilt,val,32,32,Wilt,0.082470134
R:\Developments\ARIS\Disease\Validation\Wilt\fus72.jpg,Wilt,val,32,1,Anthracnose on Cotton,0.3291328
R:\Developments\ARIS\Disease\Validation\Wilt\fus73.jpg,Wilt,val,32,32,Wilt,0.31835946
R:\Developments\ARIS\Disease\Validation\Wilt\fus74.jpg,Wilt,val,32,32,Wilt,0.30141187
R:\Developments\ARIS\Disease\Validation\Wilt\fus75.jpg,Wilt,val,32,32,Wilt,0.3016437
R:\Developments\ARIS\Disease\Validation\Wilt\fus76.jpg,Wilt,val,32,1,Anthracnose on Cotton,0.3013346
R:\Developments\ARIS\Disease\Validation\Wilt\fus77.jpg,Wilt,val,32,32,Wilt,0.2816215
R:\Developments\ARIS\Disease\Validation\Wilt\fus78.jpg,Wilt,val,32,1,Anthracnose on Cotton,0.29279426
R:\Developments\ARIS\Disease\Validation\Wilt\fus79.jpg,Wilt,val,32,32,Wilt,0.23245227
R:\Developments\ARIS\Disease\Validation\Wilt\fus8.jpg,Wilt,val,32,30,Wheat___Healthy,0.273462
R:\Developments\ARIS\Disease\Validation\Wilt\fus80.jpg,Wilt,val,32,32,Wilt,0.18720269
R:\Developments\ARIS\Disease\Validation\Wilt\fus81.jpg,Wilt,val,32,1,Anthracnose on Cotton,0.336349
R:\Developments\ARIS\Disease\Validation\Wilt\fus82.jpg,Wilt,val,32,32,Wilt,0.16498196
R:\Developments\ARIS\Disease\Validation\Wilt\fus83.jpg,Wilt,val,32,1,Anthracnose on Cotton,0.22216296
R:\Developments\ARIS\Disease\Validation\Wilt\fus84.jpg,Wilt,val,32,32,Wilt,0.36786112
R:\Developments\ARIS\Disease\Validation\Wilt\fus85.jpg,Wilt,val,32,32,Wilt,0.3048327
R:\Developments\ARIS\Disease\Validation\Wilt\fus86.jpg,Wilt,val,32,32,Wilt,0.47615957
R:\Developments\ARIS\Disease\Validation\Wilt\fus87.jpg,Wilt,val,32,32,Wilt,0.32305646
R:\Developments\ARIS\Disease\Validation\Wilt\fus88.jpg,Wilt,val,32,32,Wilt,0.4106604
R:\Developments\ARIS\Disease\Validation\Wilt\fus89.jpg,Wilt,val,32,32,Wilt,0.46363154
R:\Developments\ARIS\Disease\Validation\Wilt\fus9.jpg,Wilt,val,32,32,Wilt,0.24294783
R:\Developments\ARIS\Disease\Validation\Wilt\fus90.jpg,Wilt,val,32,32,Wilt,0.4705343
R:\Developments\ARIS\Disease\Validation\Wilt\fus91.jpg,Wilt,val,32,32,Wilt,0.503905
R:\Developments\ARIS\Disease\Validation\Wilt\fus92.jpg,Wilt,val,32,32,Wilt,0.39575684
R:\Developments\ARIS\Disease\Validation\Wilt\fus93.jpg,Wilt,val,32,32,Wilt,0.31799462
R:\Developments\ARIS\Disease\Validation\Wilt\fus94.jpg,Wilt,val,32,32,Wilt,0.36388922
R:\Developments\ARIS\Disease\Validation\Wilt\fus95.jpg,Wilt,val,32,32,Wilt,0.35831976
R:\Developments\ARIS\Disease\Validation\Wilt\fus96.jpg,Wilt,val,32,32,Wilt,0.26308703
R:\Developments\ARIS\Disease\Validation\Wilt\fus97.jpg,Wilt,val,32,30,Wheat___Healthy,0.4429923
R:\Developments\ARIS\Disease\Validation\Wilt\fus98.jpg,Wilt,val,32,30,Wheat___Healthy,0.4934316
R:\Developments\ARIS\Disease\Validation\Wilt\fus99.jpg,Wilt,val,32,30,Wheat___Healthy,0.5218921
R:\Developments\ARIS\Disease\Validation\Wilt\fus_oxy_plant.jpg,Wilt,val,32,32,Wilt,0.2201188
R:\Developments\ARIS\Disease\Validation\Wilt\hhh.jpg,Wilt,val,32,32,Wilt,0.45969036
R:\Developments\ARIS\Disease\Validation\Wilt\images.jpg,Wilt,val,32,32,Wilt,0.36218727
R:\Developments\ARIS\Disease\Validation\Wilt\susariumwilt.jpg,Wilt,val,32,30,Wheat___Healthy,0.3179242
R:\Developments\ARIS\Disease\Validation\Wilt\unnamed.jpg,Wilt,val,32,32,Wilt,0.23786783
R:\Developments\ARIS\Disease\Validation\Yellow Rust Sugarcane\yellow (123).jpeg,Yellow Rust Sugarcane,val,33,33,Yellow Rust Sugarcane,0.7436648
R:\Developments\ARIS\Disease\Validation\Yellow Rust Sugarcane\yellow (124).jpeg,Yellow Rust Sugarcane,val,33,33,Yellow Rust Sugarcane,0.34796235
R:\Developments\ARIS\Disease\Validation\Yellow Rust Sugarcane\yellow (125).jpeg,Yellow Rust Sugarcane,val,33,33,Yellow Rust Sugarcane,0.29192117
R:\Developments\ARIS\Disease\Validation\Yellow Rust Sugarcane\yellow (126).jpeg,Yellow Rust Sugarcane,val,33,16,RedRot sugarcane,0.37989965
R:\Developments\ARIS\Disease\Validation\bollrot on Cotton\Image_1.jpeg,bollrot on Cotton,val,35,35,bollrot on Cotton,0.9903541
R:\Developments\ARIS\Disease\Validation\bollrot on Cotton\Image_2.JPG,bollrot on Cotton,val,35,35,bollrot on Cotton,0.9957172
R:\Developments\ARIS\Disease\Validation\bollrot on Cotton\Image_1.jpeg,bollrot on Cotton,val,35,35,bollrot on Cotton,0.98949426
R:\Developments\ARIS\Disease\Validation\bollrot on Cotton\Image_2.JPG,bollrot on Cotton,val,35,35,bollrot on Cotton,0.9956839
R:\Developments\ARIS\Disease\Validation\bollrot on Cotton\Image_1.jpeg,bollrot on Cotton,val,35,35,bollrot on Cotton,0.9899723
R:\Developments\ARIS\Disease\Validation\bollrot on Cotton\Image_2.JPG,bollrot on Cotton,val,35,35,bollrot on Cotton,0.99570674
