image_path,label,Temparature,Humidity,Moisture,Nitrogen,Potassium,Phosphorous,class_id
Nutrient\rice_plant_lacks_nutrients\Phosphorus(P)\IMG_4115.JPG,Phosphorus(P),1.1681835392643583,0.17357147647211393,0.16904130213257723,-0.9643475792055515,0.11658674896154095,0.9429307106770631,1
Nutrient\rice_plant_lacks_nutrients\Nitrogen(N)\untitled-21.JPG,Nitrogen(N),0.6478598893880986,1.2558947269334522,1.7386658769479864,-0.8799712530033661,2.020500997132718,0.7164008102141051,0
Nutrient\rice_plant_lacks_nutrients\Phosphorus(P)\IMG_5413-2.JPG,Phosphorus(P),-0.435217235890812,-0.8965221327410733,1.2829428086910086,-1.0487239054077369,0.3405766605110912,1.0939506443190352,1
Nutrient\rice_plant_lacks_nutrients\Phosphorus(P)\IMG_4283-18.JPG,Phosphorus(P),-0.37715536938101524,0.419387265559943,-0.1572691178214607,0.9763079234447114,-0.77937289723666,-1.3223682939525179,1
Nutrient\rice_plant_lacks_nutrients\Nitrogen(N)\untitled-274.JPG,Nitrogen(N),1.2575094877409692,0.10875437785691502,-1.3323042067070476,-0.6268422743968101,-0.33139307413755953,1.6225204120659376,0
Nutrient\rice_plant_lacks_nutrients\Potassium(K)\untitled-4.JPG,Potassium(K),0.4178455720608246,1.249779906309377,-0.3446395779410542,-0.5424659481946248,0.11658674896154095,1.6225204120659376,2
Nutrient\rice_plant_lacks_nutrients\Potassium(K)\untitled-15.JPG,Potassium(K),-1.1944877979420074,0.24205746746175733,0.16268976111157418,-0.8799712530033661,1.2365363067092923,0.565380876572133,2
Nutrient\rice_plant_lacks_nutrients\Nitrogen(N)\untitled-28.JPG,Nitrogen(N),-1.8242357347021152,-1.3979374239152527,-0.04373532207102901,-0.2893369695880687,-0.77937289723666,-0.18971879163772737,0
Nutrient\rice_plant_lacks_nutrients\Nitrogen(N)\untitled-373.JPG,Nitrogen(N),-0.1292758623584186,-1.7220229169912464,-1.0059937867530095,1.398189554455638,-0.33139307413755953,-1.3978782607735039,0
Nutrient\rice_plant_lacks_nutrients\Potassium(K)\untitled-124.JPG,Potassium(K),-0.07344714456053661,-1.3221136481767186,-0.6534832600873335,-1.0487239054077369,0.3405766605110912,0.48987090975114694,2
Nutrient\rice_plant_lacks_nutrients\Nitrogen(N)\untitled-266.JPG,Nitrogen(N),-0.26996423120908175,-0.3046074963305793,1.9165090255360748,-0.8799712530033661,2.020500997132718,1.0184406774980492,0
Nutrient\rice_plant_lacks_nutrients\Potassium(K)\untitled-351.JPG,Potassium(K),-2.2686323283732563,-0.9344340206103409,-0.7582836869338858,0.30129731382722863,-0.5553829856871098,0.1878310424672028,2
Nutrient\rice_plant_lacks_nutrients\Nitrogen(N)\untitled-164.JPG,Nitrogen(N),0.8175791914936593,0.7080067990162997,0.350854163858793,0.385673640029414,-0.77937289723666,0.03681110882523075,0
Nutrient\rice_plant_lacks_nutrients\Potassium(K)\untitled-82.JPG,Potassium(K),-0.5692061586057291,-1.5593686883908422,-0.808302072474286,-0.4580896219924394,-0.77937289723666,1.4715004784239654,2
Nutrient\rice_plant_lacks_nutrients\Nitrogen(N)\untitled-356.JPG,Nitrogen(N),-1.4557661972360947,-1.4028292804145128,-1.029018122954146,-1.3862292102164782,2.020500997132718,-0.4917586589216715,0
Nutrient\rice_plant_lacks_nutrients\Nitrogen(N)\untitled-137.JPG,Nitrogen(N),0.37094944911060357,0.34111756157177836,-0.7606655148167621,0.30129731382722863,-0.77937289723666,0.4143609429301609,0
Nutrient\rice_plant_lacks_nutrients\Phosphorus(P)\IMG_4352.JPG,Phosphorus(P),0.31958702873655204,-0.1994325815964833,0.4667697874921009,-0.7112186005989954,-0.77937289723666,-0.5672686257426576,1
Nutrient\rice_plant_lacks_nutrients\Potassium(K)\untitled-25.JPG,Potassium(K),-0.34812443612611604,0.8009520725022458,1.657683728930195,-0.7955949268011807,1.6845161298083926,1.1694606111400212,2
Nutrient\rice_plant_lacks_nutrients\Nitrogen(N)\untitled-413.JPG,Nitrogen(N),1.0386609139732723,0.7361349738870469,-1.267200911241765,-1.4706055364186634,2.020500997132718,-0.41624869210068544,0
Nutrient\rice_plant_lacks_nutrients\Phosphorus(P)\IMG_4302.JPG,Phosphorus(P),-0.013152129338824174,0.553913319289601,0.847862248752291,1.398189554455638,-0.77937289723666,-1.3978782607735039,1
Nutrient\rice_plant_lacks_nutrients\Phosphorus(P)\IMG_4333.JPG,Phosphorus(P),0.11190419852843116,2.1180844349280767,-0.7606655148167621,-0.6268422743968101,-0.77937289723666,1.5470104452449513,1
Nutrient\rice_plant_lacks_nutrients\Potassium(K)\untitled-203.JPG,Potassium(K),-0.0801465906962827,-0.2838171062087229,-0.8479992038555558,1.4825658806578235,-0.77937289723666,-1.3978782607735039,2
Nutrient\rice_plant_lacks_nutrients\Phosphorus(P)\IMG_4323-36.JPG,Phosphorus(P),1.9609513319942815,0.23594264683768232,0.596976378422666,-0.5424659481946248,2.020500997132718,0.1878310424672028,1
Nutrient\rice_plant_lacks_nutrients\Potassium(K)\untitled-342.JPG,Potassium(K),0.9225371809536772,-0.4525861554332031,0.23573248285311024,-0.7112186005989954,2.020500997132718,-0.7182885593846295,2
Nutrient\rice_plant_lacks_nutrients\Nitrogen(N)\untitled-438.JPG,Nitrogen(N),-1.1498248237037012,0.1833551894706343,0.6731948706747041,0.63880261863597,-0.77937289723666,0.48987090975114694,0
Nutrient\rice_plant_lacks_nutrients\Nitrogen(N)\untitled-82.JPG,Nitrogen(N),-0.1739388365967248,1.332941466796801,0.09202886725291386,2.1575764902753063,-0.77937289723666,-1.3978782607735039,0
Nutrient\rice_plant_lacks_nutrients\Potassium(K)\untitled-127.JPG,Potassium(K),0.6299946996927751,0.9195795926093076,0.5715702143386533,0.2169209876250433,-0.77937289723666,0.4143609429301609,2
Nutrient\rice_plant_lacks_nutrients\Nitrogen(N)\untitled-384.JPG,Nitrogen(N),0.5071715205374354,-0.540639572419888,2.097527944634665,1.8200711854665648,0.11658674896154095,-1.3978782607735039,0
Nutrient\rice_plant_lacks_nutrients\Nitrogen(N)\untitled-321.JPG,Nitrogen(N),-0.24316644666609816,-0.3841001644435588,-0.7924232199217779,0.2169209876250433,-0.77937289723666,-0.03869885799575529,0
Nutrient\rice_plant_lacks_nutrients\Potassium(K)\untitled-269.JPG,Potassium(K),-0.18287143144438572,-1.5006664103997192,-0.24380886423262918,1.145060575849082,-0.77937289723666,-1.3978782607735039,2
Nutrient\rice_plant_lacks_nutrients\Nitrogen(N)\untitled-127.JPG,Nitrogen(N),-0.07568029327245224,0.09652473660876414,-1.3164253541545397,-0.5424659481946248,-0.77937289723666,1.6225204120659376,0
Nutrient\rice_plant_lacks_nutrients\Potassium(K)\untitled-329.JPG,Potassium(K),-0.6719309993538322,-0.03433242474644851,-0.9742360816479939,0.47004996623159934,-0.77937289723666,-0.03869885799575529,2
Nutrient\rice_plant_lacks_nutrients\Potassium(K)\untitled-23.JPG,Potassium(K),-0.19403717500396228,0.06228174111394201,1.2670639561385004,-1.3862292102164782,2.020500997132718,0.7164008102141051,2
Nutrient\rice_plant_lacks_nutrients\Nitrogen(N)\untitled-369.JPG,Nitrogen(N),-1.0962292546177348,1.1543887045738015,-0.3414638074305527,0.13254466142285798,-0.77937289723666,-0.11420882481674133,0
Nutrient\rice_plant_lacks_nutrients\Phosphorus(P)\IMG_3797.JPG,Phosphorus(P),-0.7634900965423578,-0.29115489095761365,0.10314406403966946,1.3138132282534527,-0.33139307413755953,-1.171348360310546,1
Nutrient\rice_plant_lacks_nutrients\Potassium(K)\untitled-112.JPG,Potassium(K),0.6925228636264033,0.957491480478575,1.038408479382386,-0.9643475792055515,0.11658674896154095,0.791910777035091,2
Nutrient\rice_plant_lacks_nutrients\Potassium(K)\untitled-78.JPG,Potassium(K),-0.3972537077882527,1.227766552062705,0.01184066186274841,1.3138132282534527,-0.77937289723666,-1.171348360310546,2
Nutrient\rice_plant_lacks_nutrients\Phosphorus(P)\IMG_4579.JPG,Phosphorus(P),0.35531740812719653,0.3044286378273266,1.3829795797718085,-1.3018528840142929,1.6845161298083926,0.791910777035091,1
Nutrient\rice_plant_lacks_nutrients\Nitrogen(N)\untitled-213.JPG,Nitrogen(N),-1.5071286176101462,-0.41467426756393555,1.5354165642758846,1.7356948592643795,-0.77937289723666,-1.3978782607735039,0
Nutrient\rice_plant_lacks_nutrients\Phosphorus(P)\IMG_4608.JPG,Phosphorus(P),1.107888524042645,0.8192965343744708,1.4187069980149514,1.651318533062194,-0.33139307413755953,-1.0958383934895597,1
Nutrient\rice_plant_lacks_nutrients\Nitrogen(N)\untitled-431.JPG,Nitrogen(N),0.4245450181965707,-0.4232350164376411,0.18015649891933283,2.1575764902753063,-0.77937289723666,-1.3978782607735039,0
Nutrient\rice_plant_lacks_nutrients\Phosphorus(P)\IMG_4273.JPG,Phosphorus(P),0.8510764221723882,-1.0481696842181425,-0.35019717633443204,1.90444751166875,-0.77937289723666,-1.3978782607735039,1
Nutrient\rice_plant_lacks_nutrients\Nitrogen(N)\untitled-435.JPG,Nitrogen(N),1.282074123572037,1.9138494260839598,-0.38671853720520033,-0.8799712530033661,2.020500997132718,0.1878310424672028,0
Nutrient\rice_plant_lacks_nutrients\Nitrogen(N)\untitled-11.JPG,Nitrogen(N),-1.1922546492300918,-1.126439388206307,1.700556630821967,1.4825658806578235,-0.77937289723666,-1.3978782607735039,0
Nutrient\rice_plant_lacks_nutrients\Potassium(K)\untitled-114.JPG,Potassium(K),0.10073845496885461,-0.6592670925269498,1.9736728947251032,-0.6268422743968101,1.9085060413579429,0.9429307106770631,2
Nutrient\rice_plant_lacks_nutrients\Phosphorus(P)\IMG_5429-18.JPG,Phosphorus(P),0.6992223097621493,0.3362257050725182,0.7049525757797198,-0.3737132957902541,-0.33139307413755953,0.791910777035091,1
Nutrient\rice_plant_lacks_nutrients\Phosphorus(P)\IMG_4287.JPG,Phosphorus(P),-1.875598155076167,-1.5789361143878837,-1.260849370220762,-0.7112186005989954,-0.77937289723666,-0.34073872527969945,1
Nutrient\rice_plant_lacks_nutrients\Phosphorus(P)\IMG_4262.JPG,Phosphorus(P),1.5723834561210241,1.3916437447879249,1.8029752297856436,-0.8799712530033661,-0.33139307413755953,-0.11420882481674133,1
Nutrient\rice_plant_lacks_nutrients\Phosphorus(P)\IMG_4613.JPG,Phosphorus(P),0.013645655204158601,0.6615341622733276,-1.1179396972481905,0.385673640029414,-0.77937289723666,0.2633410092881888,1
Nutrient\rice_plant_lacks_nutrients\Potassium(K)\untitled-120.JPG,Potassium(K),-1.554024740560367,0.003579463122818975,0.19127169570608843,1.398189554455638,-0.1074031625880093,-1.3978782607735039,2
Nutrient\rice_plant_lacks_nutrients\Nitrogen(N)\untitled-149.JPG,Nitrogen(N),-0.745624906847036,-0.7595501507617857,-0.046117149953905284,0.385673640029414,-0.77937289723666,0.4143609429301609,0
Nutrient\rice_plant_lacks_nutrients\Nitrogen(N)\untitled-328.JPG,Nitrogen(N),-0.17617198530863964,-1.6168480022571503,0.5144063451496248,-0.7955949268011807,0.11658674896154095,-0.6427785925636436,0
Nutrient\rice_plant_lacks_nutrients\Phosphorus(P)\IMG_4336.JPG,Phosphorus(P),0.4111461259250785,0.43650876330735405,-1.5903355606853014,-1.2174765578121074,0.11658674896154095,0.8674207438560771,1
Nutrient\rice_plant_lacks_nutrients\Nitrogen(N)\untitled-108.JPG,Nitrogen(N),-0.745624906847036,-0.6372537382802785,-1.237031091392,-0.4580896219924394,-0.77937289723666,1.6225204120659376,0
Nutrient\rice_plant_lacks_nutrients\Potassium(K)\untitled-200.JPG,Potassium(K),-0.9332093986479193,0.004802427247633803,-0.5804405383457969,1.4825658806578235,-0.77937289723666,-1.3978782607735039,2
Nutrient\rice_plant_lacks_nutrients\Nitrogen(N)\untitled-47.JPG,Nitrogen(N),0.7907814069506766,-0.02332574762311245,-0.6558650879702098,-0.6268422743968101,0.11658674896154095,0.640890843393119,0
Nutrient\rice_plant_lacks_nutrients\Nitrogen(N)\untitled-121.JPG,Nitrogen(N),-0.9689397780385638,-0.8818465632432928,0.033277112808634365,0.385673640029414,-0.77937289723666,0.11232107564621678,0
Nutrient\rice_plant_lacks_nutrients\Potassium(K)\untitled-263.JPG,Potassium(K),-0.4620150204337956,1.2730162246808632,1.733108278554608,-1.3018528840142929,1.4605262182588423,1.0184406774980492,2
Nutrient\rice_plant_lacks_nutrients\Phosphorus(P)\IMG_4616.JPG,Phosphorus(P),0.5674665357591486,-0.733867904140669,-1.8721851934923173,-1.2174765578121074,1.2365363067092923,0.48987090975114694,1
Nutrient\rice_plant_lacks_nutrients\Nitrogen(N)\untitled-368.JPG,Nitrogen(N),0.31512073131272156,-1.5153419798974996,-0.4946947345622542,-0.20496064338588338,-0.77937289723666,-0.2652287584587134,0
Nutrient\rice_plant_lacks_nutrients\Phosphorus(P)\IMG_3802.JPG,Phosphorus(P),-0.21413551341119977,-0.5797744244139703,0.7128920020559739,0.30129731382722863,-0.77937289723666,0.4143609429301609,1
Nutrient\rice_plant_lacks_nutrients\Phosphorus(P)\IMG_5425-14.JPG,Phosphorus(P),-0.1292758623584186,0.23594264683768232,0.7549709613201201,-1.3018528840142929,2.020500997132718,1.0184406774980492,1
Nutrient\rice_plant_lacks_nutrients\Potassium(K)\untitled-83.JPG,Potassium(K),1.3401359900818355,1.0247545073434037,-0.04532320732628005,1.8200711854665648,-0.77937289723666,-1.3978782607735039,2
Nutrient\rice_plant_lacks_nutrients\Phosphorus(P)\IMG_5448-37.JPG,Phosphorus(P),0.5451350486399956,1.7817693006039323,-0.562179857910413,-1.4706055364186634,2.020500997132718,-0.18971879163772737,1
Nutrient\rice_plant_lacks_nutrients\Potassium(K)\untitled-219.JPG,Potassium(K),-1.0582657265151747,-0.5981188862861962,-0.9782057947861207,-0.3737132957902541,-0.77937289723666,1.7735403457079095,2
Nutrient\rice_plant_lacks_nutrients\Nitrogen(N)\untitled-261.JPG,Nitrogen(N),0.3843483413820957,1.999456914821015,0.9645718150132242,-0.03620799098151271,-0.5553829856871098,1.4715004784239654,0
Nutrient\rice_plant_lacks_nutrients\Nitrogen(N)\untitled-62.JPG,Nitrogen(N),1.4227624924227,2.0777266188091796,-1.5411111177725267,-0.7112186005989954,-0.77937289723666,-0.11420882481674133,0
Nutrient\rice_plant_lacks_nutrients\Phosphorus(P)\IMG_3822.JPG,Phosphorus(P),1.1994476212311722,1.028423399717849,-1.4625107976376126,1.398189554455638,-0.77937289723666,-1.2468583271315319,1
Nutrient\rice_plant_lacks_nutrients\Potassium(K)\untitled-375.JPG,Potassium(K),0.7416521352885391,1.0051870813463628,-0.438324808000851,1.90444751166875,-0.33139307413755953,-1.3978782607735039,2
Nutrient\rice_plant_lacks_nutrients\Nitrogen(N)\untitled-112.JPG,Nitrogen(N),0.14763457791907567,0.34111756157177836,0.4302484266213326,-0.7112186005989954,2.020500997132718,-0.34073872527969945,0
Nutrient\rice_plant_lacks_nutrients\Nitrogen(N)\untitled-425.JPG,Nitrogen(N),0.7193206481693876,0.8657691711174447,-1.3926438464065778,2.073200164073121,-0.33139307413755953,-1.2468583271315319,0
Nutrient\rice_plant_lacks_nutrients\Phosphorus(P)\IMG_3807.JPG,Phosphorus(P),0.9582675603443225,0.5612511040384909,-1.5538141998145332,-0.6268422743968101,-0.77937289723666,1.4715004784239654,1
Nutrient\rice_plant_lacks_nutrients\Phosphorus(P)\IMG_4133.JPG,Phosphorus(P),0.9872984935992201,1.011301901970438,-1.4910927322321268,1.3138132282534527,-0.77937289723666,-1.3978782607735039,1
Nutrient\rice_plant_lacks_nutrients\Phosphorus(P)\IMG_5426-15.JPG,Phosphorus(P),-1.752774975920827,-1.5153419798974996,-1.0480727460171557,1.2294369020512674,-0.77937289723666,-1.3978782607735039,1
Nutrient\rice_plant_lacks_nutrients\Potassium(K)\untitled-332.JPG,Potassium(K),-0.8438834501713085,0.24450339571138785,0.25002345015036737,-1.3018528840142929,2.020500997132718,-0.18971879163772737,2
Nutrient\rice_plant_lacks_nutrients\Phosphorus(P)\IMG_3793.JPG,Phosphorus(P),-0.9711729267504795,-0.46970765318061414,1.7450174179689895,-0.7955949268011807,0.11658674896154095,-0.4917586589216715,1
Nutrient\rice_plant_lacks_nutrients\Nitrogen(N)\untitled-88.JPG,Nitrogen(N),0.9694333039038983,-0.03922428124570869,-1.2822858211666477,1.7356948592643795,-0.5553829856871098,-1.3978782607735039,0
Nutrient\rice_plant_lacks_nutrients\Nitrogen(N)\untitled-230.JPG,Nitrogen(N),0.5897980228783002,0.3435634898214089,-0.8305324660477972,1.8200711854665648,-0.77937289723666,-1.3978782607735039,0
Nutrient\rice_plant_lacks_nutrients\Phosphorus(P)\IMG_4281.JPG,Phosphorus(P),1.4383945334061072,1.3072592201756852,-0.37480939779081945,-0.4580896219924394,-0.5553829856871098,1.3959905116029794,1
Nutrient\rice_plant_lacks_nutrients\Potassium(K)\untitled-91.JPG,Potassium(K),-1.102928700753481,0.002356498998003278,-0.6296649812585718,1.651318533062194,-0.5553829856871098,-1.3978782607735039,2
Nutrient\rice_plant_lacks_nutrients\Nitrogen(N)\untitled-353.JPG,Nitrogen(N),-0.0868460368320288,0.3105434584514016,-0.5558283168894099,1.5669422068600087,-0.77937289723666,-1.3978782607735039,0
Nutrient\rice_plant_lacks_nutrients\Nitrogen(N)\untitled-347.JPG,Nitrogen(N),-1.4736313869314173,-1.4652004507800822,0.004695178214120134,-0.03620799098151271,-0.77937289723666,0.03681110882523075,0
Nutrient\rice_plant_lacks_nutrients\Potassium(K)\untitled-154.JPG,Potassium(K),-2.2418345438302727,-0.6030107427854564,0.13648965439993568,-0.03620799098151271,-0.77937289723666,0.1878310424672028,2
Nutrient\rice_plant_lacks_nutrients\Potassium(K)\untitled-226.JPG,Potassium(K),-1.3262435719450087,0.11853809085543539,-0.46928857047824146,1.9888238378709355,0.11658674896154095,-1.3978782607735039,2
Nutrient\rice_plant_lacks_nutrients\Potassium(K)\untitled-384.JPG,Potassium(K),1.7443359069384998,2.061828085186583,0.5493398207651421,1.90444751166875,-0.77937289723666,-1.0958383934895597,2
Nutrient\rice_plant_lacks_nutrients\Phosphorus(P)\IMG_3821.JPG,Phosphorus(P),-0.046649360017553834,1.5897639330079654,-0.6066406450574354,1.7356948592643795,-0.1074031625880093,-1.3978782607735039,1
Nutrient\rice_plant_lacks_nutrients\Nitrogen(N)\untitled-101.JPG,Nitrogen(N),0.37094944911060357,0.34111756157177836,-0.7606655148167621,0.30129731382722863,-0.77937289723666,0.11232107564621678,0
Nutrient\rice_plant_lacks_nutrients\Nitrogen(N)\untitled-67.JPG,Nitrogen(N),0.11637049595226162,0.876775848240779,-0.08105062556942255,-0.2893369695880687,-0.77937289723666,1.6980303788869235,0
Nutrient\rice_plant_lacks_nutrients\Phosphorus(P)\IMG_4131.JPG,Phosphorus(P),1.0609924010924254,0.5710348170370121,0.20873843351384705,0.63880261863597,0.11658674896154095,0.48987090975114694,1
Nutrient\rice_plant_lacks_nutrients\Nitrogen(N)\untitled-109.JPG,Nitrogen(N),0.14763457791907567,0.34111756157177836,0.350854163858793,-0.3737132957902541,2.020500997132718,-0.4917586589216715,0
Nutrient\rice_plant_lacks_nutrients\Nitrogen(N)\untitled-185.JPG,Nitrogen(N),-0.07568029327245224,0.09652473660876414,-1.3164253541545397,-1.2174765578121074,2.020500997132718,-0.11420882481674133,0
Nutrient\rice_plant_lacks_nutrients\Nitrogen(N)\untitled-106.JPG,Nitrogen(N),-0.07568029327245224,0.09652473660876414,-0.12551141271644495,0.2169209876250433,-0.77937289723666,-0.03869885799575529,0
Nutrient\rice_plant_lacks_nutrients\Phosphorus(P)\IMG_4286-21.JPG,Phosphorus(P),-0.9488414396313264,-1.1227704958318616,1.3702764977298023,-0.7112186005989954,2.020500997132718,-0.2652287584587134,1
Nutrient\rice_plant_lacks_nutrients\Nitrogen(N)\untitled-287.JPG,Nitrogen(N),-0.1962703237158771,0.023146889119859695,0.4381878528975867,-0.7112186005989954,-0.77937289723666,-0.4917586589216715,0
Nutrient\rice_plant_lacks_nutrients\Phosphorus(P)\IMG_4325.JPG,Phosphorus(P),-0.6138691328440345,-0.8671709937455122,-0.08422639607992408,-0.5424659481946248,-0.1074031625880093,1.6225204120659376,1
Nutrient\rice_plant_lacks_nutrients\Phosphorus(P)\IMG_5430.JPG,Phosphorus(P),1.1525514982809513,0.6749867676462933,0.5818914684977831,-0.6268422743968101,-0.77937289723666,1.4715004784239654,1
Nutrient\rice_plant_lacks_nutrients\Nitrogen(N)\untitled-315.JPG,Nitrogen(N),0.4736742898587066,1.0993553189571228,1.6822959503865826,-0.6268422743968101,-0.77937289723666,-0.7182885593846295,0
Nutrient\rice_plant_lacks_nutrients\Nitrogen(N)\untitled-204.JPG,Nitrogen(N),-1.498196022762485,-0.8060227875047588,-0.9964664752215048,-0.5424659481946248,2.020500997132718,-0.41624869210068544,0
Nutrient\rice_plant_lacks_nutrients\Nitrogen(N)\untitled-145.JPG,Nitrogen(N),1.264208933876715,1.074896036460821,-0.8400597775793018,-0.4580896219924394,-0.77937289723666,-0.34073872527969945,0
Nutrient\rice_plant_lacks_nutrients\Phosphorus(P)\IMG_4326.JPG,Phosphorus(P),1.0721581446520012,1.244888049810116,0.15236850695244383,-0.5424659481946248,-0.77937289723666,1.5470104452449513,1
Nutrient\rice_plant_lacks_nutrients\Phosphorus(P)\IMG_4087.JPG,Phosphorus(P),-0.04218306259372337,0.6285141309033194,1.8950725745901893,-0.3737132957902541,1.9085060413579429,-0.5672686257426576,1
Nutrient\rice_plant_lacks_nutrients\Potassium(K)\untitled-191.JPG,Potassium(K),-0.41511889748357456,1.3182658972990196,-1.3124556410164125,1.8200711854665648,-0.77937289723666,-1.3978782607735039,2
Nutrient\rice_plant_lacks_nutrients\Phosphorus(P)\IMG_4276.JPG,Phosphorus(P),-1.2793474489947878,-1.9653927778294458,-1.2941949605810286,2.2419528164774913,-0.5553829856871098,-1.3978782607735039,1
Nutrient\rice_plant_lacks_nutrients\Phosphorus(P)\IMG_4278.JPG,Phosphorus(P),0.4781405872825362,-0.6800574826488063,-1.164782312278089,1.90444751166875,-0.1074031625880093,-1.3978782607735039,1
Nutrient\rice_plant_lacks_nutrients\Phosphorus(P)\IMG_5423-12.JPG,Phosphorus(P),-0.5178437382316776,0.5600281399136761,0.3992846641439421,-0.7955949268011807,-0.77937289723666,-0.7937985262056156,1
Nutrient\rice_plant_lacks_nutrients\Nitrogen(N)\untitled-419.JPG,Nitrogen(N),-0.10471122652735064,-0.3449653124494765,-0.4557915458086096,-0.4580896219924394,0.11658674896154095,-0.9448184598475877,0
Nutrient\rice_plant_lacks_nutrients\Phosphorus(P)\IMG_5426.JPG,Phosphorus(P),-0.26996423120908175,-1.536132370019356,-0.5693253415590418,-1.1331002316099221,1.9085060413579429,0.03681110882523075,1
Nutrient\rice_plant_lacks_nutrients\Potassium(K)\untitled-291.JPG,Potassium(K),-0.35259073354994647,-1.0909734285866701,-1.3458012313766794,-0.2893369695880687,-0.77937289723666,-0.41624869210068544,2
Nutrient\rice_plant_lacks_nutrients\Nitrogen(N)\untitled-319.JPG,Nitrogen(N),0.31512073131272156,0.390036126564381,-0.6836530799370988,-0.12058431718369804,-0.77937289723666,-0.2652287584587134,0
Nutrient\rice_plant_lacks_nutrients\Phosphorus(P)\IMG_4097.JPG,Phosphorus(P),-0.7478580555589516,-1.3832618544174722,0.1650715889944499,-0.03620799098151271,-0.77937289723666,-0.5672686257426576,1
Nutrient\rice_plant_lacks_nutrients\Nitrogen(N)\untitled-350.JPG,Nitrogen(N),2.0793082137257914,0.5306770009181141,0.29766000780789126,-1.3018528840142929,1.9085060413579429,0.8674207438560771,0
Nutrient\rice_plant_lacks_nutrients\Nitrogen(N)\untitled-366.JPG,Nitrogen(N),0.9314697758013382,-0.540639572419888,0.8367470519655354,-1.1331002316099221,0.5645665720606414,0.565380876572133,0
Nutrient\rice_plant_lacks_nutrients\Nitrogen(N)\untitled-400.JPG,Nitrogen(N),2.086007659861538,1.9334168520810004,0.6438189934525641,-1.3018528840142929,0.11658674896154095,0.9429307106770631,0
Nutrient\rice_plant_lacks_nutrients\Phosphorus(P)\IMG_4577.JPG,Phosphorus(P),-0.28559627219248873,0.3582390593191894,0.11664108870930077,-1.3018528840142929,2.020500997132718,-0.18971879163772737,1
Nutrient\rice_plant_lacks_nutrients\Phosphorus(P)\IMG_5421-10.JPG,Phosphorus(P),-0.745624906847036,0.284861211830285,0.40404831990969464,0.30129731382722863,-0.77937289723666,0.33885097610917486,1
Nutrient\rice_plant_lacks_nutrients\Phosphorus(P)\IMG_4093.JPG,Phosphorus(P),-0.055581954865214764,-0.5846662809132306,1.3051732022645197,-0.5424659481946248,-0.77937289723666,0.9429307106770631,1
Nutrient\rice_plant_lacks_nutrients\Potassium(K)\untitled-204.JPG,Potassium(K),-0.8572823424427999,-0.8476035677484707,-1.188600591106851,-0.9643475792055515,2.020500997132718,-0.03869885799575529,2
Nutrient\rice_plant_lacks_nutrients\Potassium(K)\untitled-18.JPG,Potassium(K),1.780066286329145,0.337448669197333,0.39849072151631687,2.073200164073121,0.11658674896154095,-1.2468583271315319,2
Nutrient\rice_plant_lacks_nutrients\Potassium(K)\untitled-254.JPG,Potassium(K),0.10520475239268508,0.8021750366270597,0.16427764636682468,-0.6268422743968101,-0.5553829856871098,-0.5672686257426576,2
Nutrient\rice_plant_lacks_nutrients\Nitrogen(N)\untitled-352.JPG,Nitrogen(N),-0.537942076638915,0.606500776656649,1.4726950966934784,-0.9643475792055515,-0.77937289723666,-0.9448184598475877,0
Nutrient\rice_plant_lacks_nutrients\Potassium(K)\untitled-328.JPG,Potassium(K),-1.357507653911822,-0.3168371375787302,-0.710647129276362,0.30129731382722863,-0.77937289723666,0.03681110882523075,2
Nutrient\rice_plant_lacks_nutrients\Nitrogen(N)\untitled-314.JPG,Nitrogen(N),-0.03101731903414682,-0.9845755497277592,-0.8797569089605716,0.13254466142285798,-0.77937289723666,0.03681110882523075,0
Nutrient\rice_plant_lacks_nutrients\Nitrogen(N)\untitled-305.JPG,Nitrogen(N),-1.0292347932602763,-0.7717797920099365,0.20318083512046925,0.2169209876250433,-0.77937289723666,-0.03869885799575529,0
Nutrient\rice_plant_lacks_nutrients\Potassium(K)\untitled-240.JPG,Potassium(K),-0.8528160450189695,-1.1631283119507587,1.257536644606996,-0.8799712530033661,-0.77937289723666,-0.34073872527969945,2
Nutrient\rice_plant_lacks_nutrients\Nitrogen(N)\untitled-141.JPG,Nitrogen(N),-0.2989951644639801,-0.1480680883542501,-0.046117149953905284,0.47004996623159934,-0.77937289723666,-0.03869885799575529,0
Nutrient\rice_plant_lacks_nutrients\Phosphorus(P)\IMG_3810.JPG,Phosphorus(P),1.098955929194984,-0.6592670925269498,-1.4807714780729968,0.2169209876250433,-0.33139307413755953,0.03681110882523075,1
Nutrient\rice_plant_lacks_nutrients\Nitrogen(N)\untitled-338.JPG,Nitrogen(N),-1.30167893611394,0.40838058843660696,1.7664538689148748,-0.4580896219924394,0.11658674896154095,-1.0203284266685737,0
Nutrient\rice_plant_lacks_nutrients\Nitrogen(N)\untitled-259.JPG,Nitrogen(N),0.0426765884590578,-0.8610561731214363,-0.13186295373744797,-1.3018528840142929,2.020500997132718,-0.2652287584587134,0
Nutrient\rice_plant_lacks_nutrients\Potassium(K)\untitled-22.JPG,Potassium(K),-0.3213266515831332,0.1258758756043261,-0.6209316123546925,1.8200711854665648,-0.77937289723666,-1.3978782607735039,2
Nutrient\rice_plant_lacks_nutrients\Potassium(K)\untitled-139.JPG,Potassium(K),0.7103880533217266,-0.3339586353261413,-1.4998261011360061,1.90444751166875,-0.77937289723666,-1.3978782607735039,2
Nutrient\rice_plant_lacks_nutrients\Nitrogen(N)\untitled-211.JPG,Nitrogen(N),1.804630922160213,1.8050056189754184,0.5421943371165132,-0.6268422743968101,-0.5553829856871098,1.3204805447819934,0
Nutrient\rice_plant_lacks_nutrients\Potassium(K)\untitled-31.JPG,Potassium(K),-0.363756477109523,0.28975306832954517,-0.3589305452383113,1.7356948592643795,-0.1074031625880093,-1.3978782607735039,2
Nutrient\rice_plant_lacks_nutrients\Nitrogen(N)\untitled-130.JPG,Nitrogen(N),-0.522310035655508,-0.6372537382802785,-0.6812712520542225,1.90444751166875,-0.77937289723666,-1.3978782607735039,0
Nutrient\rice_plant_lacks_nutrients\Phosphorus(P)\IMG_4300-26.JPG,Phosphorus(P),-0.17617198530863964,0.06717359761320219,1.1567059308985703,-0.5424659481946248,-0.77937289723666,-0.4917586589216715,1
Nutrient\rice_plant_lacks_nutrients\Nitrogen(N)\untitled-156.JPG,Nitrogen(N),-0.522310035655508,-0.6372537382802785,0.2714599010962533,-1.1331002316099221,2.020500997132718,-0.2652287584587134,0
Nutrient\rice_plant_lacks_nutrients\Nitrogen(N)\untitled-68.JPG,Nitrogen(N),-0.11811011879884283,0.5147784672955187,-1.8721851934923173,-0.5424659481946248,-0.77937289723666,1.3959905116029794,0
Nutrient\rice_plant_lacks_nutrients\Phosphorus(P)\IMG_4099.JPG,Phosphorus(P),-0.4620150204337956,0.02070096087023004,0.11267137557117402,-0.4580896219924394,-0.1074031625880093,1.6980303788869235,1
Nutrient\rice_plant_lacks_nutrients\Phosphorus(P)\IMG_3791.JPG,Phosphorus(P),-0.7657232452542734,-0.8182524287529087,-1.0139332130292638,-0.12058431718369804,-0.1074031625880093,1.6980303788869235,1
Nutrient\rice_plant_lacks_nutrients\Phosphorus(P)\IMG_4095.JPG,Phosphorus(P),1.7956983273125522,0.770377969381869,0.21270814665197382,-0.7955949268011807,2.020500997132718,-0.11420882481674133,1
Nutrient\rice_plant_lacks_nutrients\Nitrogen(N)\untitled-394.JPG,Nitrogen(N),1.487523805068243,0.4560761893043948,0.9725112412894783,1.398189554455638,-0.5553829856871098,-1.3978782607735039,0
Nutrient\rice_plant_lacks_nutrients\Potassium(K)\untitled-205.JPG,Potassium(K),1.4674254666610047,1.7108373813646585,-0.7638412853272637,-0.6268422743968101,-0.77937289723666,-0.5672686257426576,2
Nutrient\rice_plant_lacks_nutrients\Nitrogen(N)\untitled-298.JPG,Nitrogen(N),-0.24539959537801379,0.35946202344400424,0.6406432229420626,-1.0487239054077369,-0.77937289723666,1.6980303788869235,0
Nutrient\rice_plant_lacks_nutrients\Phosphorus(P)\IMG_4302-28.JPG,Phosphorus(P),-1.9202611293144731,-1.8492111859720137,1.2551548167241195,-0.7112186005989954,2.020500997132718,0.03681110882523075,1
Nutrient\rice_plant_lacks_nutrients\Phosphorus(P)\IMG_4314.JPG,Phosphorus(P),-1.5450921457127054,-0.10648730811053726,-0.5463010053579048,2.073200164073121,0.11658674896154095,-1.2468583271315319,1
Nutrient\rice_plant_lacks_nutrients\Nitrogen(N)\untitled-200.JPG,Nitrogen(N),-0.9644734806147334,-0.8255902135017994,-0.9893209915728762,-0.6268422743968101,0.3405766605110912,-0.4917586589216715,0
Nutrient\rice_plant_lacks_nutrients\Potassium(K)\untitled-245.JPG,Potassium(K),-1.444600453676518,0.3227730996995525,-1.3672376823225652,2.1575764902753063,-0.77937289723666,-1.0958383934895597,2
Nutrient\rice_plant_lacks_nutrients\Potassium(K)\untitled-192.JPG,Potassium(K),1.0967227804830693,-0.48193729442876415,-0.3398759221753022,1.7356948592643795,-0.77937289723666,-1.3223682939525179,2
Nutrient\rice_plant_lacks_nutrients\Potassium(K)\untitled-61.JPG,Potassium(K),-0.649599512234679,-0.30949935282983954,-1.5260262078476443,0.04816833522067263,-0.77937289723666,1.3204805447819934,2
Nutrient\rice_plant_lacks_nutrients\Potassium(K)\untitled-304.JPG,Potassium(K),-0.6161022815559501,0.31910420732510714,1.5624106136151479,-0.2893369695880687,-0.1074031625880093,1.5470104452449513,2
Nutrient\rice_plant_lacks_nutrients\Potassium(K)\untitled-262.JPG,Potassium(K),0.6210621048451143,0.8890054894889308,-0.1294811258545717,-0.9643475792055515,-0.77937289723666,-0.2652287584587134,2
Nutrient\rice_plant_lacks_nutrients\Potassium(K)\untitled-308.JPG,Potassium(K),-1.2972126386901095,-0.9931362986014639,0.6271461982724307,-0.4580896219924394,-0.77937289723666,1.6225204120659376,2
Nutrient\rice_plant_lacks_nutrients\Phosphorus(P)\IMG_5423.JPG,Phosphorus(P),-0.26996423120908175,0.9733900141011704,0.06662270316890115,-1.1331002316099221,0.11658674896154095,-0.2652287584587134,1
Nutrient\rice_plant_lacks_nutrients\Nitrogen(N)\untitled-379.JPG,Nitrogen(N),0.027044547475650785,-1.2683032266848548,-0.8154475561229143,0.385673640029414,-0.5553829856871098,0.48987090975114694,0
Nutrient\rice_plant_lacks_nutrients\Potassium(K)\untitled-68.JPG,Potassium(K),-0.01091898062690934,1.2925836506779038,-0.9527996307021083,-0.2893369695880687,-0.77937289723666,1.3204805447819934,2
Nutrient\rice_plant_lacks_nutrients\Phosphorus(P)\IMG_4586.JPG,Phosphorus(P),-0.29229571832823403,0.9012351307370807,-1.284667649049524,1.7356948592643795,-0.77937289723666,-1.0958383934895597,1
Nutrient\rice_plant_lacks_nutrients\Potassium(K)\untitled-57.JPG,Potassium(K),0.34415166456762,-0.763219043136231,0.4993214352247419,0.63880261863597,-0.33139307413755953,0.2633410092881888,2
Nutrient\rice_plant_lacks_nutrients\Phosphorus(P)\IMG_3784.JPG,Phosphorus(P),0.30618813646506066,-0.09425766686238723,-0.6439559485558289,-0.3737132957902541,-0.77937289723666,1.1694606111400212,1
Nutrient\rice_plant_lacks_nutrients\Potassium(K)\untitled-354.JPG,Potassium(K),-1.062732023939006,-0.6213552046576823,-1.1139699841100634,-0.7955949268011807,-0.77937289723666,-1.0203284266685737,2
Nutrient\rice_plant_lacks_nutrients\Phosphorus(P)\IMG_5431.JPG,Phosphorus(P),-1.9872555906719307,-1.9458253518324051,-0.5463010053579048,0.385673640029414,-0.77937289723666,-0.2652287584587134,1
Nutrient\rice_plant_lacks_nutrients\Potassium(K)\untitled-213.JPG,Potassium(K),-0.9443751422074959,-0.06979838436608547,-1.6395600035980762,1.8200711854665648,-0.33139307413755953,-1.3978782607735039,2
Nutrient\rice_plant_lacks_nutrients\Nitrogen(N)\untitled-432.JPG,Nitrogen(N),0.1878312547335506,0.16867961997285374,-1.8110516111651618,-0.5424659481946248,-0.77937289723666,1.7735403457079095,0
Nutrient\rice_plant_lacks_nutrients\Nitrogen(N)\untitled-139.JPG,Nitrogen(N),1.0408940626851872,0.952599623979314,-0.12551141271644495,-0.7112186005989954,-0.77937289723666,1.2449705779610072,0
Nutrient\rice_plant_lacks_nutrients\Phosphorus(P)\IMG_3789.JPG,Phosphorus(P),0.7528178788481165,1.4589067716527535,0.01819220288375201,1.5669422068600087,-0.77937289723666,-1.0958383934895597,1
Nutrient\rice_plant_lacks_nutrients\Potassium(K)\untitled-158.JPG,Potassium(K),-1.087296659770074,-1.3245595764263483,-0.6018769892916829,0.47004996623159934,-0.77937289723666,0.11232107564621678,2
Nutrient\rice_plant_lacks_nutrients\Phosphorus(P)\IMG_4342.JPG,Phosphorus(P),2.157468418642827,2.403035076009988,0.678752469068082,-0.7112186005989954,1.2365363067092923,0.7164008102141051,1
Nutrient\rice_plant_lacks_nutrients\Phosphorus(P)\IMG_4285-20.JPG,Phosphorus(P),0.8131128940698281,1.034538220341924,1.4671374983001007,-0.7112186005989954,1.4605262182588423,-0.2652287584587134,1
Nutrient\rice_plant_lacks_nutrients\Phosphorus(P)\IMG_5439-28.JPG,Phosphorus(P),1.6572431071738039,0.0011335348731884502,1.0050628890221198,-0.2893369695880687,-0.77937289723666,1.3959905116029794,1
Nutrient\rice_plant_lacks_nutrients\Phosphorus(P)\IMG_3798.JPG,Phosphorus(P),1.154784646992866,1.3598466775427325,1.2353062510334847,1.8200711854665648,-0.77937289723666,-1.3978782607735039,1
Nutrient\rice_plant_lacks_nutrients\Potassium(K)\untitled-235.JPG,Potassium(K),-0.4084194513478285,-0.42568094468727163,-0.06755360089979125,1.3138132282534527,-0.77937289723666,-1.3978782607735039,2
Nutrient\rice_plant_lacks_nutrients\Nitrogen(N)\untitled-187.JPG,Nitrogen(N),1.264208933876715,0.09652473660876414,-0.046117149953905284,-0.2893369695880687,-0.77937289723666,1.6980303788869235,0
Nutrient\rice_plant_lacks_nutrients\Nitrogen(N)\untitled-323.JPG,Nitrogen(N),0.2860897980578232,-0.16274365785203063,-0.06437783038928915,-0.7112186005989954,1.9085060413579429,-0.03869885799575529,0
Nutrient\rice_plant_lacks_nutrients\Nitrogen(N)\untitled-346.JPG,Nitrogen(N),1.4696586153729212,1.2925836506779038,-0.868641712173816,-0.5424659481946248,-0.33139307413755953,0.9429307106770631,0
Nutrient\rice_plant_lacks_nutrients\Potassium(K)\untitled-66.JPG,Potassium(K),-0.23423385181843723,1.3072592201756852,0.01819220288375201,0.8075552710403406,-0.77937289723666,0.1878310424672028,2
Nutrient\rice_plant_lacks_nutrients\Potassium(K)\untitled-170.JPG,Potassium(K),-0.07791344198436786,1.2522258345590067,-1.8721851934923173,-0.8799712530033661,-0.1074031625880093,1.2449705779610072,2
Nutrient\rice_plant_lacks_nutrients\Phosphorus(P)\IMG_4121.JPG,Phosphorus(P),-0.5446415227746612,-0.0856969179886817,-0.9250116387352192,1.4825658806578235,-0.1074031625880093,-1.171348360310546,1
Nutrient\rice_plant_lacks_nutrients\Nitrogen(N)\untitled-361.JPG,Nitrogen(N),0.42007872077273944,-0.3571949536976274,0.4111938035583229,1.398189554455638,-0.77937289723666,-1.2468583271315319,0
Nutrient\rice_plant_lacks_nutrients\Phosphorus(P)\IMG_4109.JPG,Phosphorus(P),-0.8684480860023764,0.19191593834433984,0.5509277060203931,-0.03620799098151271,-0.77937289723666,0.4143609429301609,1
Nutrient\rice_plant_lacks_nutrients\Nitrogen(N)\untitled-402.JPG,Nitrogen(N),-1.1252601878726332,-1.0885275003370396,0.17380495789832978,-0.3737132957902541,-0.5553829856871098,1.3204805447819934,0
Nutrient\rice_plant_lacks_nutrients\Nitrogen(N)\untitled-223.JPG,Nitrogen(N),-0.4843465075529479,-0.06368356374201047,-0.7519321459128828,-0.5424659481946248,1.012546395159742,1.0939506443190352,0
Nutrient\rice_plant_lacks_nutrients\Nitrogen(N)\untitled-87.JPG,Nitrogen(N),0.3218201774484677,0.7569253640089033,0.6866918953443354,-0.03620799098151271,-0.77937289723666,1.7735403457079095,0
Nutrient\rice_plant_lacks_nutrients\Phosphorus(P)\IMG_4308.JPG,Phosphorus(P),0.11190419852843116,-0.0025353575012569025,0.1428411954209393,0.2169209876250433,-0.77937289723666,0.33885097610917486,1
Nutrient\rice_plant_lacks_nutrients\Nitrogen(N)\untitled-437.JPG,Nitrogen(N),0.4893063308421136,-0.9711229443547926,0.08964703937003758,1.651318533062194,-0.77937289723666,-1.0958383934895597,0
Nutrient\rice_plant_lacks_nutrients\Potassium(K)\untitled-333.JPG,Potassium(K),0.09627215754502415,0.1063084496072845,-0.33749409429242594,0.04816833522067263,-0.77937289723666,0.2633410092881888,2
Nutrient\rice_plant_lacks_nutrients\Potassium(K)\untitled-302.JPG,Potassium(K),-0.817085665628325,-0.061237635492379934,-0.9488299175639812,0.47004996623159934,-0.77937289723666,0.33885097610917486,2
Nutrient\rice_plant_lacks_nutrients\Phosphorus(P)\IMG_4098.JPG,Phosphorus(P),-0.12704271364650374,0.513555503170703,0.5334609682126339,-0.20496064338588338,-0.77937289723666,-0.8693084930266016,1
Nutrient\rice_plant_lacks_nutrients\Nitrogen(N)\untitled-299.JPG,Nitrogen(N),0.8510764221723882,1.4613526999023831,-0.14932969154520662,1.5669422068600087,-0.77937289723666,-1.3223682939525179,0
Nutrient\rice_plant_lacks_nutrients\Potassium(K)\untitled-237.JPG,Potassium(K),-0.12034326751075766,0.9146877361100465,2.097527944634665,-0.6268422743968101,0.5645665720606414,0.8674207438560771,2
Nutrient\rice_plant_lacks_nutrients\Nitrogen(N)\untitled-359.JPG,Nitrogen(N),0.7528178788481165,0.02559281736949022,-1.1322306645454476,-0.20496064338588338,-0.77937289723666,1.4715004784239654,0
Nutrient\rice_plant_lacks_nutrients\Potassium(K)\untitled-72.JPG,Potassium(K),0.7773825146791844,0.5698118529121964,-1.0774486232392952,-0.5424659481946248,-0.5553829856871098,1.2449705779610072,2
Nutrient\rice_plant_lacks_nutrients\Nitrogen(N)\untitled-380.JPG,Nitrogen(N),0.23249422897185604,1.0553286104637805,1.2829428086910086,-0.5424659481946248,-0.77937289723666,1.1694606111400212,0
Nutrient\rice_plant_lacks_nutrients\Phosphorus(P)\IMG_5443-32.JPG,Phosphorus(P),-0.26103163636142,-0.06001467136756511,-1.8721851934923173,-0.5424659481946248,1.2365363067092923,1.1694606111400212,1
Nutrient\rice_plant_lacks_nutrients\Nitrogen(N)\untitled-122.JPG,Nitrogen(N),-0.07568029327245224,0.09652473660876414,1.5417681052968877,-0.7955949268011807,1.2365363067092923,0.791910777035091,0
Nutrient\rice_plant_lacks_nutrients\Potassium(K)\untitled-206.JPG,Potassium(K),0.8175791914936593,1.771985587605412,1.1273300536764308,1.7356948592643795,0.11658674896154095,-1.2468583271315319,2
Nutrient\rice_plant_lacks_nutrients\Phosphorus(P)\IMG_4305.JPG,Phosphorus(P),-0.2632647850733356,0.9269173773581982,1.2813549234357575,0.30129731382722863,-0.77937289723666,0.2633410092881888,1
Nutrient\rice_plant_lacks_nutrients\Phosphorus(P)\IMG_4362.JPG,Phosphorus(P),0.40891297721316366,-0.32050602995317473,1.5385923347863861,-0.6268422743968101,1.4605262182588423,0.565380876572133,1
Nutrient\rice_plant_lacks_nutrients\Phosphorus(P)\IMG_4123.JPG,Phosphorus(P),2.157468418642827,1.538399439765734,1.2233971116191038,0.04816833522067263,-0.5553829856871098,1.5470104452449513,1
Nutrient\rice_plant_lacks_nutrients\Potassium(K)\untitled-106.JPG,Potassium(K),0.04044343974714217,-0.5161802899235862,2.0197215671273763,2.073200164073121,-0.33139307413755953,-1.3978782607735039,2
Nutrient\rice_plant_lacks_nutrients\Phosphorus(P)\IMG_3815.JPG,Phosphorus(P),-0.4977453998244401,-1.4688693431545266,-0.5383615790816514,-0.7112186005989954,-0.77937289723666,1.2449705779610072,1
Nutrient\rice_plant_lacks_nutrients\Phosphorus(P)\IMG_4122.JPG,Phosphorus(P),0.7907814069506766,1.093240498333048,-0.12312958483356866,-0.7955949268011807,1.9085060413579429,1.0184406774980492,1
Nutrient\rice_plant_lacks_nutrients\Phosphorus(P)\IMG_4301-27.JPG,Phosphorus(P),-1.5986877147986727,-1.5275716211456505,-1.1155578693653143,-0.20496064338588338,2.020500997132718,-0.8693084930266016,1
Nutrient\rice_plant_lacks_nutrients\Nitrogen(N)\untitled-63.JPG,Nitrogen(N),0.3084212851769755,1.5518520451386995,-0.1969662492027305,-0.3737132957902541,-0.33139307413755953,1.4715004784239654,0
Nutrient\rice_plant_lacks_nutrients\Potassium(K)\untitled-16.JPG,Potassium(K),0.3642500029748575,-0.8586102448718067,-0.8448234333450544,1.8200711854665648,-0.1074031625880093,-1.3978782607735039,2
Nutrient\rice_plant_lacks_nutrients\Nitrogen(N)\untitled-227.JPG,Nitrogen(N),-0.5580404150461525,0.8951203101130057,-0.5312160954330225,-0.9643475792055515,1.6845161298083926,0.11232107564621678,0
Nutrient\rice_plant_lacks_nutrients\Nitrogen(N)\untitled-78.JPG,Nitrogen(N),0.9024388425464405,0.18580111772026395,0.5866551242635356,-0.7955949268011807,1.6845161298083926,-0.7937985262056156,0
Nutrient\rice_plant_lacks_nutrients\Nitrogen(N)\untitled-91.JPG,Nitrogen(N),1.766667394057653,1.9101805337095146,0.40325437728206887,1.4825658806578235,-0.77937289723666,-1.171348360310546,0
Nutrient\rice_plant_lacks_nutrients\Phosphorus(P)\IMG_4091.JPG,Phosphorus(P),-1.047099982955599,0.4536302610547651,-1.1981279026383558,2.1575764902753063,-0.77937289723666,-1.2468583271315319,1
Nutrient\rice_plant_lacks_nutrients\Potassium(K)\untitled-26.JPG,Potassium(K),-0.42851778975506594,-1.1900335226966912,-0.4248277833312197,-0.7955949268011807,1.6845161298083926,0.48987090975114694,2
Nutrient\rice_plant_lacks_nutrients\Potassium(K)\untitled-197.JPG,Potassium(K),-0.8818469782738678,-0.05512281486830493,-1.3847044201303238,1.7356948592643795,-0.77937289723666,-1.3978782607735039,2
Nutrient\rice_plant_lacks_nutrients\Nitrogen(N)\untitled-324.JPG,Nitrogen(N),-0.9845718190219709,-0.628692989406573,-1.567311224484165,-0.8799712530033661,2.020500997132718,-0.4917586589216715,0
Nutrient\rice_plant_lacks_nutrients\Nitrogen(N)\untitled-430.JPG,Nitrogen(N),-0.5692061586057291,0.11364623435617521,-0.1922025934369785,1.5669422068600087,-0.77937289723666,-1.0958383934895597,0
Nutrient\rice_plant_lacks_nutrients\Potassium(K)\untitled-270.JPG,Potassium(K),-0.6585321070823399,-0.078359133239791,0.34132685232728843,-0.12058431718369804,-0.1074031625880093,0.7164008102141051,2
Nutrient\rice_plant_lacks_nutrients\Potassium(K)\untitled-11.JPG,Potassium(K),-0.8126193682044944,0.23838857508731198,2.078473321571656,-0.8799712530033661,0.3405766605110912,0.7164008102141051,2
Nutrient\rice_plant_lacks_nutrients\Potassium(K)\untitled-98.JPG,Potassium(K),1.0721581446520012,1.1898546641934376,-0.5439191774750292,-0.5424659481946248,-0.77937289723666,1.0184406774980492,2
Nutrient\rice_plant_lacks_nutrients\Phosphorus(P)\IMG_3809.JPG,Phosphorus(P),-0.2989951644639801,-1.7917318721057054,-0.7638412853272637,-0.20496064338588338,-0.5553829856871098,-0.18971879163772737,1
Nutrient\rice_plant_lacks_nutrients\Nitrogen(N)\untitled-90.JPG,Nitrogen(N),-1.4021706281501283,-2.3249442305250763,-0.7416108917537525,-1.3862292102164782,2.020500997132718,-0.4917586589216715,0
Nutrient\rice_plant_lacks_nutrients\Potassium(K)\untitled-313.JPG,Potassium(K),0.05384233201863356,-0.9968051909759092,-1.0782425658669208,-0.7112186005989954,-0.1074031625880093,-0.7182885593846295,2
Nutrient\rice_plant_lacks_nutrients\Potassium(K)\untitled-132.JPG,Potassium(K),-0.2878294209044036,0.5111095749210733,0.26669624533050074,-0.7112186005989954,2.020500997132718,-0.18971879163772737,2
Nutrient\rice_plant_lacks_nutrients\Phosphorus(P)\IMG_4129.JPG,Phosphorus(P),-0.9823386703100552,0.19436186659396948,1.4893678918736117,-0.6268422743968101,-0.77937289723666,0.03681110882523075,1
Nutrient\rice_plant_lacks_nutrients\Nitrogen(N)\untitled-282.JPG,Nitrogen(N),-1.2324513260445666,-0.6678278414006553,0.3484723359759167,-1.0487239054077369,2.020500997132718,-0.6427785925636436,0
Nutrient\rice_plant_lacks_nutrients\Nitrogen(N)\untitled-4.JPG,Nitrogen(N),-1.2056535415015832,-1.0750748949640738,0.9661597002684752,1.398189554455638,-0.77937289723666,-1.3223682939525179,0
Nutrient\rice_plant_lacks_nutrients\Potassium(K)\untitled-380.JPG,Potassium(K),1.949785588434706,1.8050056189754184,-0.5185130133910164,-0.7112186005989954,1.4605262182588423,1.1694606111400212,2
Nutrient\rice_plant_lacks_nutrients\Nitrogen(N)\untitled-18.JPG,Nitrogen(N),-0.2989951644639801,-0.1480680883542501,1.3829795797718085,-0.6268422743968101,-0.77937289723666,1.4715004784239654,0
Nutrient\rice_plant_lacks_nutrients\Phosphorus(P)\IMG_4124.JPG,Phosphorus(P),-0.035483616457977284,-0.6714967337751007,-0.5534464890065337,-0.7112186005989954,-0.77937289723666,-0.34073872527969945,1
Nutrient\rice_plant_lacks_nutrients\Potassium(K)\untitled-44.JPG,Potassium(K),-0.7746558401019343,-0.84026578299958,-0.5923496777601783,-0.20496064338588338,-0.5553829856871098,1.6225204120659376,2
Nutrient\rice_plant_lacks_nutrients\Potassium(K)\untitled-224.JPG,Potassium(K),1.3267370978103432,0.42672505030883373,-0.896429704140705,1.5669422068600087,-0.77937289723666,-1.3978782607735039,2
Nutrient\rice_plant_lacks_nutrients\Potassium(K)\untitled-101.JPG,Potassium(K),-0.6607652557942556,-1.1191016034574164,-1.5109412979227617,2.073200164073121,-0.77937289723666,-1.3978782607735039,2
Nutrient\rice_plant_lacks_nutrients\Phosphorus(P)\IMG_5428.JPG,Phosphorus(P),0.9783658987515592,0.682324552395184,-1.4879169617216252,0.47004996623159934,-0.5553829856871098,-0.18971879163772737,1
Nutrient\rice_plant_lacks_nutrients\Potassium(K)\untitled-167.JPG,Potassium(K),-1.2815805977067025,-2.0351017329439047,0.13887148228281196,-1.3018528840142929,1.9085060413579429,0.11232107564621678,2
Nutrient\rice_plant_lacks_nutrients\Potassium(K)\untitled-142.JPG,Potassium(K),0.7684499198315234,1.2118680184401096,-1.853924513056933,1.9888238378709355,-0.77937289723666,-1.3223682939525179,2
Nutrient\rice_plant_lacks_nutrients\Nitrogen(N)\untitled-281.JPG,Nitrogen(N),1.0699249959400865,0.7923913236285394,-0.4621430868296132,-0.8799712530033661,0.11658674896154095,-0.9448184598475877,0
Nutrient\rice_plant_lacks_nutrients\Nitrogen(N)\untitled-289.JPG,Nitrogen(N),-1.498196022762485,-0.05634577899311976,-0.6336346943966986,0.04816833522067263,-0.77937289723666,-0.03869885799575529,0
Nutrient\rice_plant_lacks_nutrients\Nitrogen(N)\untitled-376.JPG,Nitrogen(N),-0.7657232452542734,-1.8271978317253423,-1.573662765505168,-0.03620799098151271,-0.77937289723666,2.0000702461708677,0
Nutrient\rice_plant_lacks_nutrients\Nitrogen(N)\untitled-250.JPG,Nitrogen(N),-0.8193188143402398,-1.378369997918212,-0.7543139737957592,-0.4580896219924394,-0.77937289723666,-0.7937985262056156,0
Nutrient\rice_plant_lacks_nutrients\Potassium(K)\untitled-51.JPG,Potassium(K),1.9028894654844848,2.036145838565467,-0.467700685222991,-1.0487239054077369,-0.33139307413755953,1.2449705779610072,2
Nutrient\rice_plant_lacks_nutrients\Phosphorus(P)\IMG_4100.JPG,Phosphorus(P),0.7059217558978954,-0.7509894018880802,0.25955076168187247,0.47004996623159934,-0.77937289723666,0.791910777035091,1
Nutrient\rice_plant_lacks_nutrients\Nitrogen(N)\untitled-154.JPG,Nitrogen(N),-0.07568029327245224,0.09652473660876414,0.4302484266213326,-0.4580896219924394,-0.77937289723666,-0.7182885593846295,0
Nutrient\rice_plant_lacks_nutrients\Phosphorus(P)\IMG_4598.JPG,Phosphorus(P),-0.5111442920959315,-0.6653819131510248,-1.0139332130292638,1.398189554455638,0.11658674896154095,-1.3223682939525179,1
Nutrient\rice_plant_lacks_nutrients\Potassium(K)\untitled-156.JPG,Potassium(K),0.08287326527353275,-0.336404563575771,-0.01435944484888954,1.8200711854665648,-0.1074031625880093,-1.3978782607735039,2
Nutrient\rice_plant_lacks_nutrients\Potassium(K)\untitled-228.JPG,Potassium(K),2.157468418642827,1.5335075832664729,0.20238689249284403,-0.8799712530033661,0.11658674896154095,0.7164008102141051,2
Nutrient\rice_plant_lacks_nutrients\Potassium(K)\untitled-188.JPG,Potassium(K),-0.10024492910352018,-0.7766716485091968,0.562836845434774,-0.5424659481946248,1.4605262182588423,0.791910777035091,2
Nutrient\rice_plant_lacks_nutrients\Potassium(K)\untitled-260.JPG,Potassium(K),-0.2587984876495052,1.0027411530967314,-1.140964033449327,-0.8799712530033661,2.020500997132718,-0.11420882481674133,2
Nutrient\rice_plant_lacks_nutrients\Phosphorus(P)\IMG_4300.JPG,Phosphorus(P),0.6813571200668275,-0.6996249086458469,0.5159942304048754,-0.4580896219924394,0.3405766605110912,-0.11420882481674133,1
Nutrient\rice_plant_lacks_nutrients\Potassium(K)\untitled-90.JPG,Potassium(K),-0.7411586094232054,-0.5039506486754354,-0.6264892107480703,1.4825658806578235,-0.77937289723666,-1.3978782607735039,2
Nutrient\rice_plant_lacks_nutrients\Nitrogen(N)\untitled-100.JPG,Nitrogen(N),0.8175791914936593,0.7080067990162997,1.462373842534348,-0.9643475792055515,1.2365363067092923,0.8674207438560771,0
Nutrient\rice_plant_lacks_nutrients\Nitrogen(N)\untitled-60.JPG,Nitrogen(N),0.5138709666731816,2.240380847409584,-0.34940323370680676,-0.5424659481946248,-0.77937289723666,1.1694606111400212,0
Nutrient\rice_plant_lacks_nutrients\Nitrogen(N)\untitled-24.JPG,Nitrogen(N),-0.4396835333146425,0.07206545411246237,-0.6534832600873335,0.385673640029414,-0.33139307413755953,-0.18971879163772737,0
Nutrient\rice_plant_lacks_nutrients\Phosphorus(P)\IMG_5425.JPG,Phosphorus(P),-1.0560325778032598,-0.33151270707651076,1.3424885057629135,-0.4580896219924394,-0.77937289723666,1.6225204120659376,1
Nutrient\rice_plant_lacks_nutrients\Nitrogen(N)\untitled-344.JPG,Nitrogen(N),-1.4914965766267392,-0.4342416935609772,-0.9734421390203684,1.651318533062194,-0.77937289723666,-1.2468583271315319,0
Nutrient\rice_plant_lacks_nutrients\Nitrogen(N)\untitled-367.JPG,Nitrogen(N),-0.1516073494775717,-1.8920149303405414,-0.021504928497517815,1.398189554455638,-0.1074031625880093,-1.2468583271315319,0
Nutrient\rice_plant_lacks_nutrients\Phosphorus(P)\IMG_3788.JPG,Phosphorus(P),0.07840696784970229,0.028038745619119877,0.5945945505397897,0.63880261863597,-0.77937289723666,-0.11420882481674133,1
Nutrient\rice_plant_lacks_nutrients\Nitrogen(N)\untitled-105.JPG,Nitrogen(N),0.5942643203021315,0.5857103865347926,0.5096426893838722,1.90444751166875,-0.77937289723666,-1.3978782607735039,0
Nutrient\rice_plant_lacks_nutrients\Nitrogen(N)\untitled-403.JPG,Nitrogen(N),-0.2163686621231146,0.2934219607039905,-0.8400597775793018,-1.2174765578121074,1.2365363067092923,0.565380876572133,0
Nutrient\rice_plant_lacks_nutrients\Potassium(K)\untitled-186.JPG,Potassium(K),0.42007872077273944,0.19191593834433984,-0.712235014531613,-1.0487239054077369,1.6845161298083926,0.9429307106770631,2
Nutrient\rice_plant_lacks_nutrients\Phosphorus(P)\IMG_4304.JPG,Phosphorus(P),1.8626927886700098,2.2844075559029267,-0.6209316123546925,-0.7112186005989954,1.6845161298083926,0.565380876572133,1
Nutrient\rice_plant_lacks_nutrients\Phosphorus(P)\IMG_4619.JPG,Phosphorus(P),-0.2029697698516232,-1.999635773324268,-1.6014507574720571,-0.3737132957902541,2.020500997132718,-0.4917586589216715,1
Nutrient\rice_plant_lacks_nutrients\Nitrogen(N)\untitled-72.JPG,Nitrogen(N),-1.0337010906841066,-1.232837267065218,-0.8194172692610416,-1.1331002316099221,1.4605262182588423,0.9429307106770631,0
Nutrient\rice_plant_lacks_nutrients\Potassium(K)\untitled-67.JPG,Potassium(K),0.38658149009401055,0.46708286642773084,-0.3335243811542986,1.9888238378709355,-0.1074031625880093,-1.3978782607735039,2
Nutrient\rice_plant_lacks_nutrients\Potassium(K)\untitled-159.JPG,Potassium(K),-0.8014536246449179,0.1833551894706343,2.055448985370519,-1.0487239054077369,0.3405766605110912,0.791910777035091,2
Nutrient\rice_plant_lacks_nutrients\Phosphorus(P)\IMG_4615.JPG,Phosphorus(P),1.1882818776715949,0.9868426194741361,0.7621164449687483,-0.7955949268011807,2.020500997132718,0.1878310424672028,1
Nutrient\rice_plant_lacks_nutrients\Phosphorus(P)\IMG_4089.JPG,Phosphorus(P),0.9314697758013382,-0.8647250654958817,2.097527944634665,-1.2174765578121074,1.6845161298083926,0.565380876572133,1
Nutrient\rice_plant_lacks_nutrients\Nitrogen(N)\untitled-382.JPG,Nitrogen(N),2.157468418642827,0.19436186659396948,0.5421943371165132,-0.5424659481946248,1.4605262182588423,0.33885097610917486,0
Nutrient\rice_plant_lacks_nutrients\Potassium(K)\untitled-236.JPG,Potassium(K),1.3647006259129033,1.1348212785767589,-1.339449690355676,0.2169209876250433,-0.5553829856871098,0.4143609429301609,2
Nutrient\rice_plant_lacks_nutrients\Potassium(K)\untitled-306.JPG,Potassium(K),0.19006440344546624,-0.6030107427854564,1.059844930328272,1.3138132282534527,-0.77937289723666,-1.0958383934895597,2
Nutrient\rice_plant_lacks_nutrients\Phosphorus(P)\IMG_4108.JPG,Phosphorus(P),1.393731559167801,0.3154353149506618,-0.24063309372212766,-0.20496064338588338,-0.33139307413755953,1.9245602793498815,1
Nutrient\rice_plant_lacks_nutrients\Phosphorus(P)\IMG_4573.JPG,Phosphorus(P),-0.1650062417490631,-0.12727769823239368,-0.23983915109450185,-0.12058431718369804,0.11658674896154095,1.4715004784239654,1
Nutrient\rice_plant_lacks_nutrients\Phosphorus(P)\IMG_4279-14.JPG,Phosphorus(P),-0.3659896258214387,-0.733867904140669,-0.25968771678513675,0.63880261863597,-0.77937289723666,-0.34073872527969945,1
Nutrient\rice_plant_lacks_nutrients\Potassium(K)\untitled-287.JPG,Potassium(K),1.7398696095146702,-0.300938603956134,0.9089958310794468,0.7231789448381554,-0.1074031625880093,0.03681110882523075,2
Nutrient\rice_plant_lacks_nutrients\Phosphorus(P)\IMG_5415.JPG,Phosphorus(P),0.9002056938345241,-0.8109146440040189,-0.3359062090371749,-1.1331002316099221,2.020500997132718,-0.6427785925636436,1
Nutrient\rice_plant_lacks_nutrients\Phosphorus(P)\IMG_5418-7.JPG,Phosphorus(P),-0.823785111764071,0.2347196827128675,-0.5375676364540255,0.13254466142285798,-0.77937289723666,0.03681110882523075,1
Nutrient\rice_plant_lacks_nutrients\Nitrogen(N)\untitled-225.JPG,Nitrogen(N),-1.804137396294878,-0.9601162672314574,0.37943609845330717,-1.0487239054077369,2.020500997132718,-0.11420882481674133,0
Nutrient\rice_plant_lacks_nutrients\Nitrogen(N)\untitled-44.JPG,Nitrogen(N),-1.2838137464186181,-0.12116287760831866,1.6306896795909325,-0.7955949268011807,2.020500997132718,-0.4917586589216715,0
Nutrient\rice_plant_lacks_nutrients\Nitrogen(N)\untitled-39.JPG,Nitrogen(N),0.37094944911060357,-0.1810881197242574,-0.6431620059282037,1.9888238378709355,-0.77937289723666,-1.3978782607735039,0
Nutrient\rice_plant_lacks_nutrients\Nitrogen(N)\untitled-125.JPG,Nitrogen(N),-0.9689397780385638,-0.8818465632432928,-0.6018769892916829,-0.3737132957902541,-0.77937289723666,-0.41624869210068544,0
Nutrient\rice_plant_lacks_nutrients\Potassium(K)\untitled-64.JPG,Potassium(K),-0.6317343225393564,-0.4097824110646754,-0.1739419130015941,-0.3737132957902541,-0.77937289723666,1.3959905116029794,2
Nutrient\rice_plant_lacks_nutrients\Phosphorus(P)\IMG_4318.JPG,Phosphorus(P),0.1878312547335506,-0.6140174199087924,-0.022298871125143616,1.8200711854665648,-0.77937289723666,-1.3978782607735039,1
Nutrient\rice_plant_lacks_nutrients\Phosphorus(P)\IMG_4299-25.JPG,Phosphorus(P),-0.6696978506419164,-0.40855944693986057,0.013428547117999451,1.651318533062194,-0.77937289723666,-1.3978782607735039,1
Nutrient\rice_plant_lacks_nutrients\Potassium(K)\untitled-134.JPG,Potassium(K),1.7041392301240248,-0.19576368922203793,1.0264993399680051,-1.2174765578121074,1.2365363067092923,1.0184406774980492,2
Nutrient\rice_plant_lacks_nutrients\Nitrogen(N)\untitled-14.JPG,Nitrogen(N),1.710838676259771,1.3194888614238354,0.350854163858793,-0.8799712530033661,1.012546395159742,0.7164008102141051,0
Nutrient\rice_plant_lacks_nutrients\Potassium(K)\untitled-84.JPG,Potassium(K),-0.8416503014593929,-0.7619960790114162,1.0415842498928882,-1.3018528840142929,0.7885564836101917,1.0184406774980492,2
Nutrient\rice_plant_lacks_nutrients\Nitrogen(N)\untitled-42.JPG,Nitrogen(N),-0.1091775239511811,-1.4688693431545266,1.0669904139769009,0.7231789448381554,-0.77937289723666,0.11232107564621678,0
Nutrient\rice_plant_lacks_nutrients\Phosphorus(P)\IMG_5428-17.JPG,Phosphorus(P),-0.17840513402055527,-0.6360307741554637,2.097527944634665,-0.2893369695880687,0.11658674896154095,0.8674207438560771,1
Nutrient\rice_plant_lacks_nutrients\Phosphorus(P)\IMG_4265-7.JPG,Phosphorus(P),0.1431682804952452,0.2016996513428602,-0.8106839003571623,-0.5424659481946248,-0.77937289723666,1.9245602793498815,1
Nutrient\rice_plant_lacks_nutrients\Nitrogen(N)\untitled-390.JPG,Nitrogen(N),0.5250367102327573,1.222874695563444,-1.6983117580423552,-1.2174765578121074,1.4605262182588423,0.565380876572133,0
Nutrient\rice_plant_lacks_nutrients\Nitrogen(N)\untitled-17.JPG,Nitrogen(N),-0.9689397780385638,-0.8818465632432928,-0.6018769892916829,-0.9643475792055515,2.020500997132718,0.11232107564621678,0
Nutrient\rice_plant_lacks_nutrients\Phosphorus(P)\IMG_4282.JPG,Phosphorus(P),-0.26996423120908175,-1.4859908409019378,0.03804076857438692,-1.4706055364186634,2.020500997132718,-0.4917586589216715,1
Nutrient\rice_plant_lacks_nutrients\Nitrogen(N)\untitled-231.JPG,Nitrogen(N),-1.3619739513356532,-0.020879819373482798,0.51520028777725,1.651318533062194,-0.77937289723666,-1.3223682939525179,0
Nutrient\rice_plant_lacks_nutrients\Phosphorus(P)\IMG_4313.JPG,Phosphorus(P),0.4044466797893324,-0.5455314289191482,1.5115982854471224,-0.5424659481946248,-0.33139307413755953,1.4715004784239654,1
Nutrient\rice_plant_lacks_nutrients\Potassium(K)\untitled-172.JPG,Potassium(K),-0.046649360017553834,1.1764020588204718,0.445333336546215,0.13254466142285798,-0.77937289723666,0.48987090975114694,2
Nutrient\rice_plant_lacks_nutrients\Potassium(K)\untitled-363.JPG,Potassium(K),0.2525925673790935,0.366799808192895,1.7942418608817643,-0.5424659481946248,1.012546395159742,0.8674207438560771,2
Nutrient\rice_plant_lacks_nutrients\Potassium(K)\untitled-299.JPG,Potassium(K),-0.5424083740627456,-0.17130440672573616,-0.5121614723700129,0.13254466142285798,-0.77937289723666,0.11232107564621678,2
Nutrient\rice_plant_lacks_nutrients\Nitrogen(N)\untitled-180.JPG,Nitrogen(N),-0.07568029327245224,0.09652473660876414,-1.3958196169170793,-0.8799712530033661,1.2365363067092923,0.8674207438560771,0
Nutrient\rice_plant_lacks_nutrients\Phosphorus(P)\IMG_4621.JPG,Phosphorus(P),1.6192795790712453,1.6863780988683568,1.4631677851619733,-0.4580896219924394,-0.77937289723666,1.3959905116029794,1
Nutrient\rice_plant_lacks_nutrients\Phosphorus(P)\IMG_3806.JPG,Phosphorus(P),0.5183372640970112,1.9224101749576663,-0.7955989904322794,-0.4580896219924394,-0.77937289723666,-0.4917586589216715,1
Nutrient\rice_plant_lacks_nutrients\Nitrogen(N)\untitled-210.JPG,Nitrogen(N),-2.119011364674932,-0.7375367965151144,0.015016432373250493,-1.3862292102164782,2.020500997132718,0.03681110882523075,0
Nutrient\rice_plant_lacks_nutrients\Potassium(K)\untitled-258.JPG,Potassium(K),-0.19850347242779273,-0.9650081237307176,1.4957194328946148,-0.4580896219924394,-0.5553829856871098,-0.6427785925636436,2
Nutrient\rice_plant_lacks_nutrients\Potassium(K)\untitled-131.JPG,Potassium(K),-1.2525496644518042,-0.939325877109601,-1.341037575610927,-0.4580896219924394,-0.33139307413755953,1.4715004784239654,2
Nutrient\rice_plant_lacks_nutrients\Potassium(K)\untitled-364.JPG,Potassium(K),0.22579478283611074,0.9660522293522796,-0.9686784832546161,-0.6268422743968101,-0.33139307413755953,-0.03869885799575529,2
Nutrient\rice_plant_lacks_nutrients\Potassium(K)\untitled-290.JPG,Potassium(K),-0.15384049818948733,-0.1810881197242574,0.06662270316890115,-0.4580896219924394,-0.77937289723666,-0.5672686257426576,2
Nutrient\rice_plant_lacks_nutrients\Phosphorus(P)\IMG_4320-35.JPG,Phosphorus(P),0.004713060356497677,0.07206545411246237,2.097527944634665,-0.12058431718369804,-0.77937289723666,0.9429307106770631,1
Nutrient\rice_plant_lacks_nutrients\Potassium(K)\untitled-378.JPG,Potassium(K),-0.7143608248802219,-0.7778946126340116,1.0399963646376371,-0.6268422743968101,-0.77937289723666,-0.41624869210068544,2
Nutrient\rice_plant_lacks_nutrients\Phosphorus(P)\IMG_4284.JPG,Phosphorus(P),-0.13374215978224985,-0.6653819131510248,-0.27953628247577167,1.90444751166875,-0.33139307413755953,-1.3978782607735039,1
Nutrient\rice_plant_lacks_nutrients\Potassium(K)\untitled-360.JPG,Potassium(K),-0.8729143834262069,0.12709883972914093,-0.6193437270994415,-0.2893369695880687,-0.33139307413755953,1.3204805447819934,2
Nutrient\rice_plant_lacks_nutrients\Phosphorus(P)\IMG_4350.JPG,Phosphorus(P),-1.3709065461833143,0.12098401910506591,-0.7495503180300065,0.04816833522067263,0.11658674896154095,0.640890843393119,1
Nutrient\rice_plant_lacks_nutrients\Potassium(K)\untitled-128.JPG,Potassium(K),1.5143215896112259,1.4197719196586702,-0.33511226640954966,-0.7112186005989954,-0.5553829856871098,-0.6427785925636436,2
Nutrient\rice_plant_lacks_nutrients\Potassium(K)\untitled-161.JPG,Potassium(K),-1.0917629571939043,-0.7191923346428886,-1.6038325853549333,1.7356948592643795,-0.1074031625880093,-1.3978782607735039,2
Nutrient\rice_plant_lacks_nutrients\Nitrogen(N)\untitled-253.JPG,Nitrogen(N),-0.10024492910352018,-1.2988773298052316,-0.44308846376660355,0.63880261863597,-0.77937289723666,0.1878310424672028,0
Nutrient\rice_plant_lacks_nutrients\Nitrogen(N)\untitled-184.JPG,Nitrogen(N),-1.1922546492300918,-1.126439388206307,-0.9194540403418414,0.47004996623159934,-0.77937289723666,0.03681110882523075,0
Nutrient\rice_plant_lacks_nutrients\Potassium(K)\untitled-369.JPG,Potassium(K),0.8466101247485586,1.3084821843004992,-1.3839104775026985,-1.2174765578121074,0.5645665720606414,0.640890843393119,2
Nutrient\rice_plant_lacks_nutrients\Nitrogen(N)\untitled-61.JPG,Nitrogen(N),-0.609402835420204,1.555520937513145,-0.13821449475845102,-0.03620799098151271,-0.77937289723666,0.791910777035091,0
Nutrient\rice_plant_lacks_nutrients\Phosphorus(P)\IMG_4104.JPG,Phosphorus(P),-0.808153070780664,-0.8133605722536486,-0.9416844339153526,-0.5424659481946248,-0.77937289723666,1.6980303788869235,1
Nutrient\rice_plant_lacks_nutrients\Potassium(K)\untitled-7.JPG,Potassium(K),-1.2168192850611597,-2.1304929346794808,0.862947158677174,-0.2893369695880687,1.012546395159742,0.03681110882523075,2
Nutrient\rice_plant_lacks_nutrients\Nitrogen(N)\untitled-161.JPG,Nitrogen(N),-0.07568029327245224,0.09652473660876414,-0.44308846376660355,-0.7112186005989954,-0.77937289723666,-0.34073872527969945,0
Nutrient\rice_plant_lacks_nutrients\Nitrogen(N)\untitled-6.JPG,Nitrogen(N),-0.6540658096585095,-0.8158065005032791,-0.1667964293529658,-0.7955949268011807,-0.77937289723666,-0.6427785925636436,0
Nutrient\rice_plant_lacks_nutrients\Phosphorus(P)\IMG_3813.JPG,Phosphorus(P),1.0185625755660341,0.3239960638243673,-0.6439559485558289,0.30129731382722863,0.11658674896154095,0.565380876572133,1
Nutrient\rice_plant_lacks_nutrients\Nitrogen(N)\untitled-343.JPG,Nitrogen(N),-1.1475916749917863,0.09897066485839466,2.0911764036136624,-0.8799712530033661,2.020500997132718,0.9429307106770631,0
Nutrient\rice_plant_lacks_nutrients\Nitrogen(N)\untitled-420.JPG,Nitrogen(N),-0.9421419934955803,0.5172243955451483,1.5759076382847796,-1.1331002316099221,1.4605262182588423,1.3204805447819934,0
Nutrient\rice_plant_lacks_nutrients\Nitrogen(N)\untitled-80.JPG,Nitrogen(N),0.31288758260080596,0.3802524135658607,0.6922494937377133,-1.0487239054077369,0.11658674896154095,1.6225204120659376,0
Nutrient\rice_plant_lacks_nutrients\Nitrogen(N)\untitled-98.JPG,Nitrogen(N),-0.609402835420204,-0.8598332089966215,-0.37083968465269274,1.4825658806578235,-0.77937289723666,-1.171348360310546,0
Nutrient\rice_plant_lacks_nutrients\Nitrogen(N)\untitled-335.JPG,Nitrogen(N),-0.5178437382316776,-0.5333017876709973,0.9629839297579738,-0.7112186005989954,1.2365363067092923,-0.03869885799575529,0
Nutrient\rice_plant_lacks_nutrients\Phosphorus(P)\IMG_3811.JPG,Phosphorus(P),0.6880565662025735,-0.4538091195580179,1.6537140157920684,-1.1331002316099221,0.3405766605110912,1.0184406774980492,1
Nutrient\rice_plant_lacks_nutrients\Potassium(K)\untitled-135.JPG,Potassium(K),0.31512073131272156,-1.2047090921944716,1.0796934960189069,-0.2893369695880687,-0.33139307413755953,1.0939506443190352,2
Nutrient\rice_plant_lacks_nutrients\Phosphorus(P)\IMG_4340-39.JPG,Phosphorus(P),1.7242375685312632,-0.8683939578703271,-0.1628267162148385,-0.7112186005989954,0.11658674896154095,1.8490503125288955,1
Nutrient\rice_plant_lacks_nutrients\Phosphorus(P)\IMG_4290.JPG,Phosphorus(P),0.5518344947757416,1.7340736997361446,-0.14377209315182882,-1.0487239054077369,-0.33139307413755953,1.3204805447819934,1
Nutrient\rice_plant_lacks_nutrients\Phosphorus(P)\IMG_4316.JPG,Phosphorus(P),-0.4084194513478285,-1.3172217916774585,0.1706291873878277,-0.5424659481946248,-0.5553829856871098,1.0939506443190352,1
Nutrient\rice_plant_lacks_nutrients\Nitrogen(N)\untitled-311.JPG,Nitrogen(N),1.10565537533073,0.601608920157388,0.23890825336361232,-0.20496064338588338,2.020500997132718,-0.41624869210068544,0
Nutrient\rice_plant_lacks_nutrients\Potassium(K)\untitled-358.JPG,Potassium(K),-0.5602735637580681,-1.2524046930622594,0.140459367538063,-0.20496064338588338,-0.77937289723666,0.11232107564621678,2
Nutrient\rice_plant_lacks_nutrients\Phosphorus(P)\IMG_4600.JPG,Phosphorus(P),0.13870198307141474,-0.17252737085055186,-0.06834754352741648,1.7356948592643795,-0.1074031625880093,-1.3978782607735039,1
Nutrient\rice_plant_lacks_nutrients\Nitrogen(N)\untitled-272.JPG,Nitrogen(N),-0.6049365379963736,1.227766552062705,-0.19061470818172746,0.04816833522067263,-0.77937289723666,0.565380876572133,0
Nutrient\rice_plant_lacks_nutrients\Potassium(K)\untitled-180.JPG,Potassium(K),1.4718917640848361,0.689662337144073,0.2793993273725074,1.651318533062194,-0.1074031625880093,-1.171348360310546,2
Nutrient\rice_plant_lacks_nutrients\Nitrogen(N)\untitled-307.JPG,Nitrogen(N),1.3423691387937502,0.32766495619881264,1.7307264506717317,1.7356948592643795,-0.77937289723666,-1.3978782607735039,0
Nutrient\rice_plant_lacks_nutrients\Nitrogen(N)\untitled-46.JPG,Nitrogen(N),0.8064134479340835,0.21882114909027126,0.13569571177231043,-0.03620799098151271,-0.1074031625880093,-0.11420882481674133,0
Nutrient\rice_plant_lacks_nutrients\Nitrogen(N)\untitled-48.JPG,Nitrogen(N),0.11860364466417725,-0.03433242474644851,2.097527944634665,-1.3862292102164782,1.2365363067092923,1.0184406774980492,0
Nutrient\rice_plant_lacks_nutrients\Nitrogen(N)\untitled-37.JPG,Nitrogen(N),0.14093513178332956,-0.08325098973905118,-1.0949153610470541,-0.7112186005989954,2.020500997132718,-0.41624869210068544,0
Nutrient\rice_plant_lacks_nutrients\Phosphorus(P)\IMG_4094.JPG,Phosphorus(P),-1.801904247582963,0.3178812432002923,-0.03738378105002597,-0.7112186005989954,2.020500997132718,0.11232107564621678,1
Nutrient\rice_plant_lacks_nutrients\Potassium(K)\untitled-43.JPG,Potassium(K),1.876091680941502,1.614223215504267,-1.284667649049524,-0.6268422743968101,-0.77937289723666,1.4715004784239654,2
Nutrient\rice_plant_lacks_nutrients\Nitrogen(N)\untitled-427.JPG,Nitrogen(N),0.45804224887529954,0.8535395298692929,1.5711439825190272,-0.7112186005989954,0.7885564836101917,0.565380876572133,0
Nutrient\rice_plant_lacks_nutrients\Nitrogen(N)\untitled-370.JPG,Nitrogen(N),-0.3927874103644222,1.5225009061431367,0.19524140884421518,-0.7112186005989954,1.9085060413579429,-0.7182885593846295,0
Nutrient\rice_plant_lacks_nutrients\Phosphorus(P)\IMG_3812.JPG,Phosphorus(P),-0.5133774408078471,-0.4525861554332031,0.46438795960922463,1.8200711854665648,-0.77937289723666,-1.0958383934895597,1
Nutrient\rice_plant_lacks_nutrients\Potassium(K)\untitled-221.JPG,Potassium(K),0.7796156633910992,0.25184118046027854,2.097527944634665,-0.5424659481946248,-0.5553829856871098,1.4715004784239654,2
Nutrient\rice_plant_lacks_nutrients\Nitrogen(N)\untitled-53.JPG,Nitrogen(N),-0.01091898062690934,-0.07102134849090029,0.6080915752094216,0.47004996623159934,-0.77937289723666,-0.18971879163772737,0
Nutrient\rice_plant_lacks_nutrients\Phosphorus(P)\IMG_4339.JPG,Phosphorus(P),1.5612177125614468,0.03293060211838006,0.753383076064869,-0.3737132957902541,-0.77937289723666,1.4715004784239654,1
Nutrient\rice_plant_lacks_nutrients\Nitrogen(N)\untitled-391.JPG,Nitrogen(N),-0.15830679561331779,-1.6926717779956852,-1.7324512910302474,-0.3737132957902541,-0.77937289723666,-0.5672686257426576,0
Nutrient\rice_plant_lacks_nutrients\Potassium(K)\untitled-174.JPG,Potassium(K),0.5004720744016894,-0.40611351869023005,0.45009699231196754,-0.7112186005989954,1.012546395159742,1.3204805447819934,2
Nutrient\rice_plant_lacks_nutrients\Phosphorus(P)\IMG_4595.JPG,Phosphorus(P),0.3754157465344348,-0.7375367965151144,0.5715702143386533,0.2169209876250433,-0.1074031625880093,-0.11420882481674133,1
Nutrient\rice_plant_lacks_nutrients\Phosphorus(P)\IMG_5413.JPG,Phosphorus(P),0.1878312547335506,-0.4648157966813539,-0.8138596708676639,0.04816833522067263,-0.33139307413755953,1.6980303788869235,1
Nutrient\rice_plant_lacks_nutrients\Potassium(K)\untitled-253.JPG,Potassium(K),-2.152508595353662,-0.8745087784944021,-0.9551814585849843,0.47004996623159934,-0.77937289723666,0.03681110882523075,2
Nutrient\rice_plant_lacks_nutrients\Potassium(K)\untitled-301.JPG,Potassium(K),0.48484003341828236,-0.523518074672477,-0.6010830466640577,0.2169209876250433,-0.77937289723666,-0.03869885799575529,2
Nutrient\rice_plant_lacks_nutrients\Nitrogen(N)\untitled-293.JPG,Nitrogen(N),1.2307117031979862,-0.7852323973829023,0.8375409945931612,-0.20496064338588338,2.020500997132718,-0.18971879163772737,0
Nutrient\rice_plant_lacks_nutrients\Potassium(K)\untitled-326.JPG,Potassium(K),-0.9443751422074959,-2.005750593948343,-0.07072937141029276,-0.12058431718369804,-0.77937289723666,-0.34073872527969945,2
Nutrient\rice_plant_lacks_nutrients\Potassium(K)\untitled-383.JPG,Potassium(K),1.2530431903171393,-0.3718705231954079,0.5961824357950407,-0.7955949268011807,1.4605262182588423,-0.4917586589216715,2
Nutrient\rice_plant_lacks_nutrients\Nitrogen(N)\untitled-407.JPG,Nitrogen(N),1.3289702465222581,1.4417852739053425,0.9955355774906147,1.651318533062194,-0.77937289723666,-1.3978782607735039,0
Nutrient\rice_plant_lacks_nutrients\Phosphorus(P)\IMG_4257-4.JPG,Phosphorus(P),0.21016274185270373,1.1250375655782385,-1.2791100506561461,0.04816833522067263,-0.77937289723666,0.48987090975114694,1
Nutrient\rice_plant_lacks_nutrients\Nitrogen(N)\untitled-20.JPG,Nitrogen(N),0.06500807557821012,0.5710348170370121,-0.38671853720520033,0.04816833522067263,0.11658674896154095,0.7164008102141051,0
Nutrient\rice_plant_lacks_nutrients\Phosphorus(P)\IMG_4322.JPG,Phosphorus(P),0.4446433566038074,-1.2634113701855947,-0.9678845406269906,1.145060575849082,-0.33139307413755953,-1.3978782607735039,1
Nutrient\rice_plant_lacks_nutrients\Potassium(K)\untitled-249.JPG,Potassium(K),-1.2681817054352111,0.01091724787170881,-0.9329510650114733,1.5669422068600087,-0.77937289723666,-1.3978782607735039,2
Nutrient\rice_plant_lacks_nutrients\Phosphorus(P)\IMG_4580.JPG,Phosphorus(P),1.8805579783653317,1.6068854307553764,-1.2052733862869842,-0.03620799098151271,-0.77937289723666,-0.18971879163772737,1
Nutrient\rice_plant_lacks_nutrients\Nitrogen(N)\untitled-26.JPG,Nitrogen(N),-0.5022116972482705,-0.3168371375787302,-0.5907617925049272,-0.7112186005989954,-0.77937289723666,1.1694606111400212,0
Nutrient\rice_plant_lacks_nutrients\Nitrogen(N)\untitled-107.JPG,Nitrogen(N),-0.2989951644639801,-0.1480680883542501,-0.8400597775793018,-0.7955949268011807,0.7885564836101917,0.8674207438560771,0
Nutrient\rice_plant_lacks_nutrients\Phosphorus(P)\IMG_3803.JPG,Phosphorus(P),1.4115967488631227,2.153550394547713,-0.30494244655978436,-0.9643475792055515,1.012546395159742,0.8674207438560771,1
Nutrient\rice_plant_lacks_nutrients\Nitrogen(N)\untitled-304.JPG,Nitrogen(N),-1.4713982382195017,0.2714086064573193,0.7430618219057387,1.5669422068600087,-0.77937289723666,-1.3978782607735039,0
Nutrient\rice_plant_lacks_nutrients\Nitrogen(N)\untitled-214.JPG,Nitrogen(N),1.835895004127027,1.7426344486098493,-1.029018122954146,-0.6268422743968101,-0.77937289723666,1.0184406774980492,0
Nutrient\rice_plant_lacks_nutrients\Phosphorus(P)\IMG_5439.JPG,Phosphorus(P),-0.609402835420204,-0.2642496802116822,-1.4545713713613586,-0.03620799098151271,-0.77937289723666,1.3959905116029794,1
Nutrient\rice_plant_lacks_nutrients\Potassium(K)\untitled-361.JPG,Potassium(K),-0.562506712469983,-1.2719721190593003,-1.421225781001092,2.1575764902753063,-0.5553829856871098,-1.3978782607735039,2
Nutrient\rice_plant_lacks_nutrients\Phosphorus(P)\IMG_3817.JPG,Phosphorus(P),-0.3570570309737777,-1.296431401555602,-0.6241073828651941,-0.3737132957902541,-0.1074031625880093,1.3959905116029794,1
Nutrient\rice_plant_lacks_nutrients\Potassium(K)\untitled-58.JPG,Potassium(K),0.8041802992221672,-0.4745995096798743,0.3746724426875546,-0.12058431718369804,0.11658674896154095,-0.34073872527969945,2
Nutrient\rice_plant_lacks_nutrients\Phosphorus(P)\IMG_4120.JPG,Phosphorus(P),1.931920398739384,1.9040657130854395,-1.2703766817522668,-0.7955949268011807,-0.77937289723666,-0.11420882481674133,1
Nutrient\rice_plant_lacks_nutrients\Potassium(K)\untitled-122.JPG,Potassium(K),0.9203040322417624,1.0198626508441426,0.7700558712450024,-0.9643475792055515,2.020500997132718,0.1878310424672028,2
Nutrient\rice_plant_lacks_nutrients\Potassium(K)\untitled-143.JPG,Potassium(K),-0.46424816914571043,0.18702408184507965,-0.3898943077157018,-0.6268422743968101,-0.77937289723666,1.1694606111400212,2
Nutrient\rice_plant_lacks_nutrients\Potassium(K)\untitled-28.JPG,Potassium(K),-0.5893044970129666,-0.9050828816147789,0.6922494937377133,-0.7955949268011807,-0.5553829856871098,1.2449705779610072,2
Nutrient\rice_plant_lacks_nutrients\Nitrogen(N)\untitled-77.JPG,Nitrogen(N),0.9738996013277295,0.9232484849837529,2.0340125344246336,-0.9643475792055515,2.020500997132718,-0.18971879163772737,0
Nutrient\rice_plant_lacks_nutrients\Phosphorus(P)\IMG_4125.JPG,Phosphorus(P),0.4893063308421136,-0.359640881947257,-1.0901517052813017,1.2294369020512674,-0.77937289723666,-1.3978782607735039,1
Nutrient\rice_plant_lacks_nutrients\Nitrogen(N)\untitled-202.JPG,Nitrogen(N),-1.4803308330671625,-0.9735688726044232,-1.0385454344856508,-0.6268422743968101,-0.77937289723666,-0.7937985262056156,0
Nutrient\rice_plant_lacks_nutrients\Phosphorus(P)\IMG_5449-38.JPG,Phosphorus(P),0.12530309079992255,-0.07591320499016048,-0.41768229968259085,-0.4580896219924394,-0.77937289723666,1.6225204120659376,1
Nutrient\rice_plant_lacks_nutrients\Phosphorus(P)\IMG_4583.JPG,Phosphorus(P),-1.681314217139538,-1.2621884060607798,-1.1997157878936064,-0.20496064338588338,-0.77937289723666,-0.5672686257426576,1
Nutrient\rice_plant_lacks_nutrients\Potassium(K)\untitled-373.JPG,Potassium(K),-0.46648131785762603,-0.546754393043963,2.097527944634665,-0.2893369695880687,1.012546395159742,-0.4917586589216715,2
Nutrient\rice_plant_lacks_nutrients\Potassium(K)\untitled-255.JPG,Potassium(K),1.431695087270361,1.9236331390824801,0.9502808477159671,1.5669422068600087,-0.77937289723666,-1.3978782607735039,2
Nutrient\rice_plant_lacks_nutrients\Phosphorus(P)\IMG_4331.JPG,Phosphorus(P),0.0024799116445828415,0.4242791220592032,0.22302940081110417,1.651318533062194,-0.77937289723666,-1.3223682939525179,1
Nutrient\rice_plant_lacks_nutrients\Nitrogen(N)\untitled-218.JPG,Nitrogen(N),0.3530842594152817,0.413272444935868,-1.2544978291997586,-0.03620799098151271,-0.77937289723666,0.48987090975114694,0
Nutrient\rice_plant_lacks_nutrients\Nitrogen(N)\untitled-360.JPG,Nitrogen(N),1.567917158697193,0.05249802811542165,0.8034014616052692,-1.3018528840142929,1.9085060413579429,0.9429307106770631,0
Nutrient\rice_plant_lacks_nutrients\Nitrogen(N)\untitled-140.JPG,Nitrogen(N),-0.9689397780385638,-0.8818465632432928,-0.9194540403418414,-0.5424659481946248,-0.77937289723666,-0.7937985262056156,0
Nutrient\rice_plant_lacks_nutrients\Phosphorus(P)\IMG_4277-12.JPG,Phosphorus(P),0.5116378179612667,1.4625756640271987,0.9804506675657324,-0.6268422743968101,1.4605262182588423,0.640890843393119,1
Nutrient\rice_plant_lacks_nutrients\Nitrogen(N)\untitled-201.JPG,Nitrogen(N),0.9761327500396444,0.700669014267409,0.7176556578217259,-0.7955949268011807,2.020500997132718,0.1878310424672028,0
Nutrient\rice_plant_lacks_nutrients\Nitrogen(N)\untitled-240.JPG,Nitrogen(N),-0.05781510357713039,1.789107085352823,-0.18743893767122596,-1.4706055364186634,2.020500997132718,0.2633410092881888,0
Nutrient\rice_plant_lacks_nutrients\Potassium(K)\untitled-65.JPG,Potassium(K),-0.7880547323734265,-0.0526768866186744,0.44215756603571343,-0.3737132957902541,-0.33139307413755953,-0.6427785925636436,2
Nutrient\rice_plant_lacks_nutrients\Phosphorus(P)\IMG_3826.JPG,Phosphorus(P),2.0078474549445025,1.0064100454711769,-0.45499760318098437,-0.9643475792055515,-0.77937289723666,1.3959905116029794,1
Nutrient\rice_plant_lacks_nutrients\Potassium(K)\untitled-157.JPG,Potassium(K),0.7729162172553531,-0.0967035951120169,1.6179865975489258,-0.7112186005989954,-0.33139307413755953,1.6980303788869235,2
Nutrient\rice_plant_lacks_nutrients\Potassium(K)\untitled-185.JPG,Potassium(K),0.058308629442464815,0.20659150784212038,1.134475537325059,-0.8799712530033661,-0.77937289723666,-0.34073872527969945,2
Nutrient\rice_plant_lacks_nutrients\Phosphorus(P)\IMG_5435-24.JPG,Phosphorus(P),1.7711336914814841,1.2607865834327114,-0.15647517519383544,-1.0487239054077369,-0.77937289723666,1.2449705779610072,1
Nutrient\rice_plant_lacks_nutrients\Nitrogen(N)\untitled-386.JPG,Nitrogen(N),-1.442367304964603,-0.2642496802116822,-0.6614226863635876,1.8200711854665648,-0.1074031625880093,-1.3978782607735039,0
Nutrient\rice_plant_lacks_nutrients\Nitrogen(N)\untitled-182.JPG,Nitrogen(N),1.264208933876715,1.074896036460821,-0.20490567547898458,1.90444751166875,-0.77937289723666,-1.3978782607735039,0
Nutrient\rice_plant_lacks_nutrients\Potassium(K)\untitled-336.JPG,Potassium(K),-0.9309762499360037,-0.9111977022388548,-0.7987747609427809,1.398189554455638,-0.77937289723666,-1.3978782607735039,2
Nutrient\rice_plant_lacks_nutrients\Potassium(K)\untitled-126.JPG,Potassium(K),0.4267781669084855,-1.1227704958318616,1.8172661970829003,-0.7112186005989954,2.020500997132718,0.7164008102141051,2
Nutrient\rice_plant_lacks_nutrients\Phosphorus(P)\IMG_4277.JPG,Phosphorus(P),0.1878312547335506,1.6337906415013077,0.25081739277799314,-0.7955949268011807,0.7885564836101917,0.640890843393119,1
Nutrient\rice_plant_lacks_nutrients\Nitrogen(N)\untitled-308.JPG,Nitrogen(N),-1.8822976012119128,-1.5349094058945412,0.13410782651705996,0.47004996623159934,-0.77937289723666,0.1878310424672028,0
Nutrient\rice_plant_lacks_nutrients\Nitrogen(N)\untitled-285.JPG,Nitrogen(N),-1.0002038600053778,-1.536132370019356,-0.8662598842909397,1.398189554455638,-0.77937289723666,-1.3978782607735039,0
Nutrient\rice_plant_lacks_nutrients\Potassium(K)\untitled-376.JPG,Potassium(K),0.6634919303715056,0.9477077674800529,-0.22713606905249578,-0.9643475792055515,0.3405766605110912,0.565380876572133,2
Nutrient\rice_plant_lacks_nutrients\Phosphorus(P)\IMG_4301.JPG,Phosphorus(P),-1.2056535415015832,0.9159107002348622,1.7870963772331354,-0.9643475792055515,-0.77937289723666,-0.6427785925636436,1
Nutrient\rice_plant_lacks_nutrients\Nitrogen(N)\untitled-258.JPG,Nitrogen(N),1.1279868624498832,-0.8476035677484707,-0.048498977836781566,-0.7112186005989954,2.020500997132718,-0.4917586589216715,0
Nutrient\rice_plant_lacks_nutrients\Nitrogen(N)\untitled-71.JPG,Nitrogen(N),-0.9376756960717498,-0.8378198547499504,-0.2588937741575115,0.47004996623159934,-0.77937289723666,-0.11420882481674133,0
Nutrient\rice_plant_lacks_nutrients\Potassium(K)\untitled-341.JPG,Potassium(K),-1.102928700753481,-0.28504007033353773,0.7883165516803863,-0.7112186005989954,1.2365363067092923,0.640890843393119,2
Nutrient\rice_plant_lacks_nutrients\Phosphorus(P)\IMG_4118.JPG,Phosphorus(P),2.1172717418283518,1.4344474891564518,-1.0544242870381588,-0.8799712530033661,-0.1074031625880093,0.8674207438560771,1
Nutrient\rice_plant_lacks_nutrients\Potassium(K)\untitled-357.JPG,Potassium(K),0.09180586012119368,-0.8317050341258753,-0.48278559514787334,1.651318533062194,-0.33139307413755953,-1.3978782607735039,2
Nutrient\rice_plant_lacks_nutrients\Phosphorus(P)\IMG_5432.JPG,Phosphorus(P),0.8220454889174906,0.8180735702496569,-0.5796465957181717,0.13254466142285798,-0.5553829856871098,-0.18971879163772737,1
Nutrient\rice_plant_lacks_nutrients\Phosphorus(P)\IMG_3795.JPG,Phosphorus(P),-0.24763274408992864,-0.49172100742728536,-1.1362003776835747,0.13254466142285798,-0.33139307413755953,0.11232107564621678,1
Nutrient\rice_plant_lacks_nutrients\Nitrogen(N)\untitled-74.JPG,Nitrogen(N),-0.6696978506419164,0.4646369381781003,0.41675140195170074,0.2169209876250433,-0.33139307413755953,0.33885097610917486,0
Nutrient\rice_plant_lacks_nutrients\Nitrogen(N)\untitled-209.JPG,Nitrogen(N),-0.20073662113970758,0.01580910437096986,0.9471050772054656,-0.7112186005989954,-0.1074031625880093,0.9429307106770631,0
Nutrient\rice_plant_lacks_nutrients\Phosphorus(P)\IMG_4268.JPG,Phosphorus(P),0.4781405872825362,0.5869333506596083,0.5231397140535041,-0.6268422743968101,-0.5553829856871098,1.5470104452449513,1
Nutrient\rice_plant_lacks_nutrients\Nitrogen(N)\untitled-32.JPG,Nitrogen(N),-0.680863594201493,-0.20187850984611294,0.7549709613201201,-0.2893369695880687,1.6845161298083926,-0.5672686257426576,0
Nutrient\rice_plant_lacks_nutrients\Nitrogen(N)\untitled-286.JPG,Nitrogen(N),-0.04218306259372337,0.190692974219525,-0.051674748347283084,2.1575764902753063,-0.77937289723666,-1.3978782607735039,0
Nutrient\rice_plant_lacks_nutrients\Phosphorus(P)\IMG_4092.JPG,Phosphorus(P),-0.4084194513478285,-1.8492111859720137,-1.206861271542235,1.4825658806578235,-0.77937289723666,-1.3978782607735039,1
Nutrient\rice_plant_lacks_nutrients\Nitrogen(N)\untitled-278.JPG,Nitrogen(N),0.2637583109386701,-1.781948159107185,-0.05723234674066088,-0.4580896219924394,-0.77937289723666,1.2449705779610072,0
Nutrient\rice_plant_lacks_nutrients\Potassium(K)\untitled-34.JPG,Potassium(K),1.3669337746248182,0.47808954355106603,-0.262069544668013,1.3138132282534527,-0.33139307413755953,-1.0958383934895597,2
Nutrient\rice_plant_lacks_nutrients\Potassium(K)\untitled-276.JPG,Potassium(K),0.8131128940698281,-1.079966751463334,0.7978438632118914,-0.8799712530033661,0.5645665720606414,1.3959905116029794,2
Nutrient\rice_plant_lacks_nutrients\Potassium(K)\untitled-30.JPG,Potassium(K),-0.8773806808500374,-0.7216382628925182,0.3365631965615358,-0.8799712530033661,-0.77937289723666,1.8490503125288955,2
Nutrient\rice_plant_lacks_nutrients\Potassium(K)\untitled-73.JPG,Potassium(K),1.4674254666610047,1.9309709238313708,-0.7011198177448574,-0.8799712530033661,0.11658674896154095,1.4715004784239654,2
Nutrient\rice_plant_lacks_nutrients\Nitrogen(N)\untitled-371.JPG,Nitrogen(N),-0.10471122652735064,0.5416836780414501,1.4147372848768243,-0.2893369695880687,2.020500997132718,-0.6427785925636436,0
Nutrient\rice_plant_lacks_nutrients\Phosphorus(P)\IMG_4329.JPG,Phosphorus(P),2.010080603656419,1.7536411257331852,-0.4637309720848637,-0.5424659481946248,-0.5553829856871098,1.6980303788869235,1
Nutrient\rice_plant_lacks_nutrients\Potassium(K)\untitled-173.JPG,Potassium(K),0.8466101247485586,1.6423513903750142,0.23573248285311024,0.2169209876250433,-0.77937289723666,-0.11420882481674133,2
Nutrient\rice_plant_lacks_nutrients\Phosphorus(P)\IMG_5429.JPG,Phosphorus(P),0.07394067042587184,0.9538225881041297,2.097527944634665,-0.7955949268011807,-0.77937289723666,1.3204805447819934,1
Nutrient\rice_plant_lacks_nutrients\Potassium(K)\untitled-201.JPG,Potassium(K),0.42007872077273944,1.1140308884549026,0.2793993273725074,-0.2893369695880687,0.11658674896154095,-0.6427785925636436,2
Nutrient\rice_plant_lacks_nutrients\Nitrogen(N)\untitled-349.JPG,Nitrogen(N),-0.7411586094232054,1.1764020588204718,-0.8360900644411751,-1.5549818626208487,2.020500997132718,0.03681110882523075,0
Nutrient\rice_plant_lacks_nutrients\Potassium(K)\untitled-8.JPG,Potassium(K),-0.34812443612611604,0.21637522084064073,0.26034470430949774,-0.03620799098151271,-0.5553829856871098,-0.41624869210068544,2
Nutrient\rice_plant_lacks_nutrients\Nitrogen(N)\untitled-56.JPG,Nitrogen(N),-1.801904247582963,-0.1407303036053594,-0.4002155618748322,-1.3862292102164782,2.020500997132718,0.03681110882523075,0
Nutrient\rice_plant_lacks_nutrients\Nitrogen(N)\untitled-322.JPG,Nitrogen(N),-0.13597530849416467,-0.06612949199164012,-1.106824500461435,-0.12058431718369804,-0.77937289723666,0.11232107564621678,0
Nutrient\rice_plant_lacks_nutrients\Potassium(K)\untitled-187.JPG,Potassium(K),0.5429018999280807,0.13443662447803162,-0.9123085566932126,1.398189554455638,-0.77937289723666,-1.3978782607735039,2
Nutrient\rice_plant_lacks_nutrients\Phosphorus(P)\IMG_5436-25.JPG,Phosphorus(P),-1.2078866902134988,-0.5051736128002511,2.097527944634665,1.7356948592643795,-0.5553829856871098,-1.2468583271315319,1
Nutrient\rice_plant_lacks_nutrients\Potassium(K)\untitled-151.JPG,Potassium(K),-0.9868049677338857,0.07573434648690772,-0.4184762423102161,-1.1331002316099221,-0.77937289723666,-0.8693084930266016,2
Nutrient\rice_plant_lacks_nutrients\Phosphorus(P)\IMG_4090.JPG,Phosphorus(P),1.1882818776715949,-0.5834433167884157,-0.1024870765153085,0.63880261863597,-0.77937289723666,-0.03869885799575529,1
Nutrient\rice_plant_lacks_nutrients\Potassium(K)\untitled-162.JPG,Potassium(K),1.7197712711074318,0.6700949111470322,0.3969028362610658,-0.3737132957902541,1.2365363067092923,-0.4917586589216715,2
Nutrient\rice_plant_lacks_nutrients\Potassium(K)\untitled-311.JPG,Potassium(K),1.8314287067031958,-0.2691415367109424,0.4786789269064817,0.63880261863597,-0.77937289723666,0.2633410092881888,2
Nutrient\rice_plant_lacks_nutrients\Potassium(K)\untitled-259.JPG,Potassium(K),0.6567924842357595,1.3916437447879249,-0.3089121596979117,-0.7112186005989954,2.020500997132718,-0.34073872527969945,2
Nutrient\rice_plant_lacks_nutrients\Nitrogen(N)\untitled-401.JPG,Nitrogen(N),0.5362024537923347,0.6028318842822037,1.9832002062566083,-0.5424659481946248,-0.77937289723666,1.5470104452449513,0
Nutrient\rice_plant_lacks_nutrients\Potassium(K)\untitled-190.JPG,Potassium(K),-1.2681817054352111,-1.3942685315408074,-1.525232265220019,0.9763079234447114,-0.77937289723666,-1.3978782607735039,2
Nutrient\rice_plant_lacks_nutrients\Phosphorus(P)\IMG_3830.JPG,Phosphorus(P),0.7170874994574712,0.1760174047217436,1.191639406514088,-0.8799712530033661,-0.33139307413755953,-0.7182885593846295,1
Nutrient\rice_plant_lacks_nutrients\Nitrogen(N)\untitled-129.JPG,Nitrogen(N),1.264208933876715,1.074896036460821,-0.44308846376660355,-0.9643475792055515,1.2365363067092923,0.8674207438560771,0
Nutrient\rice_plant_lacks_nutrients\Nitrogen(N)\untitled-296.JPG,Nitrogen(N),-0.14937420076565605,-0.05634577899311976,-0.22951789693537206,1.398189554455638,-0.77937289723666,-1.3978782607735039,0
Nutrient\rice_plant_lacks_nutrients\Phosphorus(P)\IMG_4296.JPG,Phosphorus(P),0.8935062476987796,-0.4110053751894902,-1.2386189766472508,1.7356948592643795,-0.77937289723666,-1.3978782607735039,1
Nutrient\rice_plant_lacks_nutrients\Nitrogen(N)\untitled-433.JPG,Nitrogen(N),0.8265117863413203,0.7300201532629719,0.9328141099082085,-0.5424659481946248,0.7885564836101917,1.0184406774980492,0
Nutrient\rice_plant_lacks_nutrients\Potassium(K)\untitled-250.JPG,Potassium(K),1.4004310053035471,-0.16885847847610652,0.3175085734985262,0.63880261863597,-0.5553829856871098,0.2633410092881888,2
Nutrient\rice_plant_lacks_nutrients\Nitrogen(N)\untitled-355.JPG,Nitrogen(N),-0.593770794436797,0.3019827095776961,1.2615063577451227,-0.03620799098151271,-0.77937289723666,1.3204805447819934,0
Nutrient\rice_plant_lacks_nutrients\Nitrogen(N)\untitled-357.JPG,Nitrogen(N),0.9448686680728303,1.2717932605560476,1.0836632091570337,1.651318533062194,-0.77937289723666,-1.3978782607735039,0
Nutrient\rice_plant_lacks_nutrients\Nitrogen(N)\untitled-260.JPG,Nitrogen(N),-1.6500501351727241,-0.4097824110646754,-0.9527996307021083,-0.20496064338588338,-0.1074031625880093,0.2633410092881888,0
Nutrient\rice_plant_lacks_nutrients\Phosphorus(P)\IMG_4101.JPG,Phosphorus(P),1.6996729327001951,1.1201457090789793,0.9717172986618531,1.5669422068600087,0.11658674896154095,-1.3978782607735039,1
Nutrient\rice_plant_lacks_nutrients\Potassium(K)\untitled-113.JPG,Potassium(K),-0.6786304454895774,-0.12483176998276402,-1.7260997500092443,-0.8799712530033661,0.3405766605110912,1.1694606111400212,2
Nutrient\rice_plant_lacks_nutrients\Phosphorus(P)\IMG_4130.JPG,Phosphorus(P),-0.8282514091879015,-0.31194528107947006,0.1491927364419423,0.385673640029414,-0.5553829856871098,0.1878310424672028,1
Nutrient\rice_plant_lacks_nutrients\Phosphorus(P)\IMG_4285.JPG,Phosphorus(P),-0.3190935028712176,1.0259774714682175,-0.3398759221753022,-0.7955949268011807,0.11658674896154095,-0.4917586589216715,1
Nutrient\rice_plant_lacks_nutrients\Potassium(K)\untitled-24.JPG,Potassium(K),2.157468418642827,1.2473339780597457,0.00866489135224689,-0.5424659481946248,-0.77937289723666,2.0000702461708677,2
Nutrient\rice_plant_lacks_nutrients\Phosphorus(P)\IMG_4592.JPG,Phosphorus(P),-1.5026623201863156,-2.2637960242843227,-0.3073242744426607,-1.0487239054077369,2.020500997132718,-0.4917586589216715,1
Nutrient\rice_plant_lacks_nutrients\Phosphorus(P)\IMG_4289.JPG,Phosphorus(P),2.157468418642827,0.5086636466714428,0.13331388388943416,1.4825658806578235,-0.77937289723666,-1.3978782607735039,1
Nutrient\rice_plant_lacks_nutrients\Potassium(K)\untitled-300.JPG,Potassium(K),0.013645655204158601,-0.42568094468727163,0.9407535361844626,1.3138132282534527,-0.5553829856871098,-1.3978782607735039,2
Nutrient\rice_plant_lacks_nutrients\Phosphorus(P)\IMG_5412-1.JPG,Phosphorus(P),-0.7322260145755446,-0.11871694935868814,0.24525979438461537,-0.9643475792055515,2.020500997132718,-0.5672686257426576,1
Nutrient\rice_plant_lacks_nutrients\Phosphorus(P)\IMG_4617.JPG,Phosphorus(P),-0.593770794436797,-1.4945515897756432,-1.679257134979346,1.398189554455638,-0.33139307413755953,-1.3978782607735039,1
Nutrient\rice_plant_lacks_nutrients\Nitrogen(N)\untitled-126.JPG,Nitrogen(N),-0.2989951644639801,-0.1480680883542501,-0.2842999382415242,0.47004996623159934,-0.77937289723666,0.33885097610917486,0
Nutrient\rice_plant_lacks_nutrients\Nitrogen(N)\untitled-374.JPG,Nitrogen(N),0.23249422897185604,1.2412191574356708,-0.6495135469492067,1.398189554455638,-0.1074031625880093,-1.3978782607735039,0
Nutrient\rice_plant_lacks_nutrients\Nitrogen(N)\untitled-38.JPG,Nitrogen(N),-0.24539959537801379,-0.6017877786606416,0.3389450244444121,-0.3737132957902541,1.2365363067092923,1.0184406774980492,0
Nutrient\rice_plant_lacks_nutrients\Nitrogen(N)\untitled-302.JPG,Nitrogen(N),1.0163294268541192,-0.6629359849013952,-0.47643405412687034,0.385673640029414,-0.33139307413755953,0.2633410092881888,0
Nutrient\rice_plant_lacks_nutrients\Potassium(K)\untitled-107.JPG,Potassium(K),-0.33695869256654026,0.6762097317711072,0.08567732623191027,1.7356948592643795,-0.77937289723666,-1.3978782607735039,2
Nutrient\rice_plant_lacks_nutrients\Potassium(K)\untitled-277.JPG,Potassium(K),1.0967227804830693,0.7813846465052033,-0.13742055213082577,2.2419528164774913,-0.77937289723666,-1.3978782607735039,2
Nutrient\rice_plant_lacks_nutrients\Nitrogen(N)\untitled-205.JPG,Nitrogen(N),-0.6004702405725432,-0.13706141123091403,2.0236912802655027,-0.20496064338588338,-0.1074031625880093,1.0184406774980492,0
Nutrient\rice_plant_lacks_nutrients\Potassium(K)\untitled-54.JPG,Potassium(K),-0.9421419934955803,-0.058791707242750284,0.5302851977021324,-0.9643475792055515,1.012546395159742,1.2449705779610072,2
Nutrient\rice_plant_lacks_nutrients\Potassium(K)\untitled-196.JPG,Potassium(K),0.48707318213019873,0.665203054647773,-1.5109412979227617,0.2169209876250433,-0.77937289723666,0.4143609429301609,2
Nutrient\rice_plant_lacks_nutrients\Phosphorus(P)\IMG_4096.JPG,Phosphorus(P),0.5071715205374354,-1.0322711505955462,1.5798773514229065,-0.8799712530033661,-0.77937289723666,1.5470104452449513,1
Nutrient\rice_plant_lacks_nutrients\Nitrogen(N)\untitled-255.JPG,Nitrogen(N),1.5076221434754813,0.5514673910399704,0.3500602212311677,1.7356948592643795,-0.33139307413755953,-1.3978782607735039,0
Nutrient\rice_plant_lacks_nutrients\Nitrogen(N)\untitled-25.JPG,Nitrogen(N),-0.21860181083503022,0.6334059874025805,-1.8721851934923173,-0.4580896219924394,0.11658674896154095,1.5470104452449513,0
Nutrient\rice_plant_lacks_nutrients\Potassium(K)\untitled-35.JPG,Potassium(K),-0.5848381995891361,-1.8284207958501582,-1.8721851934923173,-0.6268422743968101,1.9085060413579429,0.8674207438560771,2
Nutrient\rice_plant_lacks_nutrients\Potassium(K)\untitled-367.JPG,Potassium(K),-0.9868049677338857,-1.4089441010385888,1.4599920146514718,-1.0487239054077369,-0.1074031625880093,-0.5672686257426576,2
Nutrient\rice_plant_lacks_nutrients\Nitrogen(N)\untitled-421.JPG,Nitrogen(N),1.027495170413695,-0.21655407934389437,0.697807092131091,-1.1331002316099221,-0.1074031625880093,-1.0203284266685737,0
Nutrient\rice_plant_lacks_nutrients\Nitrogen(N)\untitled-66.JPG,Nitrogen(N),0.3642500029748575,-0.26547264433649703,-0.3430516926858037,0.385673640029414,-0.77937289723666,0.565380876572133,0
Nutrient\rice_plant_lacks_nutrients\Nitrogen(N)\untitled-239.JPG,Nitrogen(N),-0.43745038460272767,-1.4223967064115544,-0.6923864488409781,0.13254466142285798,-0.77937289723666,0.11232107564621678,0
Nutrient\rice_plant_lacks_nutrients\Potassium(K)\untitled-366.JPG,Potassium(K),-0.7947541785091718,0.7923913236285394,0.9224928557490787,-0.9643475792055515,0.7885564836101917,1.0184406774980492,2
Nutrient\rice_plant_lacks_nutrients\Nitrogen(N)\untitled-331.JPG,Nitrogen(N),0.2079295931407881,0.36313091581844964,-0.9146903845760889,0.2169209876250433,0.11658674896154095,0.4143609429301609,0
Nutrient\rice_plant_lacks_nutrients\Nitrogen(N)\untitled-131.JPG,Nitrogen(N),-0.07568029327245224,0.09652473660876414,1.3829795797718085,-0.8799712530033661,1.4605262182588423,0.9429307106770631,0
Nutrient\rice_plant_lacks_nutrients\Nitrogen(N)\untitled-136.JPG,Nitrogen(N),-0.07568029327245224,0.09652473660876414,1.1447967914841894,-0.7112186005989954,0.7885564836101917,1.0184406774980492,0
Nutrient\rice_plant_lacks_nutrients\Potassium(K)\untitled-268.JPG,Potassium(K),-1.0738977674985817,-0.880623599118478,-0.0032442480621339433,-0.8799712530033661,-0.77937289723666,-0.4917586589216715,2
Nutrient\rice_plant_lacks_nutrients\Potassium(K)\untitled-163.JPG,Potassium(K),2.157468418642827,2.042260659189542,-0.1628267162148385,-0.3737132957902541,-0.77937289723666,1.3204805447819934,2
Nutrient\rice_plant_lacks_nutrients\Phosphorus(P)\IMG_4284-19.JPG,Phosphorus(P),-0.7031950813206453,0.3557931310695589,-0.622519497609943,2.2419528164774913,-0.77937289723666,-1.3978782607735039,1
Nutrient\rice_plant_lacks_nutrients\Nitrogen(N)\untitled-175.JPG,Nitrogen(N),0.14763457791907567,0.34111756157177836,0.033277112808634365,0.2169209876250433,-0.77937289723666,0.7164008102141051,0
Nutrient\rice_plant_lacks_nutrients\Potassium(K)\untitled-339.JPG,Potassium(K),0.44017705917997774,0.5098866107962585,0.39134523786768804,-1.0487239054077369,1.012546395159742,0.1878310424672028,2
Nutrient\rice_plant_lacks_nutrients\Nitrogen(N)\untitled-220.JPG,Nitrogen(N),-1.2972126386901095,1.0015181889719176,0.38975735261243755,-0.8799712530033661,1.2365363067092923,-0.03869885799575529,0
Nutrient\rice_plant_lacks_nutrients\Potassium(K)\untitled-274.JPG,Potassium(K),-0.5334757792150846,-0.8769547067440326,1.3210520548170275,-0.5424659481946248,-0.5553829856871098,-1.0958383934895597,2
Nutrient\rice_plant_lacks_nutrients\Phosphorus(P)\IMG_4328.JPG,Phosphorus(P),-0.5669730098938135,0.23716561096249716,-0.4280035538417212,-0.20496064338588338,-0.77937289723666,1.6225204120659376,1
Nutrient\rice_plant_lacks_nutrients\Nitrogen(N)\untitled-84.JPG,Nitrogen(N),-1.8778313037880825,-1.799069656854596,1.5806712940505323,-0.2893369695880687,-0.5553829856871098,-0.8693084930266016,0
Nutrient\rice_plant_lacks_nutrients\Potassium(K)\untitled-177.JPG,Potassium(K),1.123520565026052,2.019024340818056,-0.8805508515881968,-0.2893369695880687,-0.5553829856871098,-0.34073872527969945,2
Nutrient\rice_plant_lacks_nutrients\Potassium(K)\untitled-247.JPG,Potassium(K),1.0319614678375264,-0.6555982001525045,-0.6757136536608447,1.9888238378709355,-0.5553829856871098,-1.3978782607735039,2
Nutrient\rice_plant_lacks_nutrients\Potassium(K)\untitled-273.JPG,Potassium(K),-0.026551021610316358,1.1666183458219515,1.17576055396158,-0.5424659481946248,1.2365363067092923,-0.34073872527969945,2
Nutrient\rice_plant_lacks_nutrients\Potassium(K)\untitled-100.JPG,Potassium(K),0.5451350486399956,1.1947465206926986,-0.11995381432306713,-1.0487239054077369,1.2365363067092923,0.8674207438560771,2
Nutrient\rice_plant_lacks_nutrients\Potassium(K)\untitled-89.JPG,Potassium(K),0.3374522184318747,0.4022657678125319,-0.9583572290954857,1.4825658806578235,-0.77937289723666,-1.3978782607735039,2
Nutrient\rice_plant_lacks_nutrients\Phosphorus(P)\IMG_5418.JPG,Phosphorus(P),-1.428968412693111,-1.5764901861382532,-0.2850938808691495,0.04816833522067263,0.11658674896154095,0.03681110882523075,1
Nutrient\rice_plant_lacks_nutrients\Potassium(K)\untitled-334.JPG,Potassium(K),-0.3347255438546246,0.035376530368010584,-1.8721851934923173,-0.7955949268011807,-0.77937289723666,1.2449705779610072,2
Nutrient\rice_plant_lacks_nutrients\Nitrogen(N)\untitled-116.JPG,Nitrogen(N),-0.2989951644639801,-0.1480680883542501,0.6684312149089515,-0.4580896219924394,-0.77937289723666,1.3204805447819934,0
Nutrient\rice_plant_lacks_nutrients\Phosphorus(P)\IMG_4596.JPG,Phosphorus(P),-0.26103163636142,-0.006204249875702255,0.9471050772054656,-0.3737132957902541,2.020500997132718,-0.7937985262056156,1
Nutrient\rice_plant_lacks_nutrients\Nitrogen(N)\untitled-340.JPG,Nitrogen(N),-0.4620150204337956,-0.7766716485091968,-1.6848147333727237,1.90444751166875,-0.77937289723666,-1.2468583271315319,0
Nutrient\rice_plant_lacks_nutrients\Potassium(K)\untitled-125.JPG,Potassium(K),0.8600090170200492,1.298698471301979,1.4703132688106022,-0.8799712530033661,1.2365363067092923,-0.2652287584587134,2
Nutrient\rice_plant_lacks_nutrients\Phosphorus(P)\IMG_5417.JPG,Phosphorus(P),-0.23423385181843723,-1.2242765181915123,-0.6090224729403116,-0.20496064338588338,-0.5553829856871098,1.6225204120659376,1
Nutrient\rice_plant_lacks_nutrients\Phosphorus(P)\IMG_4612.JPG,Phosphorus(P),-0.7768889888138499,-0.09914952336164742,0.4675637301197262,-0.2893369695880687,2.020500997132718,-0.6427785925636436,1
Nutrient\rice_plant_lacks_nutrients\Nitrogen(N)\untitled-301.JPG,Nitrogen(N),0.08064011656161713,-0.18353404797388706,-0.4145065291720893,-0.7955949268011807,0.11658674896154095,-0.03869885799575529,0
Nutrient\rice_plant_lacks_nutrients\Nitrogen(N)\untitled-54.JPG,Nitrogen(N),-0.6406669173870181,-0.752212366012895,-0.2842999382415242,-0.8799712530033661,-0.77937289723666,1.6225204120659376,0
Nutrient\rice_plant_lacks_nutrients\Phosphorus(P)\IMG_4610.JPG,Phosphorus(P),-0.9131110602406819,-1.3575796077963556,0.30004183569076753,-0.8799712530033661,2.020500997132718,-0.41624869210068544,1
Nutrient\rice_plant_lacks_nutrients\Potassium(K)\untitled-133.JPG,Potassium(K),-0.4419166820265581,-0.8268131776266142,-0.9305692371285971,0.47004996623159934,-0.77937289723666,-0.2652287584587134,2
Nutrient\rice_plant_lacks_nutrients\Potassium(K)\untitled-285.JPG,Potassium(K),1.5411193741542102,0.03659949449282541,1.3226399400722784,-0.8799712530033661,0.11658674896154095,0.565380876572133,2
Nutrient\rice_plant_lacks_nutrients\Phosphorus(P)\IMG_5432-21.JPG,Phosphorus(P),0.29725554161739975,1.5432912962649932,-1.4633047402652382,1.9888238378709355,-0.77937289723666,-1.3978782607735039,1
Nutrient\rice_plant_lacks_nutrients\Phosphorus(P)\IMG_5431-20.JPG,Phosphorus(P),-0.9019453166811053,-0.34985716894873664,-0.39703979136433065,1.7356948592643795,-0.77937289723666,-1.2468583271315319,1
Nutrient\rice_plant_lacks_nutrients\Nitrogen(N)\untitled-158.JPG,Nitrogen(N),1.264208933876715,1.074896036460821,1.462373842534348,-0.2893369695880687,-0.77937289723666,1.6225204120659376,0
Nutrient\rice_plant_lacks_nutrients\Phosphorus(P)\IMG_5421.JPG,Phosphorus(P),-1.444600453676518,-1.0127037245985056,0.08091367046615827,-0.7955949268011807,2.020500997132718,-0.11420882481674133,1
Nutrient\rice_plant_lacks_nutrients\Phosphorus(P)\IMG_4278-13.JPG,Phosphorus(P),-1.484797130490993,-0.160297729602401,-0.31526370071891474,-1.0487239054077369,1.6845161298083926,0.9429307106770631,1
Nutrient\rice_plant_lacks_nutrients\Nitrogen(N)\untitled-291.JPG,Nitrogen(N),0.01587880391607423,0.981950762974875,1.74660530322424,-1.3018528840142929,1.012546395159742,1.1694606111400212,0
Nutrient\rice_plant_lacks_nutrients\Nitrogen(N)\untitled-283.JPG,Nitrogen(N),0.201230147005042,-0.40733648281504486,-0.5185130133910164,-1.0487239054077369,-0.77937289723666,-0.7182885593846295,0
Nutrient\rice_plant_lacks_nutrients\Phosphorus(P)\IMG_4114.JPG,Phosphorus(P),-0.475413912705287,0.019477996745414342,-0.061202059878787636,2.326329142679677,0.11658674896154095,-1.0958383934895597,1
Nutrient\rice_plant_lacks_nutrients\Potassium(K)\untitled-145.JPG,Potassium(K),2.1172717418283518,1.087125677708971,-1.3624740265568125,-0.7112186005989954,-0.1074031625880093,-0.6427785925636436,2
Nutrient\rice_plant_lacks_nutrients\Nitrogen(N)\untitled-364.JPG,Nitrogen(N),-1.0024370087172927,0.3802524135658607,0.4159574593240755,1.2294369020512674,-0.1074031625880093,-1.3978782607735039,0
Nutrient\rice_plant_lacks_nutrients\Nitrogen(N)\untitled-2.JPG,Nitrogen(N),-0.3570570309737777,-0.294823783332059,0.8327773388274087,-0.2893369695880687,-0.77937289723666,1.2449705779610072,0
Nutrient\rice_plant_lacks_nutrients\Phosphorus(P)\IMG_4334.JPG,Phosphorus(P),0.9314697758013382,-0.6091255634095323,0.3579996475074218,0.2169209876250433,-0.77937289723666,0.33885097610917486,1
Nutrient\rice_plant_lacks_nutrients\Potassium(K)\untitled-331.JPG,Potassium(K),0.8667084631557952,0.8547624939941086,1.720405196512602,-0.8799712530033661,0.7885564836101917,1.0184406774980492,2
Nutrient\rice_plant_lacks_nutrients\Potassium(K)\untitled-38.JPG,Potassium(K),-0.07791344198436786,-1.641307284753452,-0.9678845406269906,-0.03620799098151271,2.020500997132718,-0.7182885593846295,2
Nutrient\rice_plant_lacks_nutrients\Nitrogen(N)\untitled-190.JPG,Nitrogen(N),-0.689796189049154,0.5392377497918196,-0.25651194627463525,0.8075552710403406,-0.77937289723666,0.2633410092881888,0
Nutrient\rice_plant_lacks_nutrients\Nitrogen(N)\untitled-416.JPG,Nitrogen(N),1.2686752313005465,1.2008613413167735,0.862947158677174,0.2169209876250433,-0.77937289723666,0.2633410092881888,0
Nutrient\rice_plant_lacks_nutrients\Potassium(K)\untitled-152.JPG,Potassium(K),1.0408940626851872,1.9615450269517476,-0.6796833667989715,-0.5424659481946248,-0.77937289723666,-0.6427785925636436,2
Nutrient\rice_plant_lacks_nutrients\Phosphorus(P)\IMG_3816.JPG,Phosphorus(P),0.8957393964106944,0.9269173773581982,0.6303219687829328,-1.2174765578121074,1.2365363067092923,0.4143609429301609,1
Nutrient\rice_plant_lacks_nutrients\Potassium(K)\untitled-374.JPG,Potassium(K),-0.9332093986479193,-1.6510909977519725,-0.8543507448765589,1.4825658806578235,-0.77937289723666,-1.2468583271315319,2
Nutrient\rice_plant_lacks_nutrients\Nitrogen(N)\untitled-313.JPG,Nitrogen(N),-0.21413551341119977,0.150335158100627,0.15792610534582163,0.04816833522067263,-0.77937289723666,0.2633410092881888,0
Nutrient\rice_plant_lacks_nutrients\Phosphorus(P)\IMG_4275.JPG,Phosphorus(P),0.42901131562040035,-0.26058078783723687,-0.07946274031417208,1.398189554455638,-0.77937289723666,-1.3978782607735039,1
Nutrient\rice_plant_lacks_nutrients\Phosphorus(P)\IMG_4306.JPG,Phosphorus(P),1.375866369472479,1.2913606865530882,1.468725383555351,-0.5424659481946248,-0.33139307413755953,1.9245602793498815,1
Nutrient\rice_plant_lacks_nutrients\Phosphorus(P)\IMG_3801.JPG,Phosphorus(P),1.2195459596384088,-0.46970765318061414,1.1090693732410464,-0.9643475792055515,1.012546395159742,0.640890843393119,1
Nutrient\rice_plant_lacks_nutrients\Nitrogen(N)\untitled-245.JPG,Nitrogen(N),0.2994886903293146,0.3582390593191894,-0.08184456819704836,-0.12058431718369804,-0.77937289723666,0.9429307106770631,0
Nutrient\rice_plant_lacks_nutrients\Nitrogen(N)\untitled-424.JPG,Nitrogen(N),-1.4111032229977891,-1.7269147734905066,1.9300060502057066,1.5669422068600087,-0.5553829856871098,-1.2468583271315319,0
Nutrient\rice_plant_lacks_nutrients\Nitrogen(N)\untitled-128.JPG,Nitrogen(N),0.8175791914936593,0.7080067990162997,-0.44308846376660355,1.7356948592643795,-0.77937289723666,-1.3978782607735039,0
Nutrient\rice_plant_lacks_nutrients\Nitrogen(N)\untitled-221.JPG,Nitrogen(N),0.1074379011046007,-0.8928532403666288,0.8454804208694148,-0.2893369695880687,0.11658674896154095,1.0939506443190352,0
Nutrient\rice_plant_lacks_nutrients\Phosphorus(P)\IMG_4330.JPG,Phosphorus(P),-1.0828303623462434,-0.038001317120893864,-1.256879657082635,-0.7112186005989954,-0.77937289723666,-0.6427785925636436,1
Nutrient\rice_plant_lacks_nutrients\Nitrogen(N)\untitled-306.JPG,Nitrogen(N),-1.1118612956011418,-1.015149652848136,-1.523644379964768,-0.4580896219924394,-0.77937289723666,-0.6427785925636436,0
Nutrient\rice_plant_lacks_nutrients\Potassium(K)\untitled-350.JPG,Potassium(K),0.5138709666731816,-1.2756410114337455,0.23335065497023452,2.073200164073121,0.11658674896154095,-1.3978782607735039,2
Nutrient\rice_plant_lacks_nutrients\Potassium(K)\untitled-189.JPG,Potassium(K),1.248576892893308,1.13971313507602,-0.5732950546971686,-0.4580896219924394,0.11658674896154095,1.6225204120659376,2
Nutrient\rice_plant_lacks_nutrients\Nitrogen(N)\untitled-312.JPG,Nitrogen(N),-1.2793474489947878,0.5734807452866417,2.097527944634665,1.90444751166875,-0.33139307413755953,-1.3978782607735039,0
Nutrient\rice_plant_lacks_nutrients\Potassium(K)\untitled-63.JPG,Potassium(K),-1.1542911211275315,-1.8736704684683154,1.7728054099358779,1.2294369020512674,-0.33139307413755953,-1.3978782607735039,2
Nutrient\rice_plant_lacks_nutrients\Potassium(K)\untitled-256.JPG,Potassium(K),-0.14714105205374123,-0.4758224738046891,-1.0536303444105335,0.04816833522067263,-0.5553829856871098,-0.34073872527969945,2
Nutrient\rice_plant_lacks_nutrients\Nitrogen(N)\untitled-428.JPG,Nitrogen(N),0.20569644442887325,1.0443219333404443,-1.3505648871424316,0.385673640029414,-0.33139307413755953,0.2633410092881888,0
Nutrient\rice_plant_lacks_nutrients\Phosphorus(P)\IMG_4310.JPG,Phosphorus(P),1.2686752313005465,0.5343458932925594,-0.18743893767122596,-0.8799712530033661,0.11658674896154095,-0.41624869210068544,1
Nutrient\rice_plant_lacks_nutrients\Phosphorus(P)\IMG_4280-15.JPG,Phosphorus(P),1.6326784713427358,0.2016996513428602,-1.5188807241990159,-0.9643475792055515,-0.77937289723666,1.1694606111400212,1
Nutrient\rice_plant_lacks_nutrients\Potassium(K)\untitled-150.JPG,Potassium(K),-0.8974790192572748,-0.219000007593524,-0.8186233266334159,-0.4580896219924394,-0.77937289723666,-0.6427785925636436,2
Nutrient\rice_plant_lacks_nutrients\Nitrogen(N)\untitled-238.JPG,Nitrogen(N),0.7729162172553531,-0.8476035677484707,0.7724376991278786,-0.5424659481946248,2.020500997132718,-0.2652287584587134,0
Nutrient\rice_plant_lacks_nutrients\Nitrogen(N)\untitled-59.JPG,Nitrogen(N),0.6478598893880986,-0.9698999802299778,1.7259627949059793,-1.1331002316099221,2.020500997132718,0.791910777035091,0
Nutrient\rice_plant_lacks_nutrients\Potassium(K)\untitled-338.JPG,Potassium(K),-0.13597530849416467,-1.336789217674499,-1.3886741332684507,1.8200711854665648,-0.1074031625880093,-1.3978782607735039,2
Nutrient\rice_plant_lacks_nutrients\Potassium(K)\untitled-293.JPG,Potassium(K),0.6232952535570306,0.7324660815126015,1.523507424861504,-0.3737132957902541,-0.1074031625880093,1.7735403457079095,2
Nutrient\rice_plant_lacks_nutrients\Potassium(K)\untitled-343.JPG,Potassium(K),-1.230218177332652,-0.1920947968475926,-0.1628267162148385,0.385673640029414,-0.77937289723666,0.33885097610917486,2
Nutrient\rice_plant_lacks_nutrients\Phosphorus(P)\IMG_4581.JPG,Phosphorus(P),-1.6500501351727241,-1.3869307467919174,-0.08660822396280035,-0.9643475792055515,2.020500997132718,-0.11420882481674133,1
Nutrient\rice_plant_lacks_nutrients\Nitrogen(N)\untitled-423.JPG,Nitrogen(N),1.5612177125614468,0.9733900141011704,-0.4756401114992445,-0.6268422743968101,-0.77937289723666,1.7735403457079095,0
Nutrient\rice_plant_lacks_nutrients\Potassium(K)\untitled-283.JPG,Potassium(K),1.1972144725192575,-0.21777704346870919,-0.617755841844191,-0.7955949268011807,1.4605262182588423,0.640890843393119,2
Nutrient\rice_plant_lacks_nutrients\Nitrogen(N)\untitled-229.JPG,Nitrogen(N),-0.9667066293266482,0.03782245861764111,-0.6217255549823177,-0.6268422743968101,2.020500997132718,-0.2652287584587134,0
Nutrient\rice_plant_lacks_nutrients\Phosphorus(P)\IMG_3827.JPG,Phosphorus(P),-0.403953153923998,-0.024548711747928147,1.3488400467839163,-0.8799712530033661,-0.77937289723666,1.6225204120659376,1
Nutrient\rice_plant_lacks_nutrients\Nitrogen(N)\untitled-79.JPG,Nitrogen(N),0.7014554584740641,0.36313091581844964,0.39849072151631687,-0.7955949268011807,-0.1074031625880093,-0.41624869210068544,0
Nutrient\rice_plant_lacks_nutrients\Potassium(K)\untitled-96.JPG,Potassium(K),-0.2632647850733356,-0.9735688726044232,-0.45420366055335915,-0.12058431718369804,-0.1074031625880093,-0.2652287584587134,2
Nutrient\rice_plant_lacks_nutrients\Phosphorus(P)\IMG_4272.JPG,Phosphorus(P),0.10967104981651553,0.6089467049062787,-1.6332084625770729,-0.8799712530033661,-0.33139307413755953,0.640890843393119,1
Nutrient\rice_plant_lacks_nutrients\Phosphorus(P)\IMG_5433.JPG,Phosphorus(P),0.9225371809536772,0.3484553463206691,-0.9615329996059876,-0.7112186005989954,1.2365363067092923,1.2449705779610072,1
Nutrient\rice_plant_lacks_nutrients\Nitrogen(N)\untitled-358.JPG,Nitrogen(N),1.0632255498043404,1.3366103591712464,0.9955355774906147,-0.20496064338588338,-0.77937289723666,1.9245602793498815,0
Nutrient\rice_plant_lacks_nutrients\Potassium(K)\untitled-71.JPG,Potassium(K),2.157468418642827,2.124199255552152,-0.01435944484888954,-0.20496064338588338,2.020500997132718,0.03681110882523075,2
Nutrient\rice_plant_lacks_nutrients\Potassium(K)\untitled-85.JPG,Potassium(K),-0.5714393073176439,-0.25813485958760635,-0.07469908454841952,-0.7112186005989954,-0.77937289723666,1.3959905116029794,2
Nutrient\rice_plant_lacks_nutrients\Potassium(K)\untitled-319.JPG,Potassium(K),-1.2748811515709573,-0.7571042225121551,-0.5232766691567684,0.47004996623159934,-0.5553829856871098,-0.03869885799575529,2
Nutrient\rice_plant_lacks_nutrients\Nitrogen(N)\untitled-183.JPG,Nitrogen(N),-0.522310035655508,-0.6372537382802785,-1.475213879679619,-0.7955949268011807,1.4605262182588423,0.8674207438560771,0
Nutrient\rice_plant_lacks_nutrients\Potassium(K)\untitled-355.JPG,Potassium(K),-1.4200358178454502,-0.5088425051746964,-0.9694724258822414,1.3138132282534527,-0.5553829856871098,-1.3978782607735039,2
Nutrient\rice_plant_lacks_nutrients\Phosphorus(P)\IMG_4578.JPG,Phosphorus(P),-1.0962292546177348,-1.038385971219622,-0.06358388776166392,2.1575764902753063,-0.77937289723666,-1.2468583271315319,1
Nutrient\rice_plant_lacks_nutrients\Nitrogen(N)\untitled-40.JPG,Nitrogen(N),-0.9443751422074959,-0.8708398861199568,0.10790771980542145,0.5544262924337847,0.11658674896154095,0.2633410092881888,0
Nutrient\rice_plant_lacks_nutrients\Nitrogen(N)\untitled-362.JPG,Nitrogen(N),0.44910965402763864,-1.2719721190593003,0.21826574504535162,1.0606842496468967,-0.1074031625880093,-1.3978782607735039,0
Nutrient\rice_plant_lacks_nutrients\Phosphorus(P)\IMG_4319.JPG,Phosphorus(P),0.7260200943051337,-0.5638758907913741,0.6604917886326975,-0.7112186005989954,-0.77937289723666,2.0000702461708677,1
Nutrient\rice_plant_lacks_nutrients\Potassium(K)\untitled-322.JPG,Potassium(K),-0.24986589280184426,-0.9527784824825667,-0.9377147207772256,1.4825658806578235,0.11658674896154095,-1.3978782607735039,2
Nutrient\rice_plant_lacks_nutrients\Potassium(K)\untitled-324.JPG,Potassium(K),1.4294619385584462,-0.5858892450380454,-0.9448602044258542,0.63880261863597,-0.77937289723666,0.03681110882523075,2
Nutrient\rice_plant_lacks_nutrients\Potassium(K)\untitled-165.JPG,Potassium(K),-0.07121399584862177,0.7801616823803893,0.8518319618904183,-1.0487239054077369,-0.77937289723666,-0.41624869210068544,2
Nutrient\rice_plant_lacks_nutrients\Nitrogen(N)\untitled-279.JPG,Nitrogen(N),0.06724122429012575,-0.20065554572129812,0.22779305657685672,-0.5424659481946248,0.11658674896154095,-0.41624869210068544,0
Nutrient\rice_plant_lacks_nutrients\Nitrogen(N)\untitled-135.JPG,Nitrogen(N),-0.745624906847036,-0.6372537382802785,-1.0782425658669208,-0.4580896219924394,-0.77937289723666,-0.41624869210068544,0
Nutrient\rice_plant_lacks_nutrients\Phosphorus(P)\IMG_3825.JPG,Phosphorus(P),-0.22306810825886067,-1.858994898970535,-0.19379047869222898,1.9888238378709355,-0.77937289723666,-1.3978782607735039,1
Nutrient\rice_plant_lacks_nutrients\Phosphorus(P)\IMG_4308-32.JPG,Phosphorus(P),0.257058864802924,1.4576838075279377,1.4433192194713385,-0.7112186005989954,-0.77937289723666,1.0939506443190352,1
Nutrient\rice_plant_lacks_nutrients\Nitrogen(N)\untitled-252.JPG,Nitrogen(N),0.06724122429012575,0.8021750366270597,-0.8511749743660574,0.47004996623159934,-0.77937289723666,-0.11420882481674133,0
Nutrient\rice_plant_lacks_nutrients\Potassium(K)\untitled-295.JPG,Potassium(K),-2.277564923220917,-0.4672617249309836,-0.6892106783304766,-0.9643475792055515,2.020500997132718,-0.41624869210068544,2
Nutrient\rice_plant_lacks_nutrients\Nitrogen(N)\untitled-34.JPG,Nitrogen(N),-0.13150901107033422,-0.4672617249309836,-1.2036855010317333,1.9888238378709355,-0.5553829856871098,-1.0958383934895597,0
Nutrient\rice_plant_lacks_nutrients\Phosphorus(P)\IMG_4335.JPG,Phosphorus(P),-0.17840513402055527,-1.6095102175082605,0.30559943408414536,-0.7112186005989954,2.020500997132718,-0.41624869210068544,1
Nutrient\rice_plant_lacks_nutrients\Nitrogen(N)\untitled-226.JPG,Nitrogen(N),0.09403900883310931,0.9085729154859715,1.011414430043123,1.90444751166875,-0.1074031625880093,-1.0958383934895597,0
Nutrient\rice_plant_lacks_nutrients\Potassium(K)\untitled-183.JPG,Potassium(K),1.498689548627819,1.2901377224282742,0.40246043465444364,-0.9643475792055515,0.7885564836101917,0.9429307106770631,2
Nutrient\rice_plant_lacks_nutrients\Nitrogen(N)\untitled-411.JPG,Nitrogen(N),0.17443236246205923,-0.5871122091628611,0.9209049704938276,-0.5424659481946248,-0.77937289723666,0.9429307106770631,0
Nutrient\rice_plant_lacks_nutrients\Phosphorus(P)\IMG_4279.JPG,Phosphorus(P),0.5496013460638253,1.5225009061431367,0.0396286538296374,-0.5424659481946248,1.2365363067092923,-0.34073872527969945,1
Nutrient\rice_plant_lacks_nutrients\Nitrogen(N)\untitled-157.JPG,Nitrogen(N),-0.745624906847036,-0.7595501507617857,-0.6812712520542225,1.5669422068600087,-0.77937289723666,-1.3978782607735039,0
Nutrient\rice_plant_lacks_nutrients\Potassium(K)\untitled-217.JPG,Potassium(K),-0.30569461059972625,1.1556116686986153,-0.9734421390203684,1.7356948592643795,-0.5553829856871098,-1.3223682939525179,2
Nutrient\rice_plant_lacks_nutrients\Nitrogen(N)\untitled-247.JPG,Nitrogen(N),0.3218201774484677,-1.8271978317253423,0.11822897396455181,-1.1331002316099221,1.012546395159742,1.0184406774980492,0
Nutrient\rice_plant_lacks_nutrients\Phosphorus(P)\IMG_5441-30.JPG,Phosphorus(P),-1.230218177332652,-0.5492003212935935,-0.8591144006423115,1.145060575849082,0.11658674896154095,-1.0958383934895597,1
Nutrient\rice_plant_lacks_nutrients\Potassium(K)\untitled-115.JPG,Potassium(K),-0.372689071957184,-0.47826840205431964,-0.37083968465269274,-1.0487239054077369,2.020500997132718,-0.34073872527969945,2
Nutrient\rice_plant_lacks_nutrients\Phosphorus(P)\IMG_4107.JPG,Phosphorus(P),0.006946209068413305,1.9260790673321098,0.18888986782321215,-1.3018528840142929,2.020500997132718,0.11232107564621678,1
Nutrient\rice_plant_lacks_nutrients\Nitrogen(N)\untitled-207.JPG,Nitrogen(N),1.5143215896112259,1.6704795652457614,0.2762235568620059,2.2419528164774913,-0.33139307413755953,-1.3978782607735039,0
Nutrient\rice_plant_lacks_nutrients\Nitrogen(N)\untitled-264.JPG,Nitrogen(N),-0.863981788578546,0.4524072969299494,0.26113864693712296,-0.7112186005989954,0.11658674896154095,-0.5672686257426576,0
Nutrient\rice_plant_lacks_nutrients\Potassium(K)\untitled-36.JPG,Potassium(K),-0.7255265684397985,-0.647037451278799,-0.5073978166042609,0.30129731382722863,-0.77937289723666,0.7164008102141051,2
Nutrient\rice_plant_lacks_nutrients\Potassium(K)\untitled-239.JPG,Potassium(K),-0.01091898062690934,-1.2988773298052316,0.7073344036625961,0.13254466142285798,-0.33139307413755953,0.4143609429301609,2
Nutrient\rice_plant_lacks_nutrients\Potassium(K)\untitled-32.JPG,Potassium(K),0.02257825005182032,0.5001028977977373,0.46438795960922463,-0.9643475792055515,-0.77937289723666,-0.4917586589216715,2
Nutrient\rice_plant_lacks_nutrients\Potassium(K)\untitled-49.JPG,Potassium(K),-0.24986589280184426,-0.9160895587381149,0.029307399670507606,0.63880261863597,-0.77937289723666,-0.11420882481674133,2
Nutrient\rice_plant_lacks_nutrients\Phosphorus(P)\IMG_5434.JPG,Phosphorus(P),0.5205704128089276,0.9146877361100465,2.097527944634665,-0.3737132957902541,0.7885564836101917,-0.18971879163772737,1
Nutrient\rice_plant_lacks_nutrients\Nitrogen(N)\untitled-418.JPG,Nitrogen(N),-1.2815805977067025,-0.8463806036236559,-1.0051998441253842,-0.20496064338588338,-0.77937289723666,1.5470104452449513,0
Nutrient\rice_plant_lacks_nutrients\Potassium(K)\untitled-381.JPG,Potassium(K),-1.0493331316675139,-0.17130440672573616,-0.35178506158968303,-0.7955949268011807,-0.77937289723666,1.6980303788869235,2
Nutrient\rice_plant_lacks_nutrients\Nitrogen(N)\untitled-133.JPG,Nitrogen(N),-1.1922546492300918,-1.126439388206307,-1.3958196169170793,-0.2893369695880687,2.020500997132718,-0.5672686257426576,0
Nutrient\rice_plant_lacks_nutrients\Phosphorus(P)\IMG_4264.JPG,Phosphorus(P),-1.1408922288560401,-1.342904038298575,-1.7689726519010156,-0.4580896219924394,2.020500997132718,-0.41624869210068544,1
Nutrient\rice_plant_lacks_nutrients\Phosphorus(P)\IMG_4355.JPG,Phosphorus(P),0.5317361563685034,-0.35474902544799686,-0.1580630604490859,-0.7955949268011807,-0.77937289723666,-0.7182885593846295,1
Nutrient\rice_plant_lacks_nutrients\Nitrogen(N)\untitled-224.JPG,Nitrogen(N),-0.24316644666609816,-0.5736596037898944,-0.17314797037396884,1.398189554455638,-0.77937289723666,-1.3978782607735039,0
Nutrient\rice_plant_lacks_nutrients\Nitrogen(N)\untitled-33.JPG,Nitrogen(N),0.21686218798844903,1.7181751661135491,2.097527944634665,-0.6268422743968101,-0.33139307413755953,1.6980303788869235,0
Nutrient\rice_plant_lacks_nutrients\Potassium(K)\untitled-48.JPG,Potassium(K),-0.7098945274563915,-0.4660387608061688,-0.6407801780453274,2.1575764902753063,-0.77937289723666,-1.2468583271315319,2
Nutrient\rice_plant_lacks_nutrients\Potassium(K)\untitled-147.JPG,Potassium(K),-1.730443488801674,-0.2752563573350174,-1.3045162147401588,-0.20496064338588338,-0.77937289723666,2.0000702461708677,2
Nutrient\rice_plant_lacks_nutrients\Phosphorus(P)\IMG_5414.JPG,Phosphorus(P),-0.34812443612611604,-1.5300175493952801,-0.5478888906131559,0.2169209876250433,-0.1074031625880093,0.2633410092881888,1
Nutrient\rice_plant_lacks_nutrients\Phosphorus(P)\IMG_5441.JPG,Phosphorus(P),0.7639836224076922,-0.6617130207765803,1.426646424291205,-0.7112186005989954,0.3405766605110912,1.2449705779610072,1
Nutrient\rice_plant_lacks_nutrients\Potassium(K)\untitled-288.JPG,Potassium(K),0.34415166456762,1.2289895161875206,-0.46928857047824146,-1.3018528840142929,1.2365363067092923,0.640890843393119,2
Nutrient\rice_plant_lacks_nutrients\Potassium(K)\untitled-92.JPG,Potassium(K),-0.4776470614172026,-1.4762071279034172,0.3778482131980567,1.5669422068600087,-0.77937289723666,-1.3978782607735039,2
Nutrient\rice_plant_lacks_nutrients\Phosphorus(P)\IMG_3819.JPG,Phosphorus(P),-0.7567906504066125,-1.0493926483429572,-0.046117149953905284,0.8075552710403406,-0.77937289723666,-0.34073872527969945,1
Nutrient\rice_plant_lacks_nutrients\Potassium(K)\untitled-220.JPG,Potassium(K),-0.8215519630521554,0.14544330160136681,-1.0710970822182921,1.2294369020512674,-0.33139307413755953,-1.0958383934895597,2
Nutrient\rice_plant_lacks_nutrients\Phosphorus(P)\IMG_4265.JPG,Phosphorus(P),-0.42181834361932063,-0.4024446263157847,0.352442049114044,-0.03620799098151271,-0.33139307413755953,0.03681110882523075,1
Nutrient\rice_plant_lacks_nutrients\Potassium(K)\untitled-279.JPG,Potassium(K),-1.9381263190097948,-1.794177800355336,1.2488032757031167,1.651318533062194,0.11658674896154095,-1.3223682939525179,2
Nutrient\rice_plant_lacks_nutrients\Phosphorus(P)\IMG_4351.JPG,Phosphorus(P),-1.6388843916131475,-0.781563505008457,-0.500252332955632,0.47004996623159934,-0.77937289723666,0.7164008102141051,1
Nutrient\rice_plant_lacks_nutrients\Potassium(K)\untitled-365.JPG,Potassium(K),-0.7858215836615109,-0.9674540519803482,-0.6955622193514795,-0.8799712530033661,-0.5553829856871098,-0.5672686257426576,2
Nutrient\rice_plant_lacks_nutrients\Potassium(K)\untitled-316.JPG,Potassium(K),0.9471018167847451,-0.12605473410757884,1.2750033824147546,-0.3737132957902541,-0.33139307413755953,1.3204805447819934,2
Nutrient\rice_plant_lacks_nutrients\Nitrogen(N)\untitled-234.JPG,Nitrogen(N),0.41337927463699337,1.1898546641934376,1.8887210335691864,-0.2893369695880687,-0.77937289723666,1.0939506443190352,0
Nutrient\rice_plant_lacks_nutrients\Nitrogen(N)\untitled-389.JPG,Nitrogen(N),2.157468418642827,2.250164560408104,-1.1155578693653143,-0.9643475792055515,0.11658674896154095,2.0000702461708677,0
Nutrient\rice_plant_lacks_nutrients\Potassium(K)\untitled-79.JPG,Potassium(K),-1.2413839208922277,-0.34129642007503114,-1.4347228056707237,-0.3737132957902541,2.020500997132718,-0.6427785925636436,2
Nutrient\rice_plant_lacks_nutrients\Potassium(K)\untitled-337.JPG,Potassium(K),-0.7009619326087305,0.44140061980661427,1.70690817184297,-0.7112186005989954,-0.77937289723666,1.5470104452449513,2
Nutrient\rice_plant_lacks_nutrients\Nitrogen(N)\untitled-172.JPG,Nitrogen(N),-0.07568029327245224,0.09652473660876414,-0.2842999382415242,1.90444751166875,-0.77937289723666,-1.3978782607735039,0
Nutrient\rice_plant_lacks_nutrients\Nitrogen(N)\untitled-257.JPG,Nitrogen(N),0.01811195262798986,1.3647385340419935,0.9796567249381071,-1.3862292102164782,0.3405766605110912,0.48987090975114694,0
Nutrient\rice_plant_lacks_nutrients\Nitrogen(N)\untitled-206.JPG,Nitrogen(N),0.19006440344546624,0.21148336434138054,-1.0377514918580253,-0.5424659481946248,-0.77937289723666,1.3204805447819934,0
Nutrient\rice_plant_lacks_nutrients\Potassium(K)\untitled-346.JPG,Potassium(K),1.2039139186550019,1.1580575969482467,-0.4248277833312197,0.63880261863597,-0.77937289723666,-0.11420882481674133,2
Nutrient\rice_plant_lacks_nutrients\Nitrogen(N)\untitled-300.JPG,Nitrogen(N),0.8510764221723882,0.5808185300355324,0.32227222926427873,-0.6268422743968101,-0.77937289723666,-0.34073872527969945,0
Nutrient\rice_plant_lacks_nutrients\Phosphorus(P)\IMG_4354.JPG,Phosphorus(P),0.0024799116445828415,1.7096144172398426,-0.1469478636623309,-1.3018528840142929,2.020500997132718,0.1878310424672028,1
Nutrient\rice_plant_lacks_nutrients\Phosphorus(P)\IMG_3805.JPG,Phosphorus(P),0.4893063308421136,0.09897066485839466,-1.1298488366625714,-0.7112186005989954,0.11658674896154095,1.7735403457079095,1
Nutrient\rice_plant_lacks_nutrients\Potassium(K)\untitled-59.JPG,Potassium(K),-0.5290094817912542,-1.413835957537849,0.17221707264307876,-0.8799712530033661,-0.33139307413755953,1.5470104452449513,2
Nutrient\rice_plant_lacks_nutrients\Phosphorus(P)\IMG_4293.JPG,Phosphorus(P),-1.230218177332652,-0.17741922734981205,-0.9393026060324764,-0.12058431718369804,-0.77937289723666,0.33885097610917486,1
Nutrient\rice_plant_lacks_nutrients\Phosphorus(P)\IMG_4338.JPG,Phosphorus(P),1.3423691387937502,1.1996383771919579,-0.03262012528427341,-0.6268422743968101,2.020500997132718,-0.03869885799575529,1
Nutrient\rice_plant_lacks_nutrients\Nitrogen(N)\untitled-16.JPG,Nitrogen(N),-0.2989951644639801,-0.1480680883542501,0.9066140031965705,-0.8799712530033661,1.012546395159742,1.0939506443190352,0
Nutrient\rice_plant_lacks_nutrients\Phosphorus(P)\IMG_4103.JPG,Phosphorus(P),-0.792521029797257,0.4524072969299494,-1.4744199370519935,-0.3737132957902541,-0.77937289723666,1.2449705779610072,1
Nutrient\rice_plant_lacks_nutrients\Potassium(K)\untitled-166.JPG,Potassium(K),-0.017618426762654637,-1.747705163612363,1.2607124151174973,-0.7955949268011807,-0.5553829856871098,-0.11420882481674133,2
Nutrient\rice_plant_lacks_nutrients\Potassium(K)\untitled-321.JPG,Potassium(K),0.3843483413820957,-0.4232350164376411,1.5759076382847796,1.90444751166875,-0.5553829856871098,-1.3978782607735039,2
Nutrient\rice_plant_lacks_nutrients\Nitrogen(N)\untitled-392.JPG,Nitrogen(N),0.8667084631557952,-0.3449653124494765,0.5009093204799929,0.5544262924337847,-0.77937289723666,0.03681110882523075,0
Nutrient\rice_plant_lacks_nutrients\Phosphorus(P)\IMG_4111.JPG,Phosphorus(P),1.1681835392643583,1.5799802200094448,-0.8075081298466608,1.398189554455638,-0.33139307413755953,-1.3978782607735039,1
Nutrient\rice_plant_lacks_nutrients\Potassium(K)\untitled-202.JPG,Potassium(K),-0.9778723728862247,-0.1994325815964833,0.9074079458241957,-0.2893369695880687,-0.77937289723666,1.6980303788869235,2
Nutrient\rice_plant_lacks_nutrients\Nitrogen(N)\untitled-155.JPG,Nitrogen(N),0.8175791914936593,0.7080067990162997,1.6211623680594274,0.47004996623159934,-0.77937289723666,0.11232107564621678,0
Nutrient\rice_plant_lacks_nutrients\Potassium(K)\untitled-282.JPG,Potassium(K),0.12306994208800771,-1.5116730875230542,0.9733051839171041,-1.3018528840142929,2.020500997132718,-0.18971879163772737,2
Nutrient\rice_plant_lacks_nutrients\Nitrogen(N)\untitled-215.JPG,Nitrogen(N),0.11860364466417725,0.5783726017859019,0.20794449088622183,-0.2893369695880687,-0.77937289723666,-0.7937985262056156,0
Nutrient\rice_plant_lacks_nutrients\Nitrogen(N)\untitled-120.JPG,Nitrogen(N),0.5942643203021315,0.5857103865347926,-0.3636942010040639,-0.4580896219924394,-0.77937289723666,-0.6427785925636436,0
Nutrient\rice_plant_lacks_nutrients\Potassium(K)\untitled-46.JPG,Potassium(K),0.2525925673790935,1.403873386036075,0.45883036121584686,-0.7112186005989954,-0.77937289723666,1.3959905116029794,2
Nutrient\rice_plant_lacks_nutrients\Nitrogen(N)\untitled-168.JPG,Nitrogen(N),-0.07568029327245224,0.09652473660876414,0.2714599010962533,0.30129731382722863,-0.77937289723666,0.1878310424672028,0
Nutrient\rice_plant_lacks_nutrients\Potassium(K)\untitled-223.JPG,Potassium(K),-0.3190935028712176,-2.1598440736750426,2.0887945757307858,-0.7955949268011807,-0.77937289723666,-0.4917586589216715,2
Nutrient\rice_plant_lacks_nutrients\Nitrogen(N)\untitled-262.JPG,Nitrogen(N),1.8001646247363818,1.0602204669630397,1.4671374983001007,-0.6268422743968101,1.6845161298083926,-0.18971879163772737,0
Nutrient\rice_plant_lacks_nutrients\Phosphorus(P)\IMG_4304-30.JPG,Phosphorus(P),1.2173128109264941,-0.4623698684317234,2.097527944634665,-0.2893369695880687,0.7885564836101917,-0.18971879163772737,1
Nutrient\rice_plant_lacks_nutrients\Phosphorus(P)\IMG_4298.JPG,Phosphorus(P),0.6657250790834205,1.549406116889068,-0.45420366055335915,-0.8799712530033661,0.11658674896154095,1.0184406774980492,1
Nutrient\rice_plant_lacks_nutrients\Phosphorus(P)\IMG_5446-35.JPG,Phosphorus(P),0.6299946996927751,-0.271587464960572,-0.2850938808691495,-0.20496064338588338,-0.33139307413755953,-0.7182885593846295,1
Nutrient\rice_plant_lacks_nutrients\Potassium(K)\untitled-37.JPG,Potassium(K),-0.6406669173870181,-1.5410242265186163,-0.9416844339153526,-0.8799712530033661,-0.77937289723666,-0.34073872527969945,2
Nutrient\rice_plant_lacks_nutrients\Nitrogen(N)\untitled-339.JPG,Nitrogen(N),-1.7885053553114716,-0.28993192683279795,-1.0798304511221715,-0.03620799098151271,0.11658674896154095,0.33885097610917486,0
Nutrient\rice_plant_lacks_nutrients\Phosphorus(P)\IMG_4336-38.JPG,Phosphorus(P),-0.1650062417490631,0.8254113549985458,-1.2656130259865144,-0.03620799098151271,-0.33139307413755953,0.1878310424672028,1
Nutrient\rice_plant_lacks_nutrients\Phosphorus(P)\IMG_4283.JPG,Phosphorus(P),-2.1882389747443063,-2.252789347160988,1.0320569383613831,1.145060575849082,-0.77937289723666,-1.2468583271315319,1
Nutrient\rice_plant_lacks_nutrients\Nitrogen(N)\untitled-246.JPG,Nitrogen(N),0.15433402405482174,1.1971924489423282,0.4667697874921009,0.04816833522067263,-0.77937289723666,0.03681110882523075,0
Nutrient\rice_plant_lacks_nutrients\Phosphorus(P)\IMG_3785.JPG,Phosphorus(P),-1.1297264852964637,-0.41467426756393555,-0.9099267288103369,-1.0487239054077369,1.9085060413579429,-0.41624869210068544,1
Nutrient\rice_plant_lacks_nutrients\Phosphorus(P)\IMG_4620.JPG,Phosphorus(P),0.7930145556625914,-0.39510684156689485,0.17459890052595503,-0.7112186005989954,0.7885564836101917,1.0184406774980492,1
Nutrient\rice_plant_lacks_nutrients\Nitrogen(N)\untitled-320.JPG,Nitrogen(N),-0.8103862194925788,-0.40611351869023005,2.0872066904755355,-0.2893369695880687,-0.77937289723666,1.6225204120659376,0
Nutrient\rice_plant_lacks_nutrients\Nitrogen(N)\untitled-393.JPG,Nitrogen(N),1.3892652617439714,2.0850644035580705,-0.5812344809734227,-0.9643475792055515,1.6845161298083926,1.1694606111400212,0
Nutrient\rice_plant_lacks_nutrients\Nitrogen(N)\untitled-12.JPG,Nitrogen(N),-0.522310035655508,-0.6372537382802785,-0.5224827265291432,1.4825658806578235,-0.77937289723666,-1.3978782607735039,0
Nutrient\rice_plant_lacks_nutrients\Phosphorus(P)\IMG_4269.JPG,Phosphorus(P),-0.14937420076565605,0.09652473660876414,2.097527944634665,-0.4580896219924394,-0.1074031625880093,-0.7937985262056156,1
Nutrient\rice_plant_lacks_nutrients\Potassium(K)\untitled-278.JPG,Potassium(K),-1.8912301960595739,-1.5667064731397329,-0.47722799675449556,-0.20496064338588338,-0.5553829856871098,0.03681110882523075,2
Nutrient\rice_plant_lacks_nutrients\Nitrogen(N)\untitled-167.JPG,Nitrogen(N),-0.2989951644639801,-0.1480680883542501,-0.12551141271644495,-0.7955949268011807,1.4605262182588423,0.2633410092881888,0
Nutrient\rice_plant_lacks_nutrients\Phosphorus(P)\IMG_4282-17.JPG,Phosphorus(P),1.878324829653417,-0.12727769823239368,0.7422678792781134,1.2294369020512674,-0.77937289723666,-1.171348360310546,1
Nutrient\rice_plant_lacks_nutrients\Phosphorus(P)\IMG_5442-31.JPG,Phosphorus(P),2.157468418642827,0.15155812222544268,-0.7987747609427809,-0.9643475792055515,-0.77937289723666,1.6980303788869235,1
Nutrient\rice_plant_lacks_nutrients\Potassium(K)\untitled-95.JPG,Potassium(K),0.7103880533217266,0.7446957227607515,-0.2747726267100197,-0.7955949268011807,2.020500997132718,-0.18971879163772737,2
Nutrient\rice_plant_lacks_nutrients\Potassium(K)\untitled-178.JPG,Potassium(K),0.3262864748722981,0.15155812222544268,-1.1044426725785588,-0.3737132957902541,-0.77937289723666,1.3204805447819934,2
Nutrient\rice_plant_lacks_nutrients\Nitrogen(N)\untitled-170.JPG,Nitrogen(N),0.8175791914936593,0.7080067990162997,1.5417681052968877,-0.3737132957902541,-0.77937289723666,1.4715004784239654,0
Nutrient\rice_plant_lacks_nutrients\Phosphorus(P)\IMG_4258-5.JPG,Phosphorus(P),0.5763991306068096,2.211029708414023,0.357205704879796,-0.6268422743968101,2.020500997132718,0.2633410092881888,1
Nutrient\rice_plant_lacks_nutrients\Nitrogen(N)\untitled-417.JPG,Nitrogen(N),-0.3927874103644222,-2.216100423416535,-1.0115513851463875,0.2169209876250433,-0.77937289723666,0.2633410092881888,0
Nutrient\rice_plant_lacks_nutrients\Phosphorus(P)\IMG_4320.JPG,Phosphorus(P),-0.34589128741420117,0.606500776656649,1.9585879848002208,-0.9643475792055515,2.020500997132718,0.565380876572133,1
Nutrient\rice_plant_lacks_nutrients\Nitrogen(N)\untitled-103.JPG,Nitrogen(N),-0.9689397780385638,-0.8818465632432928,-0.6812712520542225,-0.5424659481946248,1.4605262182588423,-0.41624869210068544,0
Nutrient\rice_plant_lacks_nutrients\Phosphorus(P)\IMG_5427-16.JPG,Phosphorus(P),0.21239589056461855,0.1063084496072845,-0.05643840411303564,-0.03620799098151271,-0.33139307413755953,0.7164008102141051,1
Nutrient\rice_plant_lacks_nutrients\Potassium(K)\untitled-305.JPG,Potassium(K),0.7863151095268454,1.56163575813722,-0.32320312699516884,0.13254466142285798,-0.77937289723666,0.11232107564621678,2
Nutrient\rice_plant_lacks_nutrients\Nitrogen(N)\untitled-327.JPG,Nitrogen(N),-1.3374093155045845,-0.13461548298128437,-0.7574897443062606,-1.2174765578121074,-0.77937289723666,-0.6427785925636436,0
Nutrient\rice_plant_lacks_nutrients\Nitrogen(N)\untitled-113.JPG,Nitrogen(N),0.5942643203021315,0.5857103865347926,-0.7606655148167621,1.651318533062194,-0.77937289723666,-1.3978782607735039,0
Nutrient\rice_plant_lacks_nutrients\Potassium(K)\untitled-116.JPG,Potassium(K),-0.7724226913900195,0.035376530368010584,-0.8400597775793018,-0.4580896219924394,-0.5553829856871098,-0.5672686257426576,2
Nutrient\rice_plant_lacks_nutrients\Phosphorus(P)\IMG_5437-26.JPG,Phosphorus(P),-0.22976755439460678,-1.7697185178590342,0.3135388603603994,-0.8799712530033661,1.4605262182588423,-0.18971879163772737,1
Nutrient\rice_plant_lacks_nutrients\Nitrogen(N)\untitled-410.JPG,Nitrogen(N),-0.04218306259372337,1.1030242113315682,-0.49390079193462894,-0.6268422743968101,-0.77937289723666,-0.7182885593846295,0
Nutrient\rice_plant_lacks_nutrients\Nitrogen(N)\untitled-134.JPG,Nitrogen(N),-0.2989951644639801,-0.1480680883542501,-0.7606655148167621,-0.2893369695880687,-0.77937289723666,1.3959905116029794,0
Nutrient\rice_plant_lacks_nutrients\Potassium(K)\untitled-272.JPG,Potassium(K),0.9984642371587975,2.1792326411688303,1.1519422751328183,1.4825658806578235,-0.33139307413755953,-1.3978782607735039,2
Nutrient\rice_plant_lacks_nutrients\Potassium(K)\untitled-214.JPG,Potassium(K),0.5138709666731816,-0.3021615680809488,0.12140474447505333,1.3138132282534527,-0.77937289723666,-1.171348360310546,2
Nutrient\rice_plant_lacks_nutrients\Phosphorus(P)\IMG_5452.JPG,Phosphorus(P),-1.9939550368076768,-0.7301990117662237,-1.338655747728051,0.2169209876250433,-0.77937289723666,-0.11420882481674133,1
Nutrient\rice_plant_lacks_nutrients\Nitrogen(N)\untitled-236.JPG,Nitrogen(N),-0.43745038460272767,-0.8794006349936623,0.019780088139002488,-0.4580896219924394,-0.77937289723666,1.4715004784239654,0
Nutrient\rice_plant_lacks_nutrients\Nitrogen(N)\untitled-132.JPG,Nitrogen(N),1.487523805068243,1.3194888614238354,-0.5224827265291432,-0.5424659481946248,-0.77937289723666,1.6980303788869235,0
Nutrient\rice_plant_lacks_nutrients\Potassium(K)\untitled-117.JPG,Potassium(K),-1.1297264852964637,-1.3514647871722805,1.380597751888932,-0.6268422743968101,-0.77937289723666,-0.5672686257426576,2
Nutrient\rice_plant_lacks_nutrients\Potassium(K)\untitled-340.JPG,Potassium(K),-1.674614771003792,0.014586140246154164,1.5171558838405002,-0.7112186005989954,-0.77937289723666,-0.8693084930266016,2
Nutrient\rice_plant_lacks_nutrients\Potassium(K)\untitled-227.JPG,Potassium(K),0.3843483413820957,-1.4982204821500886,0.601740034188418,-0.8799712530033661,1.012546395159742,0.791910777035091,2
Nutrient\rice_plant_lacks_nutrients\Nitrogen(N)\untitled-50.JPG,Nitrogen(N),0.27939035192207706,1.0320922920922944,1.0495236761691416,-0.9643475792055515,-0.1074031625880093,1.7735403457079095,0
Nutrient\rice_plant_lacks_nutrients\Potassium(K)\untitled-281.JPG,Potassium(K),0.2905560954816536,-0.11382509285942796,-1.1496974023532063,1.4825658806578235,-0.1074031625880093,-1.3978782607735039,2
Nutrient\rice_plant_lacks_nutrients\Phosphorus(P)\IMG_4267.JPG,Phosphorus(P),1.3088719081150213,-0.45014022718357255,0.8796199538573067,-0.5424659481946248,-0.5553829856871098,1.3959905116029794,1
Nutrient\rice_plant_lacks_nutrients\Nitrogen(N)\untitled-415.JPG,Nitrogen(N),1.623745876495075,0.23227375446323698,-0.5447131201026544,-0.7112186005989954,-0.33139307413755953,1.7735403457079095,0
Nutrient\rice_plant_lacks_nutrients\Potassium(K)\untitled-179.JPG,Potassium(K),-0.8595154911547155,1.1727331664460263,0.4969396073418662,-0.4580896219924394,2.020500997132718,-0.5672686257426576,2
Nutrient\rice_plant_lacks_nutrients\Phosphorus(P)\IMG_3786.JPG,Phosphorus(P),-0.08237973940819833,-0.11749398523387332,-0.9305692371285971,1.651318533062194,-0.77937289723666,-1.3978782607735039,1
Nutrient\rice_plant_lacks_nutrients\Phosphorus(P)\IMG_4303.JPG,Phosphorus(P),-0.1449079033418256,-1.4150589216626637,0.26113864693712296,0.5544262924337847,-0.1074031625880093,0.11232107564621678,1
Nutrient\rice_plant_lacks_nutrients\Phosphorus(P)\IMG_4289-24.JPG,Phosphorus(P),1.9274541013155528,0.33255681269807286,0.39293312312293904,1.5669422068600087,-0.77937289723666,-1.3978782607735039,1
Nutrient\rice_plant_lacks_nutrients\Potassium(K)\untitled-168.JPG,Potassium(K),0.03597714232331171,-0.28870896270798313,-0.4788158820097466,-1.1331002316099221,2.020500997132718,-0.11420882481674133,2
Nutrient\rice_plant_lacks_nutrients\Nitrogen(N)\untitled-399.JPG,Nitrogen(N),1.8559933425342638,0.43773172743216887,1.2202213411086023,-0.7112186005989954,-0.77937289723666,1.8490503125288955,0
Nutrient\rice_plant_lacks_nutrients\Phosphorus(P)\IMG_4274.JPG,Phosphorus(P),1.0743912933639161,0.7642631487577922,0.5445761649993895,0.47004996623159934,0.11658674896154095,0.03681110882523075,1
Nutrient\rice_plant_lacks_nutrients\Potassium(K)\untitled-368.JPG,Potassium(K),-0.6161022815559501,-1.9886290962009319,0.8820017817401831,-0.7955949268011807,-0.77937289723666,-1.0958383934895597,2
Nutrient\rice_plant_lacks_nutrients\Potassium(K)\untitled-155.JPG,Potassium(K),-1.1408922288560401,-1.6853339932467946,-0.5121614723700129,1.5669422068600087,-0.1074031625880093,-1.3978782607735039,2
Nutrient\rice_plant_lacks_nutrients\Nitrogen(N)\untitled-242.JPG,Nitrogen(N),1.1659503905524433,1.9162953543335894,0.6811342969509576,0.13254466142285798,-0.77937289723666,0.1878310424672028,0
Nutrient\rice_plant_lacks_nutrients\Nitrogen(N)\untitled-58.JPG,Nitrogen(N),-1.3307098693688393,-0.8708398861199568,-1.4220197236287173,-0.4580896219924394,1.4605262182588423,0.565380876572133,0
Nutrient\rice_plant_lacks_nutrients\Nitrogen(N)\untitled-93.JPG,Nitrogen(N),1.2039139186550019,1.4723593770257193,0.16427764636682468,-0.5424659481946248,-0.1074031625880093,0.8674207438560771,0
Nutrient\rice_plant_lacks_nutrients\Phosphorus(P)\IMG_5417-6.JPG,Phosphorus(P),0.7863151095268454,0.28119231945583967,1.3734522682403039,-0.7955949268011807,0.3405766605110912,0.7164008102141051,1
Nutrient\rice_plant_lacks_nutrients\Potassium(K)\untitled-111.JPG,Potassium(K),0.5339693050804182,0.9648292652274639,-0.7559018590510096,-0.8799712530033661,-0.77937289723666,-0.9448184598475877,2
Nutrient\rice_plant_lacks_nutrients\Potassium(K)\untitled-3.JPG,Potassium(K),-0.3391918412784551,-0.7509894018880802,-0.7963929330599052,-1.3862292102164782,2.020500997132718,-0.41624869210068544,2
Nutrient\rice_plant_lacks_nutrients\Potassium(K)\untitled-5.JPG,Potassium(K),0.1922975521573811,-1.0188185452225804,-1.3450072887490538,2.326329142679677,-0.77937289723666,-1.3978782607735039,2
Nutrient\rice_plant_lacks_nutrients\Nitrogen(N)\untitled-237.JPG,Nitrogen(N),-1.102928700753481,-1.9128053204623978,-0.4025973897577085,1.4825658806578235,-0.77937289723666,-1.3978782607735039,0
Nutrient\rice_plant_lacks_nutrients\Nitrogen(N)\untitled-102.JPG,Nitrogen(N),-0.522310035655508,-0.6372537382802785,0.19206563833371365,1.398189554455638,-0.77937289723666,-1.3978782607735039,0
Nutrient\rice_plant_lacks_nutrients\Nitrogen(N)\untitled-81.JPG,Nitrogen(N),-0.721060271015968,-1.2426209800637391,0.026131629160005523,-0.03620799098151271,0.11658674896154095,0.640890843393119,0
Nutrient\rice_plant_lacks_nutrients\Nitrogen(N)\untitled-192.JPG,Nitrogen(N),-1.0002038600053778,-1.314775863427828,0.21191420402434857,1.8200711854665648,-0.33139307413755953,-1.3978782607735039,0
Nutrient\rice_plant_lacks_nutrients\Potassium(K)\untitled-130.JPG,Potassium(K),-0.7188271223040523,-0.12850066235720936,-1.6546449135229586,1.8200711854665648,-0.77937289723666,-1.2468583271315319,2
Nutrient\rice_plant_lacks_nutrients\Potassium(K)\untitled-198.JPG,Potassium(K),-0.10471122652735064,-0.23612150534093507,-0.49866444770038154,-0.12058431718369804,-0.77937289723666,1.0184406774980492,2
Nutrient\rice_plant_lacks_nutrients\Phosphorus(P)\IMG_4335-37.JPG,Phosphorus(P),-0.08237973940819833,0.09407880835913361,-0.20331779022373356,0.2169209876250433,-0.33139307413755953,0.4143609429301609,1
Nutrient\rice_plant_lacks_nutrients\Nitrogen(N)\untitled-303.JPG,Nitrogen(N),-0.8126193682044944,0.5147784672955187,-1.503001871646508,-0.4580896219924394,-0.5553829856871098,1.7735403457079095,0
Nutrient\rice_plant_lacks_nutrients\Nitrogen(N)\untitled-405.JPG,Nitrogen(N),0.27492405449824664,-1.5789361143878837,-1.233061378253873,1.4825658806578235,-0.77937289723666,-1.3978782607735039,0
Nutrient\rice_plant_lacks_nutrients\Nitrogen(N)\untitled-23.JPG,Nitrogen(N),-0.18733772886821617,-0.46359283255653827,0.6025339768160438,0.385673640029414,-0.77937289723666,0.33885097610917486,0
Nutrient\rice_plant_lacks_nutrients\Potassium(K)\untitled-232.JPG,Potassium(K),-0.6116359841321188,-0.2936008192072433,-0.8662598842909397,-1.5549818626208487,2.020500997132718,0.11232107564621678,2
Nutrient\rice_plant_lacks_nutrients\Potassium(K)\untitled-216.JPG,Potassium(K),-1.7282103400897584,0.12220698322988074,-0.5248645544120195,-0.03620799098151271,-0.1074031625880093,0.48987090975114694,2
Nutrient\rice_plant_lacks_nutrients\Nitrogen(N)\untitled-124.JPG,Nitrogen(N),1.487523805068243,1.3194888614238354,-0.9194540403418414,-0.5424659481946248,-0.77937289723666,1.5470104452449513,0
Nutrient\rice_plant_lacks_nutrients\Potassium(K)\untitled-29.JPG,Potassium(K),-1.770640165616149,-0.08080506148942153,-0.828150638164921,-0.7955949268011807,-0.77937289723666,-0.34073872527969945,2
Nutrient\rice_plant_lacks_nutrients\Potassium(K)\untitled-75.JPG,Potassium(K),1.623745876495075,1.555520937513145,-0.9980543604767556,-0.8799712530033661,-0.33139307413755953,1.0939506443190352,2
Nutrient\rice_plant_lacks_nutrients\Phosphorus(P)\IMG_3823.JPG,Phosphorus(P),-0.3257929490069637,0.20047668721804537,-1.1917763616173525,0.04816833522067263,-0.77937289723666,1.6225204120659376,1
Nutrient\rice_plant_lacks_nutrients\Nitrogen(N)\untitled-197.JPG,Nitrogen(N),-0.5982370918606275,-0.6886182315225118,-0.2080814459894861,1.90444751166875,-0.77937289723666,-1.171348360310546,0
Nutrient\rice_plant_lacks_nutrients\Phosphorus(P)\IMG_5430-19.JPG,Phosphorus(P),-1.4512998998122641,-2.2417826700376517,1.6687989257169507,-0.6268422743968101,-0.5553829856871098,-0.4917586589216715,1
Nutrient\rice_plant_lacks_nutrients\Phosphorus(P)\IMG_4266.JPG,Phosphorus(P),-1.8153031398544544,-1.8944608585901719,-1.7340391762854983,-0.3737132957902541,2.020500997132718,-0.34073872527969945,1
Nutrient\rice_plant_lacks_nutrients\Potassium(K)\untitled-12.JPG,Potassium(K),-0.403953153923998,-0.026994639997557805,1.8069449429237705,1.145060575849082,0.11658674896154095,-1.3978782607735039,2
Nutrient\rice_plant_lacks_nutrients\Potassium(K)\untitled-76.JPG,Potassium(K),-1.4222689665573658,-2.0351017329439047,-0.7686049410930162,-1.1331002316099221,1.9085060413579429,-0.18971879163772737,2
Nutrient\rice_plant_lacks_nutrients\Potassium(K)\untitled-266.JPG,Potassium(K),0.18113180859780453,0.9403699827311639,0.4897941236932373,-0.3737132957902541,2.020500997132718,-0.2652287584587134,2
Nutrient\rice_plant_lacks_nutrients\Phosphorus(P)\IMG_5427.JPG,Phosphorus(P),1.8470607476866028,1.2338813726867799,-0.18823288029885119,1.7356948592643795,-0.1074031625880093,-1.3978782607735039,1
Nutrient\rice_plant_lacks_nutrients\Potassium(K)\untitled-53.JPG,Potassium(K),0.05607548073054919,-0.32295195820280526,-1.0774486232392952,-1.2174765578121074,0.7885564836101917,0.9429307106770631,2
Nutrient\rice_plant_lacks_nutrients\Phosphorus(P)\IMG_4591.JPG,Phosphorus(P),0.5317361563685034,0.006025391372448631,-0.4931068493070037,1.651318533062194,-0.33139307413755953,-1.0958383934895597,1
Nutrient\rice_plant_lacks_nutrients\Nitrogen(N)\untitled-277.JPG,Nitrogen(N),0.01811195262798986,-1.1252164240814921,-1.3743831659711936,-0.7955949268011807,-0.1074031625880093,-0.5672686257426576,0
Nutrient\rice_plant_lacks_nutrients\Potassium(K)\untitled-210.JPG,Potassium(K),-0.7679563939661891,-2.049777302441685,0.21032631876909755,-0.8799712530033661,2.020500997132718,-0.5672686257426576,2
Nutrient\rice_plant_lacks_nutrients\Nitrogen(N)\untitled-31.JPG,Nitrogen(N),-0.31462720544738715,-1.0921963927114848,-1.8459850867806793,-0.8799712530033661,-0.77937289723666,-0.4917586589216715,0
Nutrient\rice_plant_lacks_nutrients\Potassium(K)\untitled-225.JPG,Potassium(K),-1.0783640649224122,0.8559854581189226,0.05233173587164404,0.2169209876250433,-0.33139307413755953,-0.18971879163772737,2
Nutrient\rice_plant_lacks_nutrients\Nitrogen(N)\untitled-317.JPG,Nitrogen(N),1.6885071891406178,1.9933420941969402,-1.44742588771273,-0.6268422743968101,-0.77937289723666,1.2449705779610072,0
Nutrient\rice_plant_lacks_nutrients\Nitrogen(N)\untitled-162.JPG,Nitrogen(N),-0.9689397780385638,-0.8818465632432928,-0.3636942010040639,0.2169209876250433,-0.77937289723666,0.33885097610917486,0
Nutrient\rice_plant_lacks_nutrients\Potassium(K)\untitled-344.JPG,Potassium(K),1.0386609139732723,-0.7045167651451071,-0.7169986702973655,-1.1331002316099221,-0.77937289723666,-0.5672686257426576,2
Nutrient\rice_plant_lacks_nutrients\Potassium(K)\untitled-41.JPG,Potassium(K),-0.689796189049154,-0.24835114658908597,1.0161780858088754,-0.6268422743968101,1.6845161298083926,0.7164008102141051,2
Nutrient\rice_plant_lacks_nutrients\Phosphorus(P)\IMG_4611.JPG,Phosphorus(P),-1.547325294424621,-1.4798760202778627,1.3734522682403039,1.3138132282534527,-0.77937289723666,-1.3978782607735039,1
Nutrient\rice_plant_lacks_nutrients\Phosphorus(P)\IMG_4317.JPG,Phosphorus(P),0.3843483413820957,-0.4733765455550586,1.0495236761691416,-0.3737132957902541,-0.77937289723666,1.3204805447819934,1
Nutrient\rice_plant_lacks_nutrients\Phosphorus(P)\IMG_4286.JPG,Phosphorus(P),-0.24986589280184426,-0.5198491822980317,2.097527944634665,1.145060575849082,-0.77937289723666,-1.3978782607735039,1
Nutrient\rice_plant_lacks_nutrients\Nitrogen(N)\untitled-174.JPG,Nitrogen(N),-0.9689397780385638,-0.8818465632432928,1.2241910542467291,-0.6268422743968101,-0.77937289723666,-0.7182885593846295,0
Nutrient\rice_plant_lacks_nutrients\Potassium(K)\untitled-175.JPG,Potassium(K),0.34638481327953563,0.9917344759733954,0.9304322820253321,-0.7112186005989954,2.020500997132718,-0.7182885593846295,2
Nutrient\rice_plant_lacks_nutrients\Nitrogen(N)\untitled-94.JPG,Nitrogen(N),0.22132848541227948,-0.8280361417514299,0.38658158210193605,1.8200711854665648,-0.77937289723666,-1.2468583271315319,0
Nutrient\rice_plant_lacks_nutrients\Nitrogen(N)\untitled-439.JPG,Nitrogen(N),-0.3749222206690996,-1.4382952400341498,0.03645288331913588,1.4825658806578235,-0.77937289723666,-1.0958383934895597,0
Nutrient\rice_plant_lacks_nutrients\Nitrogen(N)\untitled-440.JPG,Nitrogen(N),-1.0337010906841066,0.0879639877350586,0.6533463049840692,-0.8799712530033661,-0.77937289723666,1.3959905116029794,0
Nutrient\rice_plant_lacks_nutrients\Phosphorus(P)\IMG_4295.JPG,Phosphorus(P),-0.6875630403372384,-1.8675556478442406,-0.11757198644019086,0.30129731382722863,-0.77937289723666,0.1878310424672028,1
Nutrient\rice_plant_lacks_nutrients\Nitrogen(N)\untitled-217.JPG,Nitrogen(N),0.9314697758013382,0.5759266735362722,2.097527944634665,-0.3737132957902541,-0.77937289723666,1.2449705779610072,0
Nutrient\rice_plant_lacks_nutrients\Potassium(K)\untitled-193.JPG,Potassium(K),0.5763991306068096,-0.9417718053592316,-0.6439559485558289,0.30129731382722863,-0.77937289723666,0.11232107564621678,2
Nutrient\rice_plant_lacks_nutrients\Nitrogen(N)\untitled-7.JPG,Nitrogen(N),-1.1408922288560401,0.44629247630587443,-0.40894893077871153,1.90444751166875,-0.77937289723666,-1.0958383934895597,0
Nutrient\rice_plant_lacks_nutrients\Potassium(K)\untitled-123.JPG,Potassium(K),-0.022084724186485893,-0.22756075646722954,-0.2993848481664066,1.90444751166875,-0.77937289723666,-1.3978782607735039,2
Nutrient\rice_plant_lacks_nutrients\Potassium(K)\untitled-148.JPG,Potassium(K),-1.0225353471245302,0.9440388751056092,-1.6109780690035618,-0.7112186005989954,-0.33139307413755953,1.1694606111400212,2
Nutrient\rice_plant_lacks_nutrients\Phosphorus(P)\IMG_5424-13.JPG,Phosphorus(P),0.909138288682185,0.3937050189388264,-0.8162414987505401,0.5544262924337847,-0.77937289723666,0.7164008102141051,1
Nutrient\rice_plant_lacks_nutrients\Nitrogen(N)\untitled-69.JPG,Nitrogen(N),-0.035483616457977284,1.1262605297030543,-0.52645243966727,1.3138132282534527,-0.33139307413755953,-1.3223682939525179,0
Nutrient\rice_plant_lacks_nutrients\Nitrogen(N)\untitled-86.JPG,Nitrogen(N),-1.1230270391607184,-0.9295421641110806,-0.8360900644411751,-0.12058431718369804,-0.77937289723666,1.6225204120659376,0
Nutrient\rice_plant_lacks_nutrients\Phosphorus(P)\IMG_5444.JPG,Phosphorus(P),-0.22083495954694504,-0.9527784824825667,2.097527944634665,1.5669422068600087,-0.77937289723666,-1.3978782607735039,1
Nutrient\rice_plant_lacks_nutrients\Potassium(K)\untitled-229.JPG,Potassium(K),-1.3485750590641612,-0.5161802899235862,-0.9178661550865904,-1.2174765578121074,2.020500997132718,0.11232107564621678,2
Nutrient\rice_plant_lacks_nutrients\Nitrogen(N)\untitled-329.JPG,Nitrogen(N),-0.45754872300996513,0.1258758756043261,-0.8051263019637845,1.2294369020512674,-0.77937289723666,-1.2468583271315319,0
Nutrient\rice_plant_lacks_nutrients\Phosphorus(P)\IMG_5447-36.JPG,Phosphorus(P),0.5094046692493502,-0.7876783256325319,-0.46293702945723847,0.04816833522067263,-0.1074031625880093,1.0939506443190352,1
Nutrient\rice_plant_lacks_nutrients\Nitrogen(N)\untitled-30.JPG,Nitrogen(N),-1.245850218316058,-0.28504007033353773,-1.8721851934923173,-0.7955949268011807,-0.77937289723666,1.3204805447819934,0
Nutrient\rice_plant_lacks_nutrients\Nitrogen(N)\untitled-196.JPG,Nitrogen(N),-0.7992204759330023,0.612615597280724,0.7978438632118914,-1.1331002316099221,1.012546395159742,0.8674207438560771,0
Nutrient\rice_plant_lacks_nutrients\Nitrogen(N)\untitled-436.JPG,Nitrogen(N),0.4982389256897745,0.3985968754380866,-0.5185130133910164,-0.3737132957902541,-0.1074031625880093,1.3204805447819934,0
Nutrient\rice_plant_lacks_nutrients\Phosphorus(P)\IMG_4256-3.JPG,Phosphorus(P),0.12083679337609209,-1.0041429757248,0.1984171793547167,-0.8799712530033661,0.3405766605110912,0.640890843393119,1
Nutrient\rice_plant_lacks_nutrients\Nitrogen(N)\untitled-388.JPG,Nitrogen(N),1.3669337746248182,0.7177905120148201,0.022955858649504005,-0.7112186005989954,1.012546395159742,0.640890843393119,0
Nutrient\rice_plant_lacks_nutrients\Nitrogen(N)\untitled-177.JPG,Nitrogen(N),-0.2989951644639801,-0.1480680883542501,-1.0782425658669208,-0.4580896219924394,2.020500997132718,-0.18971879163772737,0
Nutrient\rice_plant_lacks_nutrients\Phosphorus(P)\IMG_4276-11.JPG,Phosphorus(P),-0.31239405673547155,0.138105516852477,-0.984557335807124,-0.5424659481946248,0.11658674896154095,1.3204805447819934,1
Nutrient\rice_plant_lacks_nutrients\Phosphorus(P)\IMG_4281-16.JPG,Phosphorus(P),0.19676384958121154,1.8747145740898783,1.4115615143663227,-0.7955949268011807,-0.77937289723666,1.4715004784239654,1
Nutrient\rice_plant_lacks_nutrients\Phosphorus(P)\IMG_5419.JPG,Phosphorus(P),-0.07344714456053661,-0.9943592627262795,-1.0965032463023048,1.651318533062194,-0.33139307413755953,-1.3978782607735039,1
Nutrient\rice_plant_lacks_nutrients\Nitrogen(N)\untitled-186.JPG,Nitrogen(N),1.710838676259771,1.5640816863868496,0.5890369521464119,1.7356948592643795,-0.77937289723666,-1.3978782607735039,0
Nutrient\rice_plant_lacks_nutrients\Nitrogen(N)\untitled-153.JPG,Nitrogen(N),-0.522310035655508,-0.6372537382802785,-0.20490567547898458,1.4825658806578235,-0.77937289723666,-1.3978782607735039,0
Nutrient\rice_plant_lacks_nutrients\Potassium(K)\untitled-62.JPG,Potassium(K),0.5183372640970112,0.035376530368010584,-1.3164253541545397,1.2294369020512674,-0.77937289723666,-1.0958383934895597,2
Nutrient\rice_plant_lacks_nutrients\Potassium(K)\untitled-103.JPG,Potassium(K),-2.208337313151544,-1.6510909977519725,0.9788627823104813,1.8200711854665648,-0.77937289723666,-1.3978782607735039,2
Nutrient\rice_plant_lacks_nutrients\Nitrogen(N)\untitled-73.JPG,Nitrogen(N),-0.04888250872946867,1.227766552062705,-1.7586513977418856,1.7356948592643795,-0.5553829856871098,-1.0958383934895597,0
Nutrient\rice_plant_lacks_nutrients\Potassium(K)\untitled-348.JPG,Potassium(K),1.82026296314362,1.7426344486098493,0.2206475729282279,-1.3018528840142929,0.7885564836101917,0.8674207438560771,2
Nutrient\rice_plant_lacks_nutrients\Nitrogen(N)\untitled-15.JPG,Nitrogen(N),0.8175791914936593,0.7080067990162997,0.8272197404340309,1.651318533062194,-0.77937289723666,-1.3978782607735039,0
Nutrient\rice_plant_lacks_nutrients\Potassium(K)\untitled-230.JPG,Potassium(K),1.3736332207605642,1.2473339780597457,1.183699980237834,2.2419528164774913,-0.33139307413755953,-1.3978782607735039,2
Nutrient\rice_plant_lacks_nutrients\Nitrogen(N)\untitled-76.JPG,Nitrogen(N),0.7438852840004555,1.1079160678308275,1.1249482257935546,1.3138132282534527,0.11658674896154095,-1.3978782607735039,0
Nutrient\rice_plant_lacks_nutrients\Potassium(K)\untitled-267.JPG,Potassium(K),-1.6344180941893172,0.4536302610547651,-1.1639883696504634,1.90444751166875,-0.5553829856871098,-1.3978782607735039,2
Nutrient\rice_plant_lacks_nutrients\Phosphorus(P)\IMG_4126.JPG,Phosphorus(P),0.7550510275600313,-1.0689600743399987,0.0396286538296374,-0.6268422743968101,-0.77937289723666,-0.18971879163772737,1
Nutrient\rice_plant_lacks_nutrients\Nitrogen(N)\untitled-219.JPG,Nitrogen(N),-0.4262846410431511,-0.06001467136756511,0.025337686532380284,-0.4580896219924394,2.020500997132718,-0.5672686257426576,0
Nutrient\rice_plant_lacks_nutrients\Phosphorus(P)\IMG_4312.JPG,Phosphorus(P),1.248576892893308,0.0072483554972643275,0.9669536428961005,1.398189554455638,0.11658674896154095,-1.3978782607735039,1
Nutrient\rice_plant_lacks_nutrients\Phosphorus(P)\IMG_4102.JPG,Phosphorus(P),-1.1788557569586002,0.5881563147844223,-0.412124701289213,0.63880261863597,-0.1074031625880093,0.2633410092881888,1
Nutrient\rice_plant_lacks_nutrients\Potassium(K)\untitled-243.JPG,Potassium(K),0.2592920135148396,-0.7118545498939979,0.7105101741730977,-1.4706055364186634,2.020500997132718,-0.03869885799575529,2
Nutrient\rice_plant_lacks_nutrients\Nitrogen(N)\untitled-232.JPG,Nitrogen(N),0.7148543507455564,0.008471319622079155,0.6755766985575804,0.2169209876250433,-0.1074031625880093,0.11232107564621678,0
Nutrient\rice_plant_lacks_nutrients\Nitrogen(N)\untitled-396.JPG,Nitrogen(N),1.3580011797771572,1.9456464933291524,0.23652642548073605,-0.3737132957902541,-0.33139307413755953,1.3959905116029794,0
Nutrient\rice_plant_lacks_nutrients\Potassium(K)\untitled-377.JPG,Potassium(K),1.020795724277949,-0.1798651555994417,1.863314869485173,-0.8799712530033661,2.020500997132718,-0.34073872527969945,2
Nutrient\rice_plant_lacks_nutrients\Nitrogen(N)\untitled-351.JPG,Nitrogen(N),1.5478188202899563,0.595494099533313,-0.5796465957181717,-0.2893369695880687,0.11658674896154095,2.0000702461708677,0
Nutrient\rice_plant_lacks_nutrients\Nitrogen(N)\untitled-89.JPG,Nitrogen(N),2.101639700844945,0.18580111772026395,-0.36845785676981646,-0.6268422743968101,-0.77937289723666,1.7735403457079095,0
Nutrient\rice_plant_lacks_nutrients\Phosphorus(P)\IMG_3814.JPG,Phosphorus(P),-1.786272206599556,-0.6837263750232516,-0.3946579634814544,-0.20496064338588338,-0.5553829856871098,-1.0203284266685737,1
Nutrient\rice_plant_lacks_nutrients\Phosphorus(P)\IMG_5442.JPG,Phosphorus(P),1.2686752313005465,1.9040657130854395,-0.3922761355985781,-0.03620799098151271,0.11658674896154095,0.11232107564621678,1
Nutrient\rice_plant_lacks_nutrients\Nitrogen(N)\untitled-199.JPG,Nitrogen(N),1.797931476024467,1.2595636193078974,1.707702114470596,-0.8799712530033661,-0.5553829856871098,-0.18971879163772737,0
Nutrient\rice_plant_lacks_nutrients\Phosphorus(P)\IMG_3792.JPG,Phosphorus(P),-0.22753440568269115,-0.9454406977336769,-0.2755665693376449,0.13254466142285798,-0.77937289723666,0.2633410092881888,1
Nutrient\rice_plant_lacks_nutrients\Potassium(K)\untitled-252.JPG,Potassium(K),-1.2637154080113808,-1.7049014192438354,0.3357692539339106,0.2169209876250433,-0.77937289723666,0.640890843393119,2
Nutrient\rice_plant_lacks_nutrients\Potassium(K)\untitled-294.JPG,Potassium(K),-0.06451454971287568,-1.1753579531989098,-0.37322151253556846,-0.6268422743968101,-0.77937289723666,1.6980303788869235,2
Nutrient\rice_plant_lacks_nutrients\Potassium(K)\untitled-119.JPG,Potassium(K),-1.1766226082466846,-1.35391071542191,-0.38274882406707356,-1.2174765578121074,2.020500997132718,0.4143609429301609,2
Nutrient\rice_plant_lacks_nutrients\Phosphorus(P)\IMG_4112.JPG,Phosphorus(P),0.6076632125736237,0.14177440922692147,2.056242927998145,-0.5424659481946248,-0.77937289723666,1.5470104452449513,1
Nutrient\rice_plant_lacks_nutrients\Potassium(K)\untitled-289.JPG,Potassium(K),1.6259790252069897,-0.2936008192072433,-0.7757504247416445,-0.6268422743968101,-0.77937289723666,-0.34073872527969945,2
Nutrient\rice_plant_lacks_nutrients\Phosphorus(P)\IMG_5412.JPG,Phosphorus(P),0.5808654280306392,0.02070096087023004,-1.0202847540502669,1.651318533062194,-0.77937289723666,-1.3978782607735039,1
Nutrient\rice_plant_lacks_nutrients\Nitrogen(N)\untitled-203.JPG,Nitrogen(N),0.06500807557821012,0.2738545347069498,-1.619711437907441,1.5669422068600087,-0.33139307413755953,-1.0958383934895597,0
Nutrient\rice_plant_lacks_nutrients\Potassium(K)\untitled-87.JPG,Potassium(K),-0.11364382137501236,0.6211763461544304,0.16665947424970096,-0.20496064338588338,-0.77937289723666,-0.41624869210068544,2
Nutrient\rice_plant_lacks_nutrients\Potassium(K)\untitled-2.JPG,Potassium(K),0.13870198307141474,-0.40489055456541523,-0.19776019183035576,-0.4580896219924394,-0.33139307413755953,-0.4917586589216715,2
Nutrient\rice_plant_lacks_nutrients\Phosphorus(P)\IMG_4288-23.JPG,Phosphorus(P),0.4312444643323168,-0.5516462495432233,1.2591245298622464,-0.7955949268011807,-0.33139307413755953,1.5470104452449513,1
Nutrient\rice_plant_lacks_nutrients\Phosphorus(P)\IMG_4297.JPG,Phosphorus(P),-1.482563981779078,-2.211208566917275,1.208312201694221,-0.8799712530033661,2.020500997132718,-0.34073872527969945,1
Nutrient\rice_plant_lacks_nutrients\Potassium(K)\untitled-379.JPG,Potassium(K),-0.3659896258214387,-0.622578168782498,-0.7447866622642539,0.7231789448381554,-0.77937289723666,0.33885097610917486,2
Nutrient\rice_plant_lacks_nutrients\Nitrogen(N)\untitled-198.JPG,Nitrogen(N),-0.4620150204337956,-0.7742257202595663,-0.022298871125143616,1.8200711854665648,-0.77937289723666,-1.3978782607735039,0
Nutrient\rice_plant_lacks_nutrients\Nitrogen(N)\untitled-222.JPG,Nitrogen(N),0.4893063308421136,0.029261709743935573,-1.8594821114503108,-0.7955949268011807,2.020500997132718,-0.18971879163772737,0
Nutrient\rice_plant_lacks_nutrients\Nitrogen(N)\untitled-248.JPG,Nitrogen(N),-1.7952048014472168,0.17479444059692875,-0.22237241328674323,1.7356948592643795,-0.77937289723666,-1.2468583271315319,0
Nutrient\rice_plant_lacks_nutrients\Potassium(K)\untitled-347.JPG,Potassium(K),1.717538122395517,1.590986897132781,0.1571321627181964,-0.9643475792055515,-0.77937289723666,0.9429307106770631,2
Nutrient\rice_plant_lacks_nutrients\Potassium(K)\untitled-280.JPG,Potassium(K),1.0810907394996623,1.532284619141657,1.2638881856279989,-0.9643475792055515,-0.77937289723666,-0.34073872527969945,2
Nutrient\rice_plant_lacks_nutrients\Nitrogen(N)\untitled-333.JPG,Nitrogen(N),-1.4200358178454502,-1.7452592353627334,-1.8721851934923173,-0.3737132957902541,1.6845161298083926,-0.41624869210068544,0
Nutrient\rice_plant_lacks_nutrients\Nitrogen(N)\untitled-265.JPG,Nitrogen(N),0.272690905786331,-0.11749398523387332,-1.1481095170979556,-0.4580896219924394,2.020500997132718,-0.34073872527969945,0
Nutrient\rice_plant_lacks_nutrients\Potassium(K)\untitled-88.JPG,Potassium(K),-1.513828063745892,-0.3082763887050247,-0.5193069560186416,-0.9643475792055515,-0.77937289723666,-1.171348360310546,2
Nutrient\rice_plant_lacks_nutrients\Potassium(K)\untitled-93.JPG,Potassium(K),0.8890399502749483,0.26284785758361373,0.07535607207278047,-0.6268422743968101,1.6845161298083926,-0.5672686257426576,2
Nutrient\rice_plant_lacks_nutrients\Potassium(K)\untitled-303.JPG,Potassium(K),-0.12257641622267329,-0.8329279982506901,-0.1461539210347051,0.47004996623159934,-0.77937289723666,0.11232107564621678,2
Nutrient\rice_plant_lacks_nutrients\Nitrogen(N)\untitled-275.JPG,Nitrogen(N),-0.5915376457248814,-0.44769429893394286,-1.2449705176682542,0.63880261863597,-0.33139307413755953,0.2633410092881888,0
Nutrient\rice_plant_lacks_nutrients\Phosphorus(P)\IMG_4590.JPG,Phosphorus(P),2.039111536911317,1.6655877087465003,1.25674270197937,-0.4580896219924394,-0.5553829856871098,1.6225204120659376,1
Nutrient\rice_plant_lacks_nutrients\Phosphorus(P)\IMG_4588.JPG,Phosphorus(P),1.7063723788359397,-0.219000007593524,0.40166649202681837,-1.2174765578121074,-0.77937289723666,-0.7937985262056156,1
Nutrient\rice_plant_lacks_nutrients\Phosphorus(P)\IMG_4274-9.JPG,Phosphorus(P),0.49153947955402844,-0.869616921995142,-1.0893577626536763,-0.9643475792055515,1.012546395159742,0.640890843393119,1
Nutrient\rice_plant_lacks_nutrients\Nitrogen(N)\untitled-35.JPG,Nitrogen(N),-0.5736724560295595,-1.9959668809498226,1.2321304805229831,-1.0487239054077369,-0.33139307413755953,-0.41624869210068544,0
Nutrient\rice_plant_lacks_nutrients\Nitrogen(N)\untitled-267.JPG,Nitrogen(N),-1.5607241866961123,0.09407880835913361,1.6076653433897954,1.4825658806578235,0.11658674896154095,-1.3978782607735039,0
Nutrient\rice_plant_lacks_nutrients\Nitrogen(N)\untitled-119.JPG,Nitrogen(N),1.0408940626851872,1.074896036460821,-0.8400597775793018,-0.6268422743968101,-0.77937289723666,1.3959905116029794,0
Nutrient\rice_plant_lacks_nutrients\Nitrogen(N)\untitled-159.JPG,Nitrogen(N),0.8175791914936593,0.7080067990162997,1.0654025287216498,-0.7955949268011807,-0.77937289723666,-0.41624869210068544,0
Nutrient\rice_plant_lacks_nutrients\Nitrogen(N)\untitled-70.JPG,Nitrogen(N),1.496456399915904,1.1213686732037933,0.6207946572514277,-1.2174765578121074,1.2365363067092923,0.7164008102141051,0
Nutrient\rice_plant_lacks_nutrients\Potassium(K)\untitled-215.JPG,Potassium(K),-0.38162166680484566,0.5147784672955187,0.419133229834577,0.2169209876250433,-0.77937289723666,-0.03869885799575529,2
Nutrient\rice_plant_lacks_nutrients\Potassium(K)\untitled-104.JPG,Potassium(K),0.7416521352885391,2.1180844349280767,0.9010564048031927,1.90444751166875,-0.77937289723666,-1.3978782607735039,2
Nutrient\rice_plant_lacks_nutrients\Potassium(K)\untitled-298.JPG,Potassium(K),0.8778742067153725,0.29831381720325073,-0.38751247983282555,0.04816833522067263,-0.77937289723666,0.48987090975114694,2
Nutrient\rice_plant_lacks_nutrients\Phosphorus(P)\IMG_4270.JPG,Phosphorus(P),0.06277492686629528,-0.004981285750886558,0.15236850695244383,1.4825658806578235,-0.77937289723666,-1.171348360310546,1
Nutrient\rice_plant_lacks_nutrients\Phosphorus(P)\IMG_4291.JPG,Phosphorus(P),1.371400072048648,0.8462017451204022,-1.0456909181342795,-0.4580896219924394,0.11658674896154095,-0.7182885593846295,1
Nutrient\rice_plant_lacks_nutrients\Nitrogen(N)\untitled-49.JPG,Nitrogen(N),0.6500930381000134,1.2779080811801224,0.6382613950591863,1.4825658806578235,-0.77937289723666,-1.0958383934895597,0
Nutrient\rice_plant_lacks_nutrients\Phosphorus(P)\IMG_4327.JPG,Phosphorus(P),-0.16277309303714824,-0.46970765318061414,-0.09613553549430547,2.1575764902753063,-0.77937289723666,-1.0958383934895597,1
Nutrient\rice_plant_lacks_nutrients\Nitrogen(N)\untitled-97.JPG,Nitrogen(N),0.05160918330671872,1.7793233723543027,1.7807448362121325,-0.03620799098151271,-0.77937289723666,1.5470104452449513,0
Nutrient\rice_plant_lacks_nutrients\Nitrogen(N)\untitled-297.JPG,Nitrogen(N),0.41561242334890974,-1.038385971219622,-0.3136758154636637,0.385673640029414,-0.77937289723666,-0.2652287584587134,0
Nutrient\rice_plant_lacks_nutrients\Potassium(K)\untitled-209.JPG,Potassium(K),0.42007872077273944,-0.6091255634095323,0.3437086802101641,-0.9643475792055515,1.9085060413579429,0.48987090975114694,2
Nutrient\rice_plant_lacks_nutrients\Nitrogen(N)\untitled-212.JPG,Nitrogen(N),-0.2900625696163192,1.4527919510286784,-1.7832636191982727,1.3138132282534527,-0.77937289723666,-1.171348360310546,0
Nutrient\rice_plant_lacks_nutrients\Nitrogen(N)\untitled-8.JPG,Nitrogen(N),0.7282532430170485,0.21637522084064073,1.945090960130589,-0.4580896219924394,1.4605262182588423,0.8674207438560771,0
Nutrient\rice_plant_lacks_nutrients\Potassium(K)\untitled-371.JPG,Potassium(K),1.6684088507333812,0.606500776656649,-0.9520056880744827,1.7356948592643795,-0.33139307413755953,-1.0958383934895597,2
Nutrient\rice_plant_lacks_nutrients\Phosphorus(P)\IMG_4585.JPG,Phosphorus(P),-1.3776059923190596,0.4316169068080939,-0.1191598716954419,1.7356948592643795,-0.77937289723666,-1.171348360310546,1
Nutrient\rice_plant_lacks_nutrients\Potassium(K)\untitled-248.JPG,Potassium(K),0.5719328331829784,0.9061269872363418,-1.7260997500092443,1.7356948592643795,0.11658674896154095,-1.2468583271315319,2
Nutrient\rice_plant_lacks_nutrients\Nitrogen(N)\untitled-19.JPG,Nitrogen(N),-0.6451332148108485,0.876775848240779,0.5207578861706279,-0.7955949268011807,1.9085060413579429,-0.34073872527969945,0
Nutrient\rice_plant_lacks_nutrients\Potassium(K)\untitled-138.JPG,Potassium(K),0.41561242334890974,1.5897639330079654,1.3488400467839163,1.398189554455638,-0.1074031625880093,-1.3978782607735039,2
Nutrient\rice_plant_lacks_nutrients\Nitrogen(N)\untitled-173.JPG,Nitrogen(N),-0.2989951644639801,-0.1480680883542501,1.700556630821967,-0.3737132957902541,-0.77937289723666,1.2449705779610072,0
Nutrient\rice_plant_lacks_nutrients\Nitrogen(N)\untitled-45.JPG,Nitrogen(N),-0.4687144665695417,-0.5614299625417445,-0.6796833667989715,-0.7112186005989954,-0.77937289723666,-0.4917586589216715,0
Nutrient\rice_plant_lacks_nutrients\Phosphorus(P)\IMG_5434-23.JPG,Phosphorus(P),-1.7996710988710474,-1.7611577689853286,2.097527944634665,-0.8799712530033661,0.11658674896154095,-0.7182885593846295,1
Nutrient\rice_plant_lacks_nutrients\Nitrogen(N)\untitled-288.JPG,Nitrogen(N),-0.2163686621231146,0.6407437721514712,1.6735625814827033,1.651318533062194,-0.77937289723666,-1.3978782607735039,0
Nutrient\rice_plant_lacks_nutrients\Potassium(K)\untitled-17.JPG,Potassium(K),-0.38385481551676054,-1.5874968632615893,1.7831266640950088,-0.7112186005989954,-0.77937289723666,-0.4917586589216715,2
Nutrient\rice_plant_lacks_nutrients\Potassium(K)\untitled-55.JPG,Potassium(K),-1.0828303623462434,-1.0175955810977657,1.5917864908372878,-0.5424659481946248,-0.77937289723666,-0.9448184598475877,2
Nutrient\rice_plant_lacks_nutrients\Potassium(K)\untitled-325.JPG,Potassium(K),0.980599047463474,1.343948143920137,0.9415474788120878,-1.2174765578121074,0.3405766605110912,0.791910777035091,2
Nutrient\rice_plant_lacks_nutrients\Nitrogen(N)\untitled-114.JPG,Nitrogen(N),-1.1922546492300918,-1.126439388206307,-0.3636942010040639,0.2169209876250433,-0.77937289723666,0.03681110882523075,0
Nutrient\rice_plant_lacks_nutrients\Phosphorus(P)\IMG_3799.JPG,Phosphorus(P),-0.7232934197278829,0.2542871087099082,-0.19379047869222898,0.8075552710403406,-0.1074031625880093,-0.18971879163772737,1
Nutrient\rice_plant_lacks_nutrients\Nitrogen(N)\untitled-276.JPG,Nitrogen(N),-1.355274505199907,-0.8292591058762447,1.4893678918736117,-1.0487239054077369,-0.5553829856871098,-0.34073872527969945,0
Nutrient\rice_plant_lacks_nutrients\Phosphorus(P)\IMG_4105.JPG,Phosphorus(P),-1.7751064630399793,0.24205746746175733,-0.4780219393821208,0.2169209876250433,0.11658674896154095,0.1878310424672028,1
Nutrient\rice_plant_lacks_nutrients\Potassium(K)\untitled-13.JPG,Potassium(K),1.835895004127027,1.0846797494593414,1.1249482257935546,0.5544262924337847,-0.33139307413755953,0.11232107564621678,2
Nutrient\rice_plant_lacks_nutrients\Potassium(K)\untitled-312.JPG,Potassium(K),1.4339282359822758,1.5102712648949868,-0.5367736938264003,-0.12058431718369804,-0.5553829856871098,1.2449705779610072,2
Nutrient\rice_plant_lacks_nutrients\Potassium(K)\untitled-318.JPG,Potassium(K),-0.046649360017553834,-0.09181173861275671,1.317876284306526,-0.6268422743968101,-0.77937289723666,-0.7182885593846295,2
Nutrient\rice_plant_lacks_nutrients\Nitrogen(N)\untitled-1.JPG,Nitrogen(N),-0.9689397780385638,-0.8818465632432928,-0.44308846376660355,1.5669422068600087,-0.77937289723666,-1.3978782607735039,0
Nutrient\rice_plant_lacks_nutrients\Nitrogen(N)\untitled-309.JPG,Nitrogen(N),-0.8706812347142913,0.8107357855007661,0.5255215419363805,-0.7112186005989954,-0.77937289723666,-0.7182885593846295,0
Nutrient\rice_plant_lacks_nutrients\Potassium(K)\untitled-241.JPG,Potassium(K),-0.08237973940819833,-0.18353404797388706,2.097527944634665,-0.8799712530033661,0.7885564836101917,1.0184406774980492,2
Nutrient\rice_plant_lacks_nutrients\Potassium(K)\untitled-33.JPG,Potassium(K),0.5384356025042495,-0.25446596721316095,-0.9996422457320066,-0.8799712530033661,-0.77937289723666,1.3204805447819934,2
Nutrient\rice_plant_lacks_nutrients\Potassium(K)\untitled-297.JPG,Potassium(K),0.6366941458285212,0.3484553463206691,0.7065404610349704,-0.5424659481946248,2.020500997132718,-0.7937985262056156,2
Nutrient\rice_plant_lacks_nutrients\Nitrogen(N)\untitled-263.JPG,Nitrogen(N),0.7260200943051337,0.8498706374948476,2.071327837923027,-0.5424659481946248,2.020500997132718,0.640890843393119,0
Nutrient\rice_plant_lacks_nutrients\Nitrogen(N)\untitled-57.JPG,Nitrogen(N),-0.879613829561953,-0.16396662197684633,1.1225663979106784,1.4825658806578235,-0.77937289723666,-1.2468583271315319,0
Nutrient\rice_plant_lacks_nutrients\Nitrogen(N)\untitled-115.JPG,Nitrogen(N),-0.522310035655508,-0.6372537382802785,1.700556630821967,1.7356948592643795,-0.77937289723666,-1.3978782607735039,0
Nutrient\rice_plant_lacks_nutrients\Phosphorus(P)\IMG_4280.JPG,Phosphorus(P),-0.9466082909194107,-1.0775208232137043,-0.19855413445798156,-1.3018528840142929,2.020500997132718,-0.11420882481674133,1
Nutrient\rice_plant_lacks_nutrients\Nitrogen(N)\untitled-43.JPG,Nitrogen(N),0.5339693050804182,0.4218331938095727,-0.7209683834354923,-0.5424659481946248,-0.5553829856871098,1.9245602793498815,0
Nutrient\rice_plant_lacks_nutrients\Nitrogen(N)\untitled-152.JPG,Nitrogen(N),0.37094944911060357,0.34111756157177836,-0.7606655148167621,-0.2893369695880687,-0.77937289723666,1.3959905116029794,0
Nutrient\rice_plant_lacks_nutrients\Phosphorus(P)\IMG_4605.JPG,Phosphorus(P),-1.3262435719450087,0.05738988461468183,-1.083006221632673,-0.7955949268011807,2.020500997132718,0.03681110882523075,1
Nutrient\rice_plant_lacks_nutrients\Phosphorus(P)\IMG_5445-34.JPG,Phosphorus(P),0.5451350486399956,0.5294540367932993,-0.5788526530905465,0.5544262924337847,-0.5553829856871098,0.4143609429301609,1
Nutrient\rice_plant_lacks_nutrients\Potassium(K)\untitled-19.JPG,Potassium(K),1.677341445581042,0.6077237407814647,1.1011299469647928,-0.3737132957902541,-0.77937289723666,1.5470104452449513,2
Nutrient\rice_plant_lacks_nutrients\Nitrogen(N)\untitled-273.JPG,Nitrogen(N),-1.730443488801674,-1.6523139618767873,-0.8297385234201714,1.651318533062194,-0.77937289723666,-1.0958383934895597,0
Nutrient\rice_plant_lacks_nutrients\Nitrogen(N)\untitled-165.JPG,Nitrogen(N),-0.745624906847036,-0.7595501507617857,-0.7606655148167621,1.9888238378709355,-0.77937289723666,-1.3978782607735039,0
Nutrient\rice_plant_lacks_nutrients\Phosphorus(P)\IMG_4305-31.JPG,Phosphorus(P),0.8332112324770664,0.13443662447803162,-0.2811241677310227,-0.4580896219924394,-0.77937289723666,1.6225204120659376,1
Nutrient\rice_plant_lacks_nutrients\Nitrogen(N)\untitled-3.JPG,Nitrogen(N),0.272690905786331,-0.4966128639265456,1.0495236761691416,-0.7955949268011807,-0.77937289723666,1.2449705779610072,0
Nutrient\rice_plant_lacks_nutrients\Nitrogen(N)\untitled-176.JPG,Nitrogen(N),1.0408940626851872,0.952599623979314,-1.237031091392,-0.8799712530033661,0.7885564836101917,0.9429307106770631,0
Nutrient\rice_plant_lacks_nutrients\Phosphorus(P)\IMG_4113.JPG,Phosphorus(P),-0.21190236469928414,-0.7253071552669635,-0.2747726267100197,-0.12058431718369804,-0.77937289723666,0.1878310424672028,1
Nutrient\rice_plant_lacks_nutrients\Phosphorus(P)\IMG_4263-6.JPG,Phosphorus(P),-0.42405149233123546,-0.4868291509280252,-0.7892474494112763,0.47004996623159934,-0.77937289723666,-0.11420882481674133,1
Nutrient\rice_plant_lacks_nutrients\Nitrogen(N)\untitled-406.JPG,Nitrogen(N),1.710838676259771,0.24694932396101751,-1.3704134528330667,-0.7955949268011807,0.11658674896154095,1.4715004784239654,0
Nutrient\rice_plant_lacks_nutrients\Potassium(K)\untitled-176.JPG,Potassium(K),0.5830985767425557,-1.2585195136863345,-0.8495870891108064,-0.8799712530033661,2.020500997132718,-0.5672686257426576,2
Nutrient\rice_plant_lacks_nutrients\Potassium(K)\untitled-244.JPG,Potassium(K),-0.33695869256654026,0.008471319622079155,0.44930304968434226,1.2294369020512674,-0.77937289723666,-1.3978782607735039,2
Nutrient\rice_plant_lacks_nutrients\Nitrogen(N)\untitled-398.JPG,Nitrogen(N),0.3620168542629426,-1.232837267065218,0.6986010347587168,-0.8799712530033661,-0.77937289723666,1.4715004784239654,0
Nutrient\rice_plant_lacks_nutrients\Nitrogen(N)\untitled-188.JPG,Nitrogen(N),-0.2989951644639801,-0.1480680883542501,1.0654025287216498,-0.5424659481946248,-0.77937289723666,-0.6427785925636436,0
Nutrient\rice_plant_lacks_nutrients\Potassium(K)\untitled-52.JPG,Potassium(K),1.1101216727545613,2.2330430626606934,0.22382334343872942,-1.0487239054077369,1.6845161298083926,0.791910777035091,2
Nutrient\rice_plant_lacks_nutrients\Phosphorus(P)\IMG_4307.JPG,Phosphorus(P),-0.7344591632874594,0.5062177184218132,1.2059303738113452,-0.9643475792055515,2.020500997132718,-0.41624869210068544,1
Nutrient\rice_plant_lacks_nutrients\Nitrogen(N)\untitled-160.JPG,Nitrogen(N),-1.1922546492300918,-1.126439388206307,-0.2842999382415242,-1.0487239054077369,2.020500997132718,-0.18971879163772737,0
Nutrient\rice_plant_lacks_nutrients\Nitrogen(N)\untitled-55.JPG,Nitrogen(N),-0.2878294209044036,-0.8818465632432928,0.7605285597134973,0.04816833522067263,-0.77937289723666,-0.2652287584587134,0
Nutrient\rice_plant_lacks_nutrients\Potassium(K)\untitled-359.JPG,Potassium(K),-0.12480956493458813,-0.17375033497536668,0.16824735950495198,-0.9643475792055515,1.2365363067092923,0.791910777035091,2
Nutrient\rice_plant_lacks_nutrients\Potassium(K)\untitled-108.JPG,Potassium(K),0.3218201774484677,0.8694380634918882,1.4973073181498653,0.04816833522067263,-0.77937289723666,0.2633410092881888,2
Nutrient\rice_plant_lacks_nutrients\Nitrogen(N)\untitled-123.JPG,Nitrogen(N),0.37094944911060357,0.34111756157177836,-1.0782425658669208,1.651318533062194,-0.77937289723666,-1.3978782607735039,0
Nutrient\rice_plant_lacks_nutrients\Phosphorus(P)\IMG_4345.JPG,Phosphorus(P),-0.9734060754623943,0.4499613686803198,1.392506891303313,-0.6268422743968101,0.3405766605110912,1.1694606111400212,1
Nutrient\rice_plant_lacks_nutrients\Phosphorus(P)\IMG_4275-10.JPG,Phosphorus(P),0.5674665357591486,1.361069641667548,-1.156842886001835,-0.9643475792055515,-0.77937289723666,1.6980303788869235,1
Nutrient\rice_plant_lacks_nutrients\Potassium(K)\untitled-317.JPG,Potassium(K),-0.046649360017553834,0.49887993367292244,-0.9893209915728762,-1.4706055364186634,2.020500997132718,-0.4917586589216715,2
Nutrient\rice_plant_lacks_nutrients\Potassium(K)\untitled-86.JPG,Potassium(K),-0.7478580555589516,-1.7709414819838498,0.6604917886326975,-1.0487239054077369,-0.77937289723666,-0.03869885799575529,2
Nutrient\rice_plant_lacks_nutrients\Phosphorus(P)\IMG_4261.JPG,Phosphorus(P),1.494223251203989,1.3182658972990196,-0.0659657156445402,1.7356948592643795,-0.77937289723666,-1.3978782607735039,1
Nutrient\rice_plant_lacks_nutrients\Nitrogen(N)\untitled-111.JPG,Nitrogen(N),-0.9689397780385638,-0.8818465632432928,-0.9988483031043811,-0.3737132957902541,-0.77937289723666,1.6980303788869235,0
Nutrient\rice_plant_lacks_nutrients\Potassium(K)\untitled-194.JPG,Potassium(K),2.0011480088087565,1.5237238702679523,-0.03262012528427341,1.4825658806578235,-0.1074031625880093,-1.3978782607735039,2
Nutrient\rice_plant_lacks_nutrients\Nitrogen(N)\untitled-52.JPG,Nitrogen(N),-0.02431787289840073,1.337833323296062,-1.3799407643645714,0.04816833522067263,-0.77937289723666,1.0939506443190352,0
Nutrient\rice_plant_lacks_nutrients\Potassium(K)\untitled-10.JPG,Potassium(K),-1.1274933365845488,0.27752342708139427,-1.2600554275931364,-0.9643475792055515,0.5645665720606414,1.0184406774980492,2
Nutrient\rice_plant_lacks_nutrients\Phosphorus(P)\IMG_4603.JPG,Phosphorus(P),2.0257126446398246,0.524562180294039,-0.15091757680045764,-0.12058431718369804,-0.77937289723666,-0.6427785925636436,1
Nutrient\rice_plant_lacks_nutrients\Nitrogen(N)\untitled-150.JPG,Nitrogen(N),-0.2989951644639801,-0.1480680883542501,-0.5224827265291432,-0.8799712530033661,-0.77937289723666,-0.2652287584587134,0
Nutrient\rice_plant_lacks_nutrients\Potassium(K)\untitled-382.JPG,Potassium(K),0.5630002383353174,0.23227375446323698,-0.43276720960747317,0.5544262924337847,-0.77937289723666,-0.03869885799575529,2
Nutrient\rice_plant_lacks_nutrients\Nitrogen(N)\untitled-169.JPG,Nitrogen(N),-0.745624906847036,-0.7595501507617857,1.2241910542467291,-0.7112186005989954,-0.77937289723666,-0.2652287584587134,0
Nutrient\rice_plant_lacks_nutrients\Phosphorus(P)\IMG_4582.JPG,Phosphorus(P),1.0721581446520012,1.2913606865530882,-0.9940846473386288,-0.03620799098151271,-0.77937289723666,0.11232107564621678,1
Nutrient\rice_plant_lacks_nutrients\Potassium(K)\untitled-136.JPG,Potassium(K),2.0413446856232316,2.4959803494959343,0.11267137557117402,1.651318533062194,-0.77937289723666,-1.3223682939525179,2
Nutrient\rice_plant_lacks_nutrients\Nitrogen(N)\untitled-166.JPG,Nitrogen(N),0.5942643203021315,0.5857103865347926,-0.9988483031043811,-0.4580896219924394,-0.77937289723666,1.5470104452449513,0
Nutrient\rice_plant_lacks_nutrients\Potassium(K)\untitled-231.JPG,Potassium(K),-1.357507653911822,0.3264419920739978,1.7569265573833697,-1.0487239054077369,0.11658674896154095,-0.6427785925636436,2
Nutrient\rice_plant_lacks_nutrients\Potassium(K)\untitled-42.JPG,Potassium(K),1.0051636832945436,-0.4330187294361615,-1.8721851934923173,1.90444751166875,-0.77937289723666,-1.3978782607735039,2
Nutrient\rice_plant_lacks_nutrients\Nitrogen(N)\untitled-36.JPG,Nitrogen(N),-1.2480833670279736,-1.700009562744575,0.4858244105551106,0.385673640029414,-0.77937289723666,0.33885097610917486,0
Nutrient\rice_plant_lacks_nutrients\Nitrogen(N)\untitled-354.JPG,Nitrogen(N),-1.1989540953658377,0.003579463122818975,0.30798126196702164,0.63880261863597,-0.77937289723666,0.1878310424672028,0
Nutrient\rice_plant_lacks_nutrients\Nitrogen(N)\untitled-29.JPG,Nitrogen(N),0.47144114114679175,0.1258758756043261,0.9796567249381071,-0.7112186005989954,0.3405766605110912,0.9429307106770631,0
Nutrient\rice_plant_lacks_nutrients\Nitrogen(N)\untitled-334.JPG,Nitrogen(N),-0.013152129338824174,1.232658408561966,0.7605285597134973,1.7356948592643795,-0.5553829856871098,-1.2468583271315319,0
Nutrient\rice_plant_lacks_nutrients\Potassium(K)\untitled-320.JPG,Potassium(K),-0.823785111764071,-0.2838171062087229,0.536636738723136,-1.0487239054077369,2.020500997132718,0.03681110882523075,2
Nutrient\rice_plant_lacks_nutrients\Phosphorus(P)\IMG_4134.JPG,Phosphorus(P),0.19453070086929672,-0.31928306582835986,-0.7582836869338858,-0.03620799098151271,-0.33139307413755953,1.6225204120659376,1
Nutrient\rice_plant_lacks_nutrients\Potassium(K)\untitled-271.JPG,Potassium(K),-1.1989540953658377,-0.24101336184019526,1.0407903072652624,-0.8799712530033661,-0.77937289723666,1.0939506443190352,2
Nutrient\rice_plant_lacks_nutrients\Nitrogen(N)\untitled-385.JPG,Nitrogen(N),1.2910067184196978,1.5848720765087059,-0.808302072474286,-0.7955949268011807,-0.77937289723666,1.3959905116029794,0
Nutrient\rice_plant_lacks_nutrients\Nitrogen(N)\untitled-193.JPG,Nitrogen(N),-1.0604988752270903,0.53679182154219,0.21826574504535162,-0.6268422743968101,-0.77937289723666,-0.5672686257426576,0
Nutrient\rice_plant_lacks_nutrients\Potassium(K)\untitled-21.JPG,Potassium(K),-0.823785111764071,-0.34251938419984684,1.8283813938696558,-0.3737132957902541,-0.77937289723666,-0.41624869210068544,2
Nutrient\rice_plant_lacks_nutrients\Nitrogen(N)\untitled-241.JPG,Nitrogen(N),1.0297283191256115,0.6994460501425951,1.5123922280747482,1.0606842496468967,-0.5553829856871098,-1.3978782607735039,0
Nutrient\rice_plant_lacks_nutrients\Nitrogen(N)\untitled-104.JPG,Nitrogen(N),-1.1922546492300918,-1.126439388206307,1.6211623680594274,-0.7955949268011807,-0.77937289723666,-0.6427785925636436,0
Nutrient\rice_plant_lacks_nutrients\Potassium(K)\untitled-27.JPG,Potassium(K),0.21016274185270373,0.05127506399060682,1.0487297335415164,-0.7112186005989954,1.4605262182588423,-0.18971879163772737,2
Nutrient\rice_plant_lacks_nutrients\Potassium(K)\untitled-233.JPG,Potassium(K),-1.4512998998122641,0.2738545347069498,-1.8721851934923173,-0.8799712530033661,1.9085060413579429,1.1694606111400212,2
Nutrient\rice_plant_lacks_nutrients\Potassium(K)\untitled-246.JPG,Potassium(K),1.431695087270361,1.3109281125501306,-0.07549302717604475,-0.7955949268011807,0.11658674896154095,1.4715004784239654,2
Nutrient\rice_plant_lacks_nutrients\Phosphorus(P)\IMG_4347.JPG,Phosphorus(P),-0.8550491937308843,0.1650107275984084,-0.6201376697270667,-0.7112186005989954,-0.77937289723666,-0.7182885593846295,1
Nutrient\rice_plant_lacks_nutrients\Nitrogen(N)\untitled-294.JPG,Nitrogen(N),-0.32802609771887853,-1.137446065329643,-0.6796833667989715,0.13254466142285798,-0.77937289723666,0.33885097610917486,0
Nutrient\rice_plant_lacks_nutrients\Phosphorus(P)\IMG_4337.JPG,Phosphorus(P),0.4357107617561465,0.3790294494410459,-0.821799097143918,1.7356948592643795,0.11658674896154095,-1.3223682939525179,1
Nutrient\rice_plant_lacks_nutrients\Phosphorus(P)\IMG_4323.JPG,Phosphorus(P),0.9761327500396444,-0.6274700252817582,0.1992111219823425,-0.6268422743968101,-0.77937289723666,-0.4917586589216715,1
Nutrient\rice_plant_lacks_nutrients\Nitrogen(N)\untitled-228.JPG,Nitrogen(N),-0.2520990415137591,0.6113926331559083,0.9026442900584437,-0.9643475792055515,1.6845161298083926,0.9429307106770631,0
Nutrient\rice_plant_lacks_nutrients\Potassium(K)\untitled-307.JPG,Potassium(K),1.599181240664007,2.407926932509249,0.9209049704938276,-1.2174765578121074,1.4605262182588423,0.640890843393119,2
Nutrient\rice_plant_lacks_nutrients\Phosphorus(P)\IMG_4127.JPG,Phosphorus(P),0.3396853671437895,-0.8855154556177381,1.5036588591708688,-1.1331002316099221,1.6845161298083926,1.0939506443190352,1
Nutrient\rice_plant_lacks_nutrients\Potassium(K)\untitled-80.JPG,Potassium(K),-1.0069033061411239,-2.0436624818176106,1.3289914810932815,-0.9643475792055515,-0.1074031625880093,-1.0203284266685737,2
Nutrient\rice_plant_lacks_nutrients\Nitrogen(N)\untitled-254.JPG,Nitrogen(N),-0.38608796422867614,0.3680227723177098,-0.1628267162148385,-0.8799712530033661,2.020500997132718,-0.03869885799575529,0
